item,price,price_src,ah_value,units_per_day,trades_per_day,pull,capture,thinness,corner_cost,bid_change_pct,bid_now,top_outputs
stick,5.0,orders,313.0,466981,8234,48063383983,9612676796.6,102924,2334905,,,"powered_rail(10,483,440,000); white_banner(3,096,320,000); black_banner(2,286,250,000)"
ender_eye,10.0,orders,3109.0,94772,2025,14210873000,1421087300.0,149948,947720,,,"end_crystal(11,643,555,000); ender_chest(2,567,318,000)"
flint,5.1,orders,1563.0,46833,1749,5692757750,1116227009.8,121554,238848,,,"fletching_table(460,355,000); fletching_table(460,355,000); fletching_table(460,355,000)"
soul_sand,85.0,orders,781.0,282456,12778,48691101250,572836485.3,172385,24008760,63.5,85,"soul_campfire(1,128,000,000); soul_campfire(1,128,000,000); soul_campfire(1,128,000,000)"
bookshelf,50.0,orders,16900.0,139465,9926,23524200000,470484000.0,168675,6973250,,,"lectern(1,960,350,000); lectern(1,960,350,000); lectern(1,960,350,000)"
wither_rose,1.0,orders,30000.0,27363,967,402773509,402773509.0,14720,27363,,,"black_dye(384,963,509); suspicious_stew(17,810,000)"
cobbled_deepslate,10.0,orders,313.0,662928,10773,2505807243,250580724.3,3780,6629280,,,"silence_armor_trim_smithing_template(2,280,120,795); ward_armor_trim_smithing_template(125,685,000); brewing_stand(48,588,981)"
mud,1.0,orders,3031.0,232764,4212,212127655,212127655.0,911,232764,,,"packed_mud(209,880,256); muddy_mangrove_roots(2,247,399)"
furnace,95.3,ah,156.0,452920,8022,18881142384,198102427.7,41688,43167805,,,"smoker(423,644,562); smoker(423,644,562); smoker(423,644,562)"
black_wool,30.0,orders,2969.0,183946,3041,5769540014,192318000.5,31365,5518380,,,"painting(716,800,000); light_blue_wool(520,294,951); red_wool(512,787,492)"
stone,14.0,orders,547.0,737837,11820,2497190700,178370764.3,3384,10329718,,,"repeater(1,201,825,000); comparator(815,520,000); stone_button(232,486,074)"
iron_ingot,170.0,orders,677.0,614588,12891,24426177400,143683396.5,39744,104479960,,,"piston(1,420,705,368); piston(1,420,705,368); piston(1,420,705,368)"
cornflower,1.0,orders,4170.0,9960,592,141144426,141144426.0,14171,9960,,,"blue_dye(123,334,426); suspicious_stew(17,810,000)"
slime_ball,40.0,orders,469.0,107749,1882,4891629590,122290739.8,45398,4309960,,,"sticky_piston(3,430,217,598); slime_block(1,327,385,000); magma_cream(134,026,992)"
brown_mushroom,10.0,orders,469.0,32223,1172,1108483315,110848331.5,34400,322230,,,"fermented_spider_eye(807,949,315); suspicious_stew(17,810,000); suspicious_stew(17,810,000)"
spruce_planks,32.0,orders,156.0,453483,7303,3374238385,105444949.5,7441,14511456,,,"piston(473,568,456); bookshelf(392,826,417); loom(305,717,500)"
redstone,360.9,ah,467.0,727721,17641,36984198416,102483369.6,50822,262619954,,,"powered_rail(10,483,440,000); repeater(3,605,475,000); piston(1,420,705,368)"
tuff,1.0,orders,750.0,208020,3465,90119733,90119732.8,433,208020,,,"polished_tuff(58,739,062); tuff_slab(14,588,125); tuff_wall(9,128,973)"
apple,90.0,orders,2813.0,210916,3801,7200133416,80001482.4,34137,18982440,,,"golden_apple(7,200,133,416)"
string,72.0,orders,625.0,167401,3226,4763407649,66158439.6,28455,12052872,,,"bundle(412,335,000); loom(305,717,500); loom(305,717,500)"
oak_planks,52.0,orders,305.0,197728,3226,3432755795,66014534.5,17361,10281856,,,"oak_fence_gate(477,698,438); piston(473,568,456); bookshelf(392,826,417)"
glowstone_dust,10.0,orders,781.0,95056,2295,617056937,61705693.7,6492,950560,,,"glowstone(600,992,626); spectral_arrow(16,064,311)"
acacia_planks,45.0,orders,430.0,13690,237,2738369254,60852650.1,200027,616050,,,"piston(473,568,456); bookshelf(392,826,417); loom(305,717,500)"
azure_bluet,1.0,orders,1133.0,5219,230,60535595,60535595.0,11599,5219,,,"light_gray_dye(42,725,595); suspicious_stew(17,810,000)"
coal,200.0,orders,623.0,400411,6826,11358425950,56792129.8,28367,80082200,,,"torch(317,278,598); campfire(252,861,262); campfire(252,861,262)"
stone_bricks,5.0,orders,469.0,504609,7949,242916022,48583204.5,481,2523045,,,"mossy_stone_bricks(75,025,926); mossy_stone_bricks(75,025,926); stone_brick_slab(45,513,448)"
tripwire_hook,51.0,orders,1547.0,90120,3150,2476200000,48552941.2,27477,4596120,,,"trapped_chest(2,476,200,000)"
honeycomb,100.0,orders,1555.0,104145,1877,4832969462,48329694.6,46406,10414500,,,"waxed_oxidized_copper_trapdoor(855,900,000); waxed_weathered_copper(503,550,000); waxed_oxidized_copper(416,319,118)"
crafting_table,25.0,orders,625.0,383443,13912,1206720552,48268822.1,3147,9586075,,,"crafter(1,206,720,552)"
cobblestone,131.4,ah,155.0,837194,13874,6244631736,47538304.9,7459,109973804,,,"coast_armor_trim_smithing_template(459,000,000); diorite(437,003,180); piston(355,176,342)"
gunpowder,47.0,orders,266.0,252431,5054,1975098437,42023371.0,7824,11864257,,,"tnt(681,079,846); tnt(681,079,846); firework_rocket(582,951,028)"
black_dye,90.0,orders,2969.0,129661,3101,3307521513,36750239.0,25509,11669490,,,"black_stained_glass(1,084,975,000); black_wool(546,135,674); black_terracotta(415,914,554)"
gravel,10.0,orders,430.0,165594,2915,356871632,35687163.2,2155,1655940,,,"purple_concrete_powder(72,477,652); red_concrete_powder(45,064,572); white_concrete_powder(31,192,079)"
allium,1.0,orders,1000.0,5157,184,33376495,33376495.0,6472,5157,,,"suspicious_stew(17,810,000); magenta_dye(15,566,495)"
torch,10.0,orders,547.0,580034,10737,324788248,32478824.8,560,5800340,,,"lantern(204,788,248); jack_o_lantern(120,000,000)"
moss_block,8.1,orders,188.0,494994,7930,224737032,27745312.5,454,4009451,,,"mossy_cobblestone(100,759,934); mossy_stone_bricks(75,025,926); moss_carpet(48,951,172)"
prismarine_shard,23.0,orders,1172.0,13677,241,608017147,26435528.1,44455,314571,,,"sea_lantern(433,692,188); prismarine(100,051,834); prismarine_bricks(39,227,090)"
white_wool,103.0,orders,1563.0,274007,5798,2506081758,24330890.9,9146,28222721,,,"painting(716,800,000); white_banner(516,053,333); white_carpet(288,888,424)"
smooth_stone_slab,15.1,orders,391.0,222467,3557,353787007,23429603.1,1590,3359252,,,"armor_stand(353,787,007)"
dark_oak_wood,25.0,orders,15625.0,5317,89,566198228,22647929.1,106488,132925,,,"soul_campfire(376,000,000); smoker(105,911,140); campfire(84,287,087)"
prismarine_bricks,1.5,orders,3906.0,90385,1542,33137807,21945567.3,367,136481,,,"prismarine_brick_stairs(23,127,390); prismarine_brick_slab(10,010,417)"
blue_wool,70.0,orders,4688.0,66517,1139,1519369723,21705281.8,22842,4656190,,,"painting(716,800,000); black_wool(546,135,674); blue_carpet(117,453,349)"
gold_ingot,600.0,orders,2813.0,196989,5897,12686425743,21144042.9,64402,118193400,,,"netherite_ingot(9,318,000,000); powered_rail(1,747,240,000); golden_apple(900,016,677)"
cyan_dye,50.0,orders,2328.0,68518,1278,1016049078,20316918.2,14829,3426585,,,"cyan_terracotta(329,765,625); cyan_stained_glass(156,912,190); cyan_candle(147,658,400)"
chest,558.2,ah,781.0,717651,21030,11165927700,20002378.4,15559,400614318,,,"hopper(5,439,800,000); trapped_chest(2,476,200,000); shulker_box(1,308,527,700)"
paper,103.0,orders,625.0,494320,8072,2044927337,19853663.5,4137,50914960,,,"map(682,587,309); firework_rocket(582,951,028); skull_banner_pattern(67,500,000)"
red_dye,156.0,ah,156.0,330375,5429,3024328644,19386722.1,9154,51538500,,,"red_wool(512,787,492); red_stained_glass(506,922,328); red_carpet(476,285,535)"
glass,280.0,orders,688.0,806810,17610,5256737416,18774062.2,6515,225906800,,,"end_crystal(1,663,365,000); beacon(1,595,300,000); tinted_glass(181,859,504)"
blaze_powder,30.0,orders,859.0,111079,1883,554077719,18469257.3,4988,3332370,,,"ender_eye(294,646,148); magma_cream(134,026,992); brewing fuel for every potion(95,416,861)"
lime_dye,50.0,orders,1875.0,115827,1837,911805396,18236107.9,7872,5791350,,,"lime_stained_glass(250,181,541); lime_wool(175,146,875); lime_terracotta(168,856,250)"
birch_planks,156.2,ah,1016.0,39042,693,2844998253,18207988.8,72870,6100312,,,"piston(473,568,456); bookshelf(392,826,417); loom(305,717,500)"
candle,100.0,orders,1094.0,29622,836,1774172642,17741726.4,59894,2962200,,,"purple_candle(550,956,000); yellow_candle(328,100,000); cyan_candle(147,658,400)"
quartz,310.0,orders,12500.0,161932,3110,4841611646,15618102.1,29899,50198920,,,"comparator(2,446,560,000); observer(1,075,014,024); diorite(437,003,180)"
redstone_torch,203.0,orders,0.0,0,0,2806388750,13824575.1,2806388750,0,,,"repeater(1,802,737,500); comparator(815,520,000); activator_rail(188,131,250)"
bow,70.0,orders,0.0,23823,23823,856242000,12232028.6,35942,1667610,,,"dispenser(856,242,000)"
jungle_planks,250.0,ah,250.0,26040,443,2867726899,11470907.6,110128,6510000,,,"piston(473,568,456); bookshelf(392,826,417); loom(305,717,500)"
deepslate_tiles,5.0,orders,0.0,0,0,56835017,11367003.5,56835017,0,,,"deepslate_tile_slab(24,489,084); deepslate_tile_stairs(20,965,032); deepslate_tile_wall(11,380,901)"
nether_wart,52.0,orders,1703.0,221178,3899,590407216,11353984.9,2669,11501256,,,"base of every potion(376,666,134); red_nether_bricks(211,339,906); nether_wart_block(2,401,176)"
acacia_wood,50.0,orders,7656.0,2420,44,566198228,11323964.6,233966,121000,,,"soul_campfire(376,000,000); smoker(105,911,140); campfire(84,287,087)"
oak_wood,50.9,orders,3281.0,27104,442,566198228,11123737.3,20890,1379594,,,"soul_campfire(376,000,000); smoker(105,911,140); campfire(84,287,087)"
spruce_slab,93.8,ah,155.0,598430,9551,1028400452,10969604.8,1718,56102812,,,"lectern(490,087,500); barrel(332,685,738); composter(87,348,214)"
item_frame,33.0,orders,4688.0,331371,15166,359242400,10886133.3,1084,10935243,,,"glow_item_frame(359,242,400)"
egg,28.0,orders,1250.0,166002,10548,289685775,10345920.5,1745,4648056,,,"cake(271,200,000); pumpkin_pie(18,485,775)"
acacia_slab,109.4,ah,156.0,1984,40,1028400452,9402088.6,518347,217010,,,"lectern(490,087,500); barrel(332,685,738); composter(87,348,214)"
andesite,11.0,orders,1563.0,96696,1683,100287464,9117042.2,1037,1063656,,,"polished_andesite(57,257,951); andesite_wall(19,350,952); andesite_stairs(15,731,804)"
spruce_log,72.0,orders,328.0,889378,15463,649790217,9024864.1,731,64035216,-5.3,72,"soul_campfire(376,000,000); smoker(105,911,140); campfire(84,287,087)"
bamboo,14.0,orders,93.8,350849,5824,125584306,8970307.5,358,4911886,-12.5,14,"stick(73,082,526); scaffolding(43,709,391); bamboo_block(8,792,388)"
glowstone,430.0,orders,8333.0,288488,10157,3813263076,8868053.7,13218,124049840,,,"respawn anchors + potion II(2,403,970,504); respawn_anchor(1,198,552,908); redstone_lamp(210,739,664)"
jungle_log,66.0,orders,703.0,47753,1115,585115272,8865382.9,12253,3151698,,,"soul_campfire(376,000,000); smoker(105,911,140); campfire(84,287,087)"
melon_slice,10.0,orders,469.0,83226,1525,81802971,8180297.1,983,832260,,,"glistering_melon_slice(61,549,443); melon_seeds(14,043,555); melon(6,209,973)"
rabbit_hide,13.1,orders,2333.0,865,167,103226380,7879876.3,119337,11332,,,"leather(103,226,380)"
compass,700.0,orders,0.0,20766,2260,5510263469,7871805.0,265350,14536200,,,"map(5,460,698,469); recovery_compass(49,565,000)"
pink_dye,140.6,ah,188.0,162208,2624,1072838334,7629343.9,6614,22809689,,,"pink_terracotta(377,984,375); pink_carpet(182,381,952); pink_wool(141,147,880)"
oak_log,85.1,orders,625.0,292085,5428,648737324,7626820.2,2221,24844750,,,"soul_campfire(376,000,000); smoker(105,911,140); campfire(84,287,087)"
leather,283.0,orders,1719.0,240201,5488,2055048296,7261654.8,8556,67976883,,,"item_frame(1,553,467,248); bundle(412,335,000); orange_harness(21,000,000)"
carrot,90.0,orders,1406.0,475252,7649,644824744,7164719.4,1357,42772680,,,"golden_carrot(623,224,744); rabbit_stew(10,800,000); rabbit_stew(10,800,000)"
dark_oak_log,100.0,orders,312.0,170443,2799,700213361,7002133.6,4108,17044300,,,"soul_campfire(376,000,000); dark_oak_planks(113,245,602); smoker(105,911,140)"
dark_oak_slab,156.0,ah,156.0,35562,569,1028400452,6592310.6,28919,5547672,,,"lectern(490,087,500); barrel(332,685,738); composter(87,348,214)"
lapis_lazuli,22.0,orders,1563.0,290225,5179,143339634,6515437.9,494,6384950,,,"blue_dye(123,334,426); lapis_block(20,005,208)"
pink_wool,160.0,orders,2188.0,64510,1099,1024452853,6402830.3,15881,10321600,,,"painting(716,800,000); pink_carpet(91,190,976); pink_banner(15,933,333)"
netherrack,159.3,ah,594.0,291894,4677,1013511600,6361883.1,3472,46501633,,,"netherite_upgrade_smithing_template(788,931,600); rib_armor_trim_smithing_template(224,580,000)"
deepslate_bricks,10.0,orders,781.0,353645,5621,63069848,6306984.8,178,3536450,,,"deepslate_brick_slab(30,875,628); deepslate_brick_stairs(26,112,586); deepslate_brick_wall(6,081,633)"
charcoal,100.0,orders,703.0,494965,7819,615170101,6151701.0,1243,49496500,,,"torch(317,278,598); campfire(252,861,262); soul_torch(33,531,250)"
bamboo_planks,469.0,ah,469.0,124927,1994,2829092775,6032180.8,22646,58590763,,,"piston(473,568,456); bookshelf(392,826,417); loom(305,717,500)"
pale_oak_planks,654.9,ah,781.0,175772,2773,3914048414,5976193.9,22268,115120114,,,"pale_oak_pressure_plate(871,387,500); piston(473,568,456); bookshelf(392,826,417)"
yellow_dye,312.5,ah,391.0,189445,3109,1762323237,5639434.4,9303,59201562,,,"yellow_wool(418,695,127); orange_dye(414,674,820); yellow_candle(328,100,000)"
fermented_spider_eye,147.1,orders,9313.0,86755,1752,813328125,5529083.1,9375,12761660,,,"weakness/slowness/invis brewing(813,328,125)"
ink_sac,151.0,orders,3422.0,48651,1325,813026509,5384281.5,16711,7346301,,,"writable_book(428,063,000); black_dye(384,963,509)"
ender_pearl,55.0,orders,938.0,494027,35849,294646148,5357202.7,596,27171485,103.7,55,"ender_eye(294,646,148)"
white_dye,583.5,ah,781.0,216041,3544,3005357750,5150393.7,13911,126064244,,,"white_carpet(577,776,849); white_stained_glass(543,485,000); white_wool(428,272,941)"
cocoa_beans,26.0,orders,400.0,28474,661,133723288,5143203.4,4696,740324,,,"brown_dye(83,094,600); cookie(50,628,688)"
dropper,236.0,orders,780.0,219275,6550,1206720552,5113222.7,5503,51748900,4.0,236,"crafter(1,206,720,552)"
obsidian,601.0,orders,1094.0,630640,23728,3069563093,5107426.1,4867,379014640,-11.1,601,"beacon(2,658,833,333); ender_chest(320,914,750); enchanting_table(89,815,010)"
pink_petals,6.0,orders,305.0,108244,1779,30495104,5082517.3,282,649464,20.0,6,"pink_dye(30,495,104)"
cherry_log,128.0,orders,1500.0,162749,2686,645347304,5041775.8,3965,20831872,,,"soul_campfire(376,000,000); smoker(105,911,140); campfire(84,287,087)"
bone,137.0,orders,703.0,286684,4790,677202232,4943082.0,2362,39275708,-54.3,137,"bone_meal(677,202,232)"
crying_obsidian,201.0,orders,4375.0,85871,2526,974962079,4850557.6,11354,17260071,,,"respawn_anchor(599,276,454); respawn anchors(375,685,625)"
mossy_cobblestone,24.0,orders,781.0,129014,2071,114678400,4778266.7,889,3096336,,,"wild_armor_trim_smithing_template(85,595,000); mossy_cobblestone_slab(23,251,488); mossy_cobblestone_wall(4,442,225)"
prismarine_crystals,75.0,orders,1563.0,11085,277,346953750,4626050.0,31299,831375,,,"sea_lantern(346,953,750)"
gold_nugget,33.0,orders,1563.0,53189,1040,147166780,4459599.4,2767,1755237,,,"golden_carrot(77,903,093); gold_ingot(61,570,006); glistering_melon_slice(7,693,680)"
chiseled_stone_bricks,16.0,orders,766.0,60212,961,68838385,4302399.1,1143,963392,,,"lodestone(68,838,385)"
copper_ingot,63.0,orders,625.0,144234,2552,261552013,4151619.3,1813,9086742,,,"copper_chest(138,834,000); copper_chain(28,815,000); copper_block(24,734,409)"
magma_cream,37.0,orders,3438.0,38984,711,152541722,4122749.2,3913,1442408,,,"fire resistance brewing(134,026,992); magma_block(18,514,730)"
blaze_rod,400.0,orders,773.0,479819,8004,1640063451,4100158.6,3418,191927600,,,"oxidized_copper_bulb(554,960,000); waxed_oxidized_copper_bulb(234,650,000); brewing_stand(145,766,943)"
acacia_log,142.5,orders,998.0,33522,609,576716808,4047135.5,17204,4776885,,,"soul_campfire(376,000,000); smoker(105,911,140); campfire(84,287,087)"
piston,853.0,orders,3438.0,413236,15960,3430217598,4021357.1,8301,352490308,-57.4,853,"sticky_piston(3,430,217,598)"
wheat,225.0,orders,1859.0,228627,3800,875680136,3891911.7,3830,51441075,,,"bread(272,281,092); packed_mud(209,880,256); hay_block(97,004,444)"
sand,312.5,ah,313.0,577405,9601,1205348330,3857114.7,2088,180439062,,,"tnt(851,349,807); purple_concrete_powder(72,477,652); red_concrete_powder(45,064,572)"
birch_log,160.0,orders,859.0,73998,1399,607642812,3797767.6,8212,11839680,,,"soul_campfire(376,000,000); smoker(105,911,140); campfire(84,287,087)"
spruce_wood,150.0,orders,1563.0,32882,527,566198228,3774654.9,17219,4932300,,,"soul_campfire(376,000,000); smoker(105,911,140); campfire(84,287,087)"
warped_stem,201.0,orders,2188.0,145634,2384,748454465,3723654.1,5139,29272434,,,"soul_campfire(376,000,000); warped_planks(149,401,912); smoker(105,911,140)"
cherry_planks,781.2,ah,859.0,79676,1292,2876908533,3682442.9,36108,62246875,,,"piston(473,568,456); bookshelf(392,826,417); loom(305,717,500)"
sugar,344.0,ah,344.0,27172,537,1233235090,3584985.7,45386,9347168,,,"fermented_spider_eye(807,949,315); cake(135,600,000); cake(135,600,000)"
stone_slab,1962.0,ah,3125.0,112900,1791,6813720000,3472790.9,60352,221513187,,,"grindstone(567,810,000); grindstone(567,810,000); grindstone(567,810,000)"
red_sand,253.0,orders,469.0,54237,908,865174330,3419526.2,15952,13722503,,,"tnt(851,349,807); red_sandstone(13,824,523)"
stripped_oak_wood,167.0,orders,8984.0,10666,173,566198228,3390408.5,53084,1781222,,,"soul_campfire(376,000,000); smoker(105,911,140); campfire(84,287,087)"
birch_slab,312.5,ah,313.0,20633,343,1028400452,3290881.4,49843,6447812,,,"lectern(490,087,500); barrel(332,685,738); composter(87,348,214)"
blue_carpet,50.0,orders,4966.0,47303,767,161378399,3227568.0,3412,2365150,,,"black_carpet(161,378,399)"
stripped_dark_oak_wood,191.0,orders,14844.0,3976,66,566198228,2964388.6,142404,759416,,,"soul_campfire(376,000,000); smoker(105,911,140); campfire(84,287,087)"
dark_oak_planks,1040.9,ah,1563.0,72454,1167,2991702148,2874177.0,41291,75416644,,,"piston(473,568,456); bookshelf(392,826,417); loom(305,717,500)"
crimson_planks,1094.0,ah,1094.0,29768,501,3109230488,2842075.4,104449,32566192,,,"piston(473,568,456); bookshelf(392,826,417); loom(305,717,500)"
minecart,460.0,orders,12000.0,7727,7727,1192820000,2593087.0,154370,3554420,,,"hopper_minecart(462,400,000); chest_minecart(409,600,000); tnt_minecart(318,150,000)"
feather,234.0,ah,234.0,45634,1018,596560750,2549404.9,13073,10678356,,,"writable_book(428,063,000); arrow(168,497,750)"
terracotta,250.0,ah,703.0,63301,1082,636815970,2547263.9,10060,15825250,,,"raiser_armor_trim_smithing_template(84,400,000); wayfinder_armor_trim_smithing_template(69,451,000); red_terracotta(57,714,081)"
magenta_dye,155.0,ah,155.0,100429,1684,382999035,2470961.5,3814,15566495,,,"magenta_stained_glass(121,132,500); magenta_wool(92,382,218); magenta_terracotta(77,694,224)"
purple_dye,781.0,ah,781.0,102779,1699,1830134988,2343322.6,17807,80270399,,,"purple_candle(550,956,000); purple_stained_glass(340,388,761); purple_concrete_powder(289,910,608)"
red_nether_bricks,30.0,orders,7109.0,59457,941,68606232,2286874.4,1154,1783710,,,"red_nether_brick_slab(39,703,972); red_nether_brick_stairs(21,384,375); red_nether_brick_wall(7,517,884)"
sugar_cane,51.0,orders,1250.0,467440,8684,112330501,2202558.8,240,23839440,,,"paper(102,983,333); sugar(9,347,168)"
blue_dye,765.6,ah,766.0,161011,2833,1650419075,2155663.5,10250,123273242,,,"blue_stained_glass(340,385,699); blue_wool(311,831,696); blue_carpet(234,906,698)"
beetroot,25.0,orders,1563.0,9728,178,51825500,2073020.0,5327,243200,,,"red_dye(51,538,500); beetroot_soup(287,000)"
green_wool,501.1,orders,1563.0,67024,1118,1037397729,2070240.9,15478,33585726,,,"painting(716,800,000); green_carpet(165,539,062); green_bed(12,466,667)"
green_dye,781.0,ah,781.0,165745,2676,1470071519,1882293.9,8869,129446845,,,"green_carpet(331,078,125); lime_dye(217,175,625); green_terracotta(206,921,875)"
black_carpet,1546.9,ah,1547.0,104317,1710,2875081047,1858632.2,27561,161365881,,,"white_carpet(577,776,849); red_carpet(476,285,535); green_carpet(331,078,125)"
gray_wool,501.1,orders,3109.0,97253,1632,916891870,1829758.3,9428,48733478,,,"painting(716,800,000); gray_carpet(156,981,880); gray_bed(3,440,000)"
polished_blackstone,312.0,orders,3125.0,241585,3942,565103376,1811228.8,2339,75374520,,,"polished_blackstone_button(246,285,000); polished_blackstone_bricks(220,163,184); polished_blackstone_pressure_plate(33,900,850)"
cherry_slab,609.0,ah,609.0,19143,316,1028400452,1688670.7,53722,11658087,,,"lectern(490,087,500); barrel(332,685,738); composter(87,348,214)"
mangrove_planks,1717.0,ah,1796.0,29993,494,2844592908,1656722.7,94842,51497981,,,"piston(473,568,456); bookshelf(392,826,417); loom(305,717,500)"
golden_carrot,400.0,orders,2953.0,211048,5325,623224744,1558061.9,2953,84419200,,,"night vision brewing(623,224,744)"
dirt,12.0,orders,570.0,712590,12938,18549244,1545770.3,26,8551080,,,"coarse_dirt(18,549,244)"
warped_planks,2049.1,ah,2266.0,65932,1063,3148932410,1536776.8,47760,135097965,,,"piston(473,568,456); bookshelf(392,826,417); loom(305,717,500)"
bone_block,445.0,orders,771.0,625747,11476,677202232,1521802.8,1082,278457415,0.0,445,"bone_meal(677,202,232)"
mud_bricks,50.0,orders,3125.0,64542,1080,75709244,1514184.9,1173,3227100,,,"mud_brick_wall(34,489,662); mud_brick_slab(26,606,061); mud_brick_stairs(14,613,520)"
oak_slab,734.0,ah,734.0,98000,1613,1028400452,1401090.5,10494,71932000,,,"lectern(490,087,500); barrel(332,685,738); composter(87,348,214)"
smooth_stone,80.0,orders,303.0,522372,8271,108365418,1354567.7,207,41789760,,,"blast_furnace(79,370,552); smooth_stone_slab(28,994,866)"
bamboo_slab,781.2,ah,859.0,0,0,1035355487,1325255.0,1035355487,0,,,"lectern(490,087,500); barrel(332,685,738); composter(87,348,214)"
emerald,556.0,orders,3438.0,247593,6250,715136253,1286216.3,2888,137661708,,,"emerald_block(715,136,253)"
ghast_tear,10000.0,orders,15600.0,18820,634,11956343250,1195634.3,635300,188200000,316.7,10000,"end_crystal(11,643,555,000); end crystal + regeneration brewing(293,592,000); dried_ghast(19,196,250)"
red_stained_glass,18.0,orders,2266.0,223708,3544,19687256,1093736.4,88,4026744,,,"red_stained_glass_pane(19,687,256)"
smooth_sandstone,31.0,orders,3750.0,122906,1955,33784569,1089824.8,275,3810086,,,"smooth_sandstone_slab(21,350,715); smooth_sandstone_stairs(12,433,854)"
baked_potato,20.0,orders,1563.0,51905,955,21600000,1080000.0,416,1038100,,,"rabbit_stew(10,800,000); rabbit_stew(10,800,000)"
soul_soil,1093.8,ah,1094.0,70922,1343,1161531250,1061971.4,16378,77570938,,,"soul_campfire(1,128,000,000); soul_torch(33,531,250)"
pink_tulip,46.2,orders,45000.0,4809,178,48305104,1045565.0,10045,222176,,,"pink_dye(30,495,104); suspicious_stew(17,810,000)"
iron_nugget,148.2,ah,1563.0,8570,240,154635523,1043776.7,18044,1269646,,,"iron_chain(65,824,182); iron_ingot(46,230,675); lantern(25,598,531)"
sandstone,312.5,ah,313.0,200334,3249,322519642,1032062.9,1610,62604375,,,"dune_armor_trim_smithing_template(203,840,000); cut_sandstone(56,441,429); sandstone_slab(27,151,333)"
bone_meal,216.1,ah,469.0,1443928,23437,222333681,1028893.9,154,312018402,,,"white_dye(168,728,021); bone_block(53,605,660)"
glass_bottle,250.0,orders,1094.0,220067,3619,246065798,984263.2,1118,55016750,,,"3 per brew, every potion(240,753,298); honey_bottle(5,312,500)"
light_blue_dye,1247.0,ah,1247.0,78181,1308,1199816167,962162.1,15347,97491707,,,"light_blue_wool(520,294,951); light_blue_stained_glass(314,717,500); light_blue_terracotta(208,589,680)"
pale_oak_log,781.0,ah,781.0,298860,4735,729308639,933813.9,2440,233409660,,,"soul_campfire(376,000,000); pale_oak_planks(137,277,932); smoker(105,911,140)"
glow_ink_sac,404.1,orders,1328.0,59963,4531,359242400,888993.8,5991,24231048,,,"glow_item_frame(359,242,400)"
diamond,5712.7,ah,7000.0,426121,17301,4846530553,848378.3,11374,2434301437,,,"diamond_block(1,627,463,420); silence_armor_trim_smithing_template(325,731,542); enchanting_table(179,630,020)"
carved_pumpkin,142.0,orders,0.0,65344,4421,120000000,845070.4,1836,9278848,,,"jack_o_lantern(120,000,000)"
end_stone,387.1,ah,625.0,242892,3931,310850939,802941.9,1280,94033209,,,"eye_armor_trim_smithing_template(308,532,000); end_stone_bricks(2,318,939)"
pumpkin,70.0,orders,1203.0,97016,2148,53481115,764015.9,551,6791120,,,"pumpkin_seeds(34,995,340); pumpkin_pie(18,485,775)"
nether_brick,469.0,ah,469.0,14124,292,348378540,742811.4,24666,6624156,,,"red_nether_bricks(211,339,906); nether_bricks(113,182,384); nether_brick_fence(23,856,250)"
oxidized_copper,1000.0,orders,30000.0,19451,380,733136932,733136.9,37691,19451000,,,"waxed_oxidized_copper(416,319,118); oxidized_copper_bulb(184,986,667); oxidized_cut_copper(128,901,430)"
crimson_hyphae,800.0,orders,4688.0,17585,284,566198228,707747.8,32198,14068000,,,"soul_campfire(376,000,000); smoker(105,911,140); campfire(84,287,087)"
milk_bucket,400.0,orders,30000.0,8353,8353,271200000,678000.0,32467,3341200,,,"cake(90,400,000); cake(90,400,000); cake(90,400,000)"
warped_slab,1546.9,ah,1547.0,28142,458,1028400452,664822.4,36543,43532297,,,"lectern(490,087,500); barrel(332,685,738); composter(87,348,214)"
light_gray_dye,1023.0,ah,1023.0,41765,811,673036064,657904.3,16115,42725595,,,"light_gray_stained_glass(244,677,456); light_gray_carpet(126,838,944); light_gray_stained_glass_pane(117,405,951)"
copper_block,642.0,orders,4688.0,47485,949,421708209,656866.4,8881,30485370,,,"bolt_armor_trim_smithing_template(181,790,000); waxed_copper_block(100,016,732); copper_ingot(90,146,250)"
pale_oak_slab,1571.4,ah,5469.0,45255,724,1028400452,654436.1,22725,71115065,,,"lectern(490,087,500); barrel(332,685,738); composter(87,348,214)"
lapis_block,700.0,orders,1875.0,96025,2051,453621675,648031.0,4724,67217500,75.0,700,"lapis_lazuli(453,621,675)"
orange_dye,1402.0,ah,4188.0,99015,1632,890215458,634938.5,8991,138823981,,,"orange_stained_glass(373,678,962); orange_wool(268,110,375); orange_harness(63,000,000)"
waxed_copper_block,505.0,orders,3398.0,29434,601,317217912,628141.8,10777,14864464,,,"bolt_armor_trim_smithing_template(181,790,000); copper_ingot(90,146,250); waxed_copper_grate(20,439,062)"
red_wool,2943.5,ah,3906.0,131282,2125,1796102177,610198.9,13681,386424629,,,"painting(716,800,000); red_carpet(238,142,768); red_banner(117,999,410)"
spider_eye,1328.1,ah,1453.0,101201,1935,807949315,608340.6,7984,134407072,,,"fermented_spider_eye(807,949,315)"
mangrove_slab,1786.0,ah,2344.0,22792,370,1028400452,575812.1,45121,40706512,,,"lectern(490,087,500); barrel(332,685,738); composter(87,348,214)"
gray_dye,3537.7,ah,3906.0,65983,1071,2016829166,570092.9,30566,233429379,,,"gray_stained_glass(988,948,310); gray_carpet(313,963,760); gray_wool(302,359,577)"
brown_dye,1390.6,ah,1406.0,59100,1023,761206897,547386.7,12880,82185642,,,"brown_stained_glass(282,999,860); brown_wool(196,506,639); brown_carpet(107,428,457)"
dried_kelp,50.0,orders,156.0,154520,2506,25277333,505546.7,164,7726000,,,"dried_kelp_block(25,277,333)"
blackstone,850.0,orders,3125.0,351546,5850,403030386,474153.4,1146,298814100,-22.7,850,"polished_blackstone(188,738,281); snout_armor_trim_smithing_template(72,719,394); blackstone_slab(54,245,226)"
basalt,62.5,ah,62.5,288433,4551,27980964,447695.4,97,18027062,,,"polished_basalt(27,980,964)"
shulker_shell,2800.0,orders,4688.0,126728,2180,1248364714,445844.5,9851,354838400,-28.2,2800,"shulker_box(654,263,850); shulker boxes(594,100,864)"
magenta_wool,1843.0,ah,1843.0,50126,817,812929359,441090.3,16218,92382218,,,"painting(716,800,000); magenta_carpet(8,392,692); magenta_bed(6,460,000)"
bamboo_block,133.0,orders,594.0,133218,2235,58590763,440532.1,440,17717994,-11.3,133,"bamboo_planks(58,590,763)"
stripped_spruce_log,2343.8,ah,2344.0,84906,1370,1031117472,439943.5,12144,198998438,,,"spruce_shelf(427,979,173); soul_campfire(376,000,000); smoker(105,911,140)"
light_gray_wool,1875.0,ah,1875.0,60397,1356,797726405,425454.1,13208,113244375,,,"painting(716,800,000); light_gray_carpet(63,419,472); light_gray_harness(3,800,000)"
pufferfish,867.0,orders,21875.0,16412,743,359012500,414085.9,21875,14229204,,,"water breathing brewing(359,012,500)"
rose_bush,125.0,ah,313.0,118414,1955,51538500,412308.0,435,14801750,,,"red_dye(51,538,500)"
glistering_melon_slice,150.0,orders,6219.0,9897,282,61549443,410329.6,6219,1484550,,,"healing brewing(61,549,443)"
orange_tulip,1094.0,ah,1094.0,5500,216,432484820,395324.3,78634,6017000,,,"orange_dye(414,674,820); suspicious_stew(17,810,000)"
red_mushroom,781.2,ah,800.0,6243,302,300534000,384683.5,48139,4877344,,,"suspicious_stew(17,810,000); suspicious_stew(17,810,000); suspicious_stew(17,810,000)"
amethyst_shard,625.0,ah,625.0,126915,2770,237915878,380665.4,1875,79321875,,,"amethyst_block(122,637,669); tinted_glass(45,464,876); spyglass(39,280,000)"
crimson_slab,2802.4,ah,17188.0,17602,289,1028400452,366970.0,58425,49328021,,,"lectern(490,087,500); barrel(332,685,738); composter(87,348,214)"
cyan_wool,2343.8,ah,3906.0,34651,561,859613396,366768.4,24808,81213281,,,"painting(716,800,000); cyan_carpet(32,023,730); cyan_banner(27,625,667)"
birch_wood,1562.5,ah,1563.0,4550,82,566198228,362366.9,124439,7109375,,,"soul_campfire(376,000,000); smoker(105,911,140); campfire(84,287,087)"
polished_deepslate,390.6,ah,391.0,287797,4587,137419220,351797.7,477,112419264,,,"deepslate_bricks(69,049,186); polished_deepslate_stairs(33,622,336); polished_deepslate_wall(20,252,598)"
purple_wool,3031.0,ah,3031.0,48764,804,1052605920,347280.1,21586,147803684,,,"painting(716,800,000); purple_carpet(87,160,671); purple_bed(19,093,333)"
jungle_slab,3125.0,ah,3125.0,7704,128,1028400452,329088.1,133489,24075000,,,"lectern(490,087,500); barrel(332,685,738); composter(87,348,214)"
hay_block,2100.0,orders,35000.0,24944,680,671430718,319728.9,26918,52382400,,,"wheat(425,017,593); target(246,413,125)"
slime_block,160.0,orders,45000.0,265477,8925,50534281,315839.3,190,42476320,,,"slime_ball(50,534,281)"
polished_blackstone_bricks,215.0,orders,3078.0,286112,4832,67443496,313690.7,236,61514080,,,"polished_blackstone_brick_stairs(44,201,370); polished_blackstone_brick_slab(14,010,732); polished_blackstone_brick_wall(9,231,394)"
breeze_rod,15700.0,orders,27969.0,48775,2099,4755881725,302922.4,97507,765767500,,,"wind_charge(2,290,793,750); wind charges + mace(1,364,187,975); flow_armor_trim_smithing_template(1,100,900,000)"
crimson_stem,2046.9,ah,2344.0,95429,1609,619374040,302592.7,6490,195332666,,,"soul_campfire(376,000,000); smoker(105,911,140); campfire(84,287,087)"
lime_wool,3125.0,ah,3125.0,56047,912,908403628,290689.2,16208,175146875,,,"painting(716,800,000); lime_carpet(38,735,496); lime_bed(11,674,844)"
torchflower,1500.0,ah,12500.0,4924,428,432484820,288323.2,87832,7386000,,,"orange_dye(414,674,820); suspicious_stew(17,810,000)"
yellow_wool,2989.2,ah,6641.0,63047,1041,856040607,286381.7,13578,188457571,,,"painting(716,800,000); yellow_carpet(53,180,607); yellow_bed(6,866,667)"
light_blue_wool,3215.0,ah,6563.0,79277,1277,891858353,277405.4,11250,254875555,,,"painting(716,800,000); light_blue_banner(24,100,000); light_blue_carpet(11,458,353)"
quartz_block,1100.0,orders,0.0,0,0,304605906,276914.5,304605906,0,,,"quartz_slab(116,179,167); quartz_pillar(72,813,600); quartz_stairs(70,407,500)"
honey_bottle,375.0,orders,10000.0,2125,364,100898262,269062.0,47482,796875,,,"honey_block(91,551,094); sugar(9,347,168)"
diorite,1196.9,ah,5469.0,159811,2659,318761687,266318.3,1995,191280982,,,"andesite(151,135,848); diorite_wall(57,004,950); polished_diorite(52,352,188)"
arrow,250.0,ah,250.0,673991,10800,64257244,257029.0,95,168497750,,,"spectral_arrow(64,257,244)"
iron_block,2500.0,orders,4688.0,251217,15090,629763576,251905.4,2507,628042500,56.2,2500,"iron_ingot(416,076,076); anvil(213,687,500)"
hopper,1900.0,orders,6250.0,870368,32414,462400000,243368.4,531,1653699200,146.8,1900,"hopper_minecart(462,400,000)"
stripped_birch_wood,2344.0,ah,2344.0,9016,147,566198228,241552.1,62799,21133504,,,"soul_campfire(376,000,000); smoker(105,911,140); campfire(84,287,087)"
blue_egg,1125.0,ah,1125.0,23006,1472,271200000,241066.7,11788,25881750,,,"cake(271,200,000)"
raw_gold,100.0,orders,3333.0,42592,1631,24024000,240240.0,564,4259200,,,"raw_gold_block(24,024,000)"
polished_blackstone_slab,1172.0,ah,2188.0,32364,536,278680716,237782.2,8611,37930608,,,"chiseled_polished_blackstone(278,680,716)"
glass_pane,609.0,ah,609.0,218992,3552,140889407,231345.5,643,133366128,,,"white_stained_glass_pane(23,172,932); purple_stained_glass_pane(19,353,580); red_stained_glass_pane(14,765,442)"
packed_ice,296.0,orders,436.0,548781,8782,67490073,228007.0,123,162439176,,,"blue_ice(67,490,073)"
iron_chain,1563.0,ah,1563.0,84228,2698,351104413,224634.9,4168,131648364,,,"warped_hanging_sign(93,810,000); mangrove_hanging_sign(89,760,000); spruce_hanging_sign(63,176,463)"
brown_egg,1250.0,ah,1250.0,26089,1670,271200000,216960.0,10395,32611250,,,"cake(271,200,000)"
orange_wool,4312.9,ah,5375.0,49881,909,872326434,202257.5,17488,215134259,,,"painting(716,800,000); orange_harness(63,000,000); orange_carpet(31,258,815)"
snowball,219.0,ah,219.0,103131,6497,41763389,190700.4,405,22585689,,,"snow_block(41,763,389)"
copper_bulb,250.0,orders,1953.0,55262,2415,47567830,190271.3,861,13815500,,,"waxed_copper_bulb(47,567,830)"
brown_wool,4586.2,ah,5469.0,35931,621,864603922,188520.9,24063,164788549,,,"painting(716,800,000); brown_carpet(53,714,228); brown_banner(8,242,333)"
mangrove_log,3463.4,ah,3906.0,69094,1379,648876668,187353.6,9391,239298778,,,"soul_campfire(376,000,000); smoker(105,911,140); campfire(84,287,087)"
tnt,1700.0,orders,3906.0,871838,22975,318150000,187147.1,365,1482124600,21.4,1700,"tnt_minecart(318,150,000)"
stripped_spruce_wood,3125.0,ah,3125.0,20328,348,566198228,181183.4,27853,63525000,,,"soul_campfire(376,000,000); smoker(105,911,140); campfire(84,287,087)"
redstone_block,1900.0,orders,12999.0,154981,9687,339845707,178866.2,2193,294463900,-20.8,1900,"redstone(339,845,707)"
copper_nugget,302.7,ah,1563.0,1414,42,53692505,177361.0,37972,428060,,,"copper_chain(14,407,500); copper_torch(11,498,991); copper_torch(11,498,991)"
stripped_pale_oak_log,3906.2,ah,6094.0,56395,927,654642575,167588.5,11608,220292969,,,"soul_campfire(376,000,000); smoker(105,911,140); campfire(84,287,087)"
pale_oak_wood,3577.4,ah,7813.0,8101,132,566198228,158271.8,69892,28980355,,,"soul_campfire(376,000,000); smoker(105,911,140); campfire(84,287,087)"
sunflower,468.8,ah,469.0,38427,749,74072995,158022.4,1928,18012656,,,"yellow_dye(74,072,995)"
coal_block,1600.0,orders,7031.0,119166,3264,249456053,155910.0,2093,190665600,-20.0,1600,"coal(249,456,053)"
brick,2634.1,ah,2727.0,27135,484,399873230,151805.2,14736,71476846,,,"flower_pot(350,779,000); decorated_pot(29,653,580); bricks(19,440,650)"
stripped_acacia_log,3920.0,ah,4929.0,3023,59,589224217,150312.3,194914,11850160,,,"soul_campfire(376,000,000); smoker(105,911,140); campfire(84,287,087)"
vine,1406.2,ah,1563.0,41506,1183,197585860,140505.5,4760,58367812,,,"mossy_cobblestone(100,759,934); mossy_stone_bricks(75,025,926); bordure_indented_banner_pattern(21,800,000)"
bowl,2344.0,ah,2344.0,5560,172,313056000,133556.3,56305,13032640,,,"suspicious_stew(17,810,000); suspicious_stew(17,810,000); suspicious_stew(17,810,000)"
purple_stained_glass,200.0,orders,1531.0,222331,3629,25804774,129023.9,116,44466200,,,"purple_stained_glass_pane(25,804,774)"
packed_mud,400.0,orders,4672.0,44923,725,50423438,126058.6,1122,17969200,,,"mud_bricks(50,423,438)"
stripped_cherry_log,4687.5,ah,4688.0,11538,252,576786718,123047.8,49990,54084375,,,"soul_campfire(376,000,000); smoker(105,911,140); campfire(84,287,087)"
cherry_wood,4687.5,ah,4688.0,9136,159,566198228,120789.0,61974,42825000,,,"soul_campfire(376,000,000); smoker(105,911,140); campfire(84,287,087)"
clay_ball,359.4,ah,547.0,96168,1609,42795312,119077.6,445,34561818,,,"clay(42,795,312)"
dandelion,781.0,ah,781.0,18316,616,91882995,117647.9,5017,14304796,,,"yellow_dye(74,072,995); suspicious_stew(17,810,000)"
quartz_pillar,1600.0,ah,1600.0,91017,1659,186586667,116616.7,2050,145627200,,,"quartz_slab(116,179,167); quartz_stairs(70,407,500)"
stripped_oak_log,5415.4,ah,23438.0,40678,686,611942735,112999.6,15044,220289268,,,"soul_campfire(376,000,000); smoker(105,911,140); campfire(84,287,087)"
stripped_birch_log,5141.0,ah,5453.0,38798,660,577623558,112356.3,14888,199460518,,,"soul_campfire(376,000,000); smoker(105,911,140); campfire(84,287,087)"
jungle_wood,5086.5,ah,7813.0,6352,115,566198228,111313.5,89137,32309575,,,"soul_campfire(376,000,000); smoker(105,911,140); campfire(84,287,087)"
silence_armor_trim_smithing_template,21000.0,orders,46719.0,48805,9278,2280120795,108577.2,46719,1024905000,,,"silence_armor_trim_smithing_template(2,280,120,795)"
stripped_crimson_stem,5781.0,ah,5781.0,7331,119,586877959,101518.4,80054,42380511,,,"soul_campfire(376,000,000); smoker(105,911,140); campfire(84,287,087)"
white_stained_glass,310.0,orders,1250.0,434788,6964,30897242,99668.5,71,134784280,,,"white_stained_glass_pane(30,897,242)"
polished_tuff,1851.6,ah,3125.0,75186,1219,184418410,99598.9,2453,139215149,,,"tuff_bricks(138,954,664); polished_tuff_slab(22,583,827); polished_tuff_stairs(13,230,924)"
stripped_mangrove_log,6578.9,ah,23468.0,19183,316,614586509,93417.1,32038,126203998,,,"soul_campfire(376,000,000); smoker(105,911,140); campfire(84,287,087)"
bolt_armor_trim_smithing_template,4000.0,orders,98000.0,1855,886,363580000,90895.0,196000,7420000,,,"bolt_armor_trim_smithing_template(181,790,000); bolt_armor_trim_smithing_template(181,790,000)"
stripped_acacia_wood,6250.0,ah,15625.0,353,15,566198228,90591.7,1603961,2206250,,,"soul_campfire(376,000,000); smoker(105,911,140); campfire(84,287,087)"
stripped_cherry_wood,6250.0,ah,6250.0,1604,28,566198228,90591.7,352991,10025000,,,"soul_campfire(376,000,000); smoker(105,911,140); campfire(84,287,087)"
netherite_upgrade_smithing_template,9100.0,orders,49800.0,15842,4147,788931600,86695.8,49800,144162200,,,"netherite_upgrade_smithing_template(788,931,600)"
closed_eyeblossom,3263.4,ah,6250.0,2621,65,275539598,84433.0,105128,8553398,,,"gray_dye(257,729,598); suspicious_stew(17,810,000)"
stripped_dark_oak_log,7187.5,ah,7813.0,25009,400,593609162,82589.1,23736,179752188,,,"soul_campfire(376,000,000); smoker(105,911,140); campfire(84,287,087)"
dune_armor_trim_smithing_template,2600.0,orders,140000.0,1456,1077,203840000,78400.0,140000,3785600,,,"dune_armor_trim_smithing_template(203,840,000)"
popped_chorus_fruit,1562.5,ah,7813.0,4401,102,119379327,76402.8,27126,6876562,,,"end_rod(71,175,235); purpur_block(48,204,092)"
raw_iron,121.0,orders,1250.0,41400,1526,9063420,74904.3,219,5009400,,,"raw_iron_block(9,063,420)"
nether_star,111000.0,orders,180000.0,4745,1199,7976500000,71860.4,1681033,526695000,,,"beacon(7,976,500,000)"
dark_prismarine,350.0,orders,5469.0,51265,1012,25078923,71654.1,489,17942750,,,"dark_prismarine_slab(12,993,573); dark_prismarine_stairs(12,085,350)"
polished_andesite,1546.9,ah,1547.0,148049,2356,110304744,71307.9,745,229014037,,,"polished_andesite_stairs(73,632,148); polished_andesite_slab(36,672,597)"
poppy,973.3,ah,1219.0,42961,991,69348500,71252.4,1614,41813082,,,"red_dye(51,538,500); suspicious_stew(17,810,000)"
warped_hyphae,8002.9,ah,10906.0,12050,196,566198228,70749.0,46987,96435186,,,"soul_campfire(376,000,000); smoker(105,911,140); campfire(84,287,087)"
polished_diorite,1171.9,ah,1250.0,167527,2656,82631612,70512.0,493,196321541,,,"polished_diorite_slab(58,415,987); polished_diorite_stairs(24,215,625)"
stripped_warped_stem,9375.0,ah,9459.0,22867,407,631547604,67365.1,27618,214378125,,,"soul_campfire(376,000,000); smoker(105,911,140); campfire(84,287,087)"
diamond_block,44600.0,orders,48422.0,302490,11476,2982847000,66880.0,9861,13491054000,-12.5,44600,"diamond(2,982,847,000)"
granite,434.8,ah,781.0,34103,708,28283912,65053.4,829,14827302,,,"granite_slab(16,724,252); polished_granite(6,030,750); granite_wall(4,892,709)"
blue_orchid,1787.2,ah,2891.0,33029,576,115301707,64514.6,3491,59030089,,,"light_blue_dye(97,491,707); suspicious_stew(17,810,000)"
purpur_block,1562.5,ah,1563.0,123363,1995,99883751,63925.6,810,192754688,,,"spire_armor_trim_smithing_template(55,890,000); purpur_slab(34,866,865); purpur_stairs(9,126,886)"
soul_torch,2280.3,ah,3125.0,10730,252,135857082,59577.6,12661,24468048,,,"soul_lantern(135,857,082)"
lightning_rod,3109.0,ah,3109.0,15101,765,184852160,59457.1,12241,46949009,,,"waxed_lightning_rod(184,852,160)"
ice,452.0,orders,781.0,295168,4741,26585391,58817.2,90,133415936,,,"packed_ice(26,585,391)"
stripped_jungle_log,10742.8,ah,11808.0,6829,115,611692394,56939.8,89573,73362581,,,"soul_campfire(376,000,000); smoker(105,911,140); campfire(84,287,087)"
stripped_pale_oak_wood,10156.2,ah,10922.0,13445,220,566198228,55748.7,42112,136550781,,,"soul_campfire(376,000,000); smoker(105,911,140); campfire(84,287,087)"
smooth_quartz,1100.0,orders,3563.0,135301,2249,59770656,54337.0,442,148831100,,,"smooth_quartz_slab(39,529,216); smooth_quartz_stairs(20,241,440)"
peony,585.5,ah,656.0,12953,312,30495104,52085.6,2354,7583722,,,"pink_dye(30,495,104)"
copper_bars,1562.5,ah,1563.0,10864,191,81328125,52050.0,7486,16975000,,,"waxed_copper_bars(81,328,125)"
eye_armor_trim_smithing_template,6000.0,orders,84000.0,3673,1478,308532000,51422.0,84000,22038000,,,"eye_armor_trim_smithing_template(308,532,000)"
lime_stained_glass,200.0,orders,1719.0,145539,2330,10179117,50895.6,70,29107800,,,"lime_stained_glass_pane(10,179,117)"
raw_gold_block,2800.0,orders,39000.0,5544,242,141959136,50699.7,25606,15523200,,,"raw_gold(141,959,136)"
flow_armor_trim_smithing_template,22000.0,orders,100000.0,11009,2812,1100900000,50040.9,100000,242198000,,,"flow_armor_trim_smithing_template(1,100,900,000)"
lilac,312.5,ah,313.0,32440,585,15566495,49812.8,480,10137500,,,"magenta_dye(15,566,495)"
red_sandstone,390.6,ah,4297.0,12869,210,19430226,49742.0,1510,5026889,,,"red_sandstone_slab(8,089,059); red_sandstone_wall(5,338,892); cut_red_sandstone(3,128,906)"
blue_stained_glass,150.0,orders,1531.0,222329,3707,7422396,49482.6,33,33349350,,,"blue_stained_glass_pane(7,422,396)"
dried_kelp_block,500.0,orders,2000.0,113748,3947,24105120,48210.2,212,56874000,,,"dried_kelp(24,105,120)"
wildflowers,1562.5,ah,2258.0,2269,48,74072995,47406.7,32646,3545312,,,"yellow_dye(74,072,995)"
raw_iron_block,1100.0,orders,8953.0,9111,336,51750000,47045.5,5680,10022100,,,"raw_iron(51,750,000)"
mangrove_wood,12318.2,ah,15469.0,7450,121,566198228,45964.2,76000,91770962,,,"soul_campfire(376,000,000); smoker(105,911,140); campfire(84,287,087)"
prismarine,2944.7,ah,5078.0,78812,1349,135269907,45937.4,1716,232074544,,,"tide_armor_trim_smithing_template(90,990,000); prismarine_stairs(26,097,165); prismarine_wall(10,679,617)"
nether_brick_slab,312.5,ah,23047.0,6075,97,14355000,45936.0,2363,1898438,,,"chiseled_nether_bricks(14,355,000)"
green_stained_glass,190.0,orders,1250.0,163885,2666,8690295,45738.4,53,31138150,,,"green_stained_glass_pane(8,690,295)"
open_eyeblossom,9523.8,ah,40000.0,791,144,432484820,45410.9,546757,7533334,,,"orange_dye(414,674,820); suspicious_stew(17,810,000)"
rib_armor_trim_smithing_template,5000.0,orders,95000.0,2364,1412,224580000,44916.0,95000,11820000,,,"rib_armor_trim_smithing_template(224,580,000)"
stripped_jungle_wood,13541.7,ah,62500.0,1452,26,566198228,41811.6,389944,19662505,,,"soul_campfire(376,000,000); smoker(105,911,140); campfire(84,287,087)"
stripped_crimson_hyphae,13781.2,ah,46875.0,1413,24,566198228,41084.7,400706,19472906,,,"soul_campfire(376,000,000); smoker(105,911,140); campfire(84,287,087)"
emerald_block,21100.0,orders,27969.0,230120,6385,851224734,40342.4,3699,4855532000,5.5,21100,"emerald(851,224,734)"
white_tulip,1562.5,ah,1563.0,5486,202,60535595,38742.8,11035,8571875,,,"light_gray_dye(42,725,595); suspicious_stew(17,810,000)"
end_stone_bricks,313.0,ah,313.0,29635,492,11805942,37718.7,398,9275755,,,"end_stone_brick_wall(9,000,091); end_stone_brick_stairs(1,723,125); end_stone_brick_slab(1,082,726)"
stripped_warped_hyphae,15609.0,ah,15609.0,3252,90,566198228,36273.8,174108,50760468,,,"soul_campfire(376,000,000); smoker(105,911,140); campfire(84,287,087)"
stripped_mangrove_wood,15625.0,ah,15625.0,1770,32,566198228,36236.7,319886,27656250,,,"soul_campfire(376,000,000); smoker(105,911,140); campfire(84,287,087)"
tuff_bricks,1181.5,ah,4688.0,118562,1936,42569941,36031.3,359,140077446,,,"tuff_brick_wall(22,577,083); tuff_brick_slab(13,543,059); tuff_brick_stairs(6,449,798)"
waxed_oxidized_copper,4684.8,ah,5938.0,70111,1537,158005701,33727.2,2254,328456714,,,"waxed_oxidized_copper_bulb(78,216,667); waxed_oxidized_copper_grate(45,043,110); waxed_oxidized_cut_copper(34,745,924)"
nether_bricks,2435.9,ah,4688.0,96572,1575,80031256,32855.0,829,235238769,,,"nether_brick_slab(46,670,175); nether_brick_stairs(16,441,274); nether_brick_fence(11,928,125)"
copper_torch,1563.0,ah,1563.0,7357,163,50166185,32096.1,6819,11498991,,,"copper_lantern(50,166,185)"
sentry_armor_trim_smithing_template,2500.0,orders,99000.0,795,291,78705000,31482.0,99000,1987500,,,"sentry_armor_trim_smithing_template(78,705,000)"
pitcher_plant,5094.5,ah,69000.0,1550,174,159509904,31310.4,102910,7896428,,,"cyan_dye(159,509,904)"
cobbled_deepslate_slab,1562.5,ah,0.0,0,0,47667861,30507.4,47667861,0,,,"chiseled_deepslate(47,667,861)"
purpur_pillar,1484.0,ah,1484.0,13628,246,43993751,29645.4,3228,20223952,,,"purpur_slab(34,866,865); purpur_stairs(9,126,886)"
tuff_slab,1093.8,ah,1094.0,40004,634,30565248,27945.4,764,43754375,,,"chiseled_tuff(30,565,248)"
light_gray_stained_glass,701.0,orders,2328.0,105102,1675,19567658,27913.9,186,73676502,,,"light_gray_stained_glass_pane(19,567,658)"
chiseled_quartz_block,6785.0,ah,6785.0,36327,595,186586667,27499.9,5136,246478695,,,"quartz_slab(116,179,167); quartz_stairs(70,407,500)"
quartz_slab,4500.2,ah,6250.0,55766,975,123239348,27385.2,2210,250959269,,,"chiseled_quartz_block(123,239,348)"
chiseled_sandstone,1563.0,ah,1563.0,18855,302,42334146,27085.2,2245,29470365,,,"sandstone_slab(27,151,333); sandstone_stairs(15,182,813)"
gold_block,20500.0,orders,23438.0,151938,5842,554130057,27030.7,3647,3114729000,125.3,20500,"gold_ingot(554,130,057)"
red_tulip,2618.2,ah,45000.0,5428,178,69348500,26487.4,12776,14211427,,,"red_dye(51,538,500); suspicious_stew(17,810,000)"
black_stained_glass,690.0,orders,3125.0,347192,5674,18035196,26138.0,52,239562480,,,"black_stained_glass_pane(18,035,196)"
snout_armor_trim_smithing_template,3000.0,orders,119999.0,606,412,72719394,24239.8,119999,1818000,,,"snout_armor_trim_smithing_template(72,719,394)"
oxeye_daisy,3125.0,ah,4523.0,2641,221,69535595,22251.5,26329,8253072,,,"light_gray_dye(42,725,595); suspicious_stew(17,810,000); flower_banner_pattern(9,000,000)"
bricks,1953.0,ah,1953.0,39817,679,40840692,20911.8,1026,77762601,,,"field_masoned_banner_pattern(20,000,000); brick_slab(15,911,072); brick_wall(2,888,545)"
oak_boat,15000.0,ah,25000.0,3012,3012,279000000,18600.0,92629,45180000,,,"oak_chest_boat(279,000,000)"
oxidized_copper_grate,9982.0,ah,9982.0,1174,39,180172440,18049.7,153469,11718868,,,"waxed_oxidized_copper_grate(180,172,440)"
mossy_stone_bricks,1046.9,ah,1047.0,71658,1155,18712041,17874.1,261,75017327,,,"mossy_stone_brick_slab(11,206,054); mossy_stone_brick_stairs(3,833,333); mossy_stone_brick_wall(3,672,653)"
oxidized_copper_trapdoor,49132.5,ah,62250.0,4246,237,855900000,17420.2,201578,208616722,,,"waxed_oxidized_copper_trapdoor(855,900,000)"
resin_brick,2328.0,ah,2328.0,49461,1325,40482024,17389.2,818,115145208,,,"resin_bricks(40,482,024)"
raiser_armor_trim_smithing_template,5000.0,orders,200000.0,422,238,84400000,16880.0,200000,2110000,,,"raiser_armor_trim_smithing_template(84,400,000)"
raw_copper,50.0,orders,273.0,86657,1817,783139,15662.8,9,4332850,,,"raw_copper_block(783,139)"
copper_grate,5413.4,ah,5469.0,6200,124,81756250,15102.5,13186,33563328,,,"waxed_copper_grate(81,756,250)"
oxidized_copper_bulb,15805.6,ah,80000.0,6937,802,234650000,14846.0,33826,109643725,,,"waxed_oxidized_copper_bulb(234,650,000)"
acacia_boat,250.0,orders,100000.0,292,292,3600000,14400.0,12329,73000,,,"acacia_chest_boat(3,600,000)"
yellow_stained_glass,1094.0,ah,1094.0,135576,2155,15456482,14128.4,114,148320144,,,"yellow_stained_glass_pane(15,456,482)"
stone_pressure_plate,4062.4,ah,4688.0,15858,931,57300000,14105.1,3613,64420905,,,"detector_rail(57,300,000)"
wayfinder_armor_trim_smithing_template,5000.0,orders,199000.0,349,228,69451000,13890.2,199000,1745000,,,"wayfinder_armor_trim_smithing_template(69,451,000)"
honey_block,1600.0,orders,5625.0,65103,7113,21250000,13281.2,326,104164800,,,"honey_bottle(21,250,000)"
heart_of_the_sea,20100.0,orders,48386.0,1239,454,266317794,13249.6,214946,24903900,,,"conduit(266,317,794)"
coast_armor_trim_smithing_template,35156.2,ah,90000.0,5100,1144,459000000,13056.0,90000,179296875,,,"coast_armor_trim_smithing_template(459,000,000)"
weathered_copper,43750.0,ah,43750.0,805,27,518552865,11852.6,644165,35218750,,,"waxed_weathered_copper(503,550,000); weathered_cut_copper(9,730,469); weathered_copper_bulb(5,233,333)"
nautilus_shell,3097.1,ah,8333.0,3349,338,33289724,10748.6,9940,10372255,,,"conduit(33,289,724)"
tuff_brick_slab,6234.0,ah,6242.0,6509,105,66949519,10739.4,10286,40577106,,,"chiseled_tuff_bricks(66,949,519)"
oxidized_cut_copper_stairs,10178.7,ah,20582.0,550,40,106225392,10436.1,193137,5598263,,,"waxed_oxidized_cut_copper_stairs(106,225,392)"
cut_copper,5000.0,ah,8407.0,2523,50,51846987,10369.4,20550,12615000,,,"waxed_cut_copper(35,946,624); cut_copper_stairs(8,406,250); cut_copper_slab(7,494,113)"
netherite_scrap,1200000.0,orders,1500000.0,1605,1467,12434088240,10361.7,7747095,1926000000,,,"netherite_ingot(9,318,000,000); netherite gear(3,116,088,240)"
wild_armor_trim_smithing_template,8500.0,orders,95000.0,901,610,85595000,10070.0,95000,7658500,,,"wild_armor_trim_smithing_template(85,595,000)"
stone_brick_slab,2344.0,ah,2344.0,58251,923,23061196,9838.4,396,136540344,,,"chiseled_stone_bricks(23,061,196)"
raw_copper_block,2419.3,ah,2578.0,2734,96,23657361,9778.4,8653,6614503,,,"raw_copper(23,657,361)"
copper_chain,2343.8,ah,2500.0,11526,205,22500000,9600.0,1952,27014062,,,"waxed_copper_chain(22,500,000)"
pale_moss_block,1406.2,ah,1563.0,53791,892,13358751,9499.6,248,75643594,,,"pale_moss_carpet(13,358,751)"
snow_block,604.3,ah,781.0,213897,3513,5705677,9441.3,27,129264374,,,"snow(5,705,677)"
resin_block,3255.8,ah,4063.0,15707,265,30368393,9327.4,1933,51139008,,,"creaking_heart(20,018,401); resin_clump(10,349,992)"
copper_trapdoor,3578.1,ah,3594.0,20902,369,32984375,9218.4,1578,74789864,,,"waxed_copper_trapdoor(32,984,375)"
sculk_sensor,10000.0,ah,10000.0,5023,719,91600000,9160.0,18236,50230000,,,"calibrated_sculk_sensor(91,600,000)"
black_bed,90000.0,ah,90000.0,1962,1962,751794947,8353.3,383178,176580000,,,"white_bed(236,500,000); red_bed(178,840,000); purple_bed(57,280,000)"
oxidized_copper_chest,9000.0,ah,12750.0,2730,112,70359612,7817.7,25773,24570000,,,"waxed_oxidized_copper_chest(70,359,612)"
tide_armor_trim_smithing_template,12000.0,orders,90000.0,1011,518,90990000,7582.5,90000,12132000,,,"tide_armor_trim_smithing_template(90,990,000)"
resin_clump,1016.0,ah,1016.0,10187,226,7090838,6979.2,696,10349992,,,"resin_block(7,090,838)"
cut_sandstone,2822.8,ah,7781.0,29015,477,19482490,6901.8,671,81903832,,,"sandstone_stairs(15,182,813); cut_sandstone_slab(4,299,677)"
lily_of_the_valley,30000.0,ah,30000.0,1583,259,186538021,6217.9,117838,47490000,,,"white_dye(168,728,021); suspicious_stew(17,810,000)"
cyan_stained_glass,1531.0,ah,1531.0,102490,1624,9510599,6212.0,93,156912190,,,"cyan_stained_glass_pane(9,510,599)"
copper_lantern,5888.7,ah,7031.0,7135,194,36468750,6193.0,5111,42016089,,,"waxed_copper_lantern(36,468,750)"
blue_bed,28900.0,ah,28900.0,807,807,176580000,6110.0,218810,23322300,,,"black_bed(176,580,000)"
cactus_flower,5201.6,ah,10000.0,2631,331,30495104,5862.6,11591,13685436,,,"pink_dye(30,495,104)"
exposed_copper,5000.0,ah,66563.0,1013,41,27727732,5545.5,27372,5065000,,,"waxed_exposed_copper(20,281,250); exposed_copper_bulb(3,863,670); exposed_cut_copper(3,200,000)"
waxed_oxidized_cut_copper,5469.0,ah,5469.0,25413,462,29669444,5425.0,1167,138983697,,,"waxed_oxidized_cut_copper_stairs(17,704,232); waxed_oxidized_cut_copper_slab(11,965,212)"
cut_copper_slab,6556.2,ah,10313.0,2180,38,33222533,5067.3,15240,14292625,,,"waxed_cut_copper_slab(29,656,908); chiseled_copper(3,565,625)"
stripped_bamboo_block,2343.8,ah,3125.0,7847,142,10827354,4619.7,1380,18391406,,,"bamboo_hanging_sign(9,168,750); bamboo_shelf(1,658,604)"
oxidized_cut_copper,31526.3,ah,124844.0,4130,77,144858739,4594.9,35075,130203702,,,"waxed_oxidized_cut_copper(138,983,697); oxidized_cut_copper_slab(3,988,359); oxidized_cut_copper_stairs(1,886,683)"
weathered_cut_copper,28125.0,ah,146875.0,265,9,126069628,4482.5,475734,7453125,,,"waxed_weathered_cut_copper(112,875,000); weathered_cut_copper_slab(11,593,065); weathered_cut_copper_stairs(1,601,562)"
polished_granite,1000.0,ah,1000.0,24123,408,4332493,4332.5,180,24123000,,,"polished_granite_stairs(3,079,235); polished_granite_slab(1,253,259)"
cooked_rabbit,5000.0,ah,5000.0,868,43,21600000,4320.0,24885,4340000,,,"rabbit_stew(10,800,000); rabbit_stew(10,800,000)"
cut_copper_stairs,11492.6,ah,12500.0,4035,69,48734375,4240.5,12078,46372601,,,"waxed_cut_copper_stairs(48,734,375)"
pointed_dripstone,938.0,ah,938.0,137534,4222,3884688,4141.5,28,129006892,,,"dripstone_block(3,884,688)"
chiseled_red_sandstone,3000.0,ah,3000.0,256,4,10962428,3654.1,42822,768000,,,"red_sandstone_slab(8,089,059); red_sandstone_stairs(2,873,368)"
oxidized_cut_copper_slab,12172.0,ah,12172.0,983,32,39616348,3254.7,40301,11965076,,,"waxed_oxidized_cut_copper_slab(35,895,636); oxidized_chiseled_copper(3,720,712)"
sandstone_slab,4688.0,ah,4688.0,17375,288,14735182,3143.2,848,81454000,,,"chiseled_sandstone(14,735,182)"
echo_shard,2000.0,orders,15000.0,7175,351,6195625,3097.8,864,14350000,,,"recovery_compass(6,195,625)"
ward_armor_trim_smithing_template,43229.2,ah,95000.0,1323,456,125685000,2907.4,95000,57192192,,,"ward_armor_trim_smithing_template(125,685,000)"
waxed_cut_copper,6349.0,ah,6531.0,5504,123,18008032,2836.4,3272,34944896,,,"waxed_cut_copper_slab(9,885,636); waxed_cut_copper_stairs(8,122,396)"
bamboo_mosaic,1578.0,ah,1578.0,8815,142,4269376,2705.6,484,13910070,,,"bamboo_mosaic_stairs(3,473,538); bamboo_mosaic_slab(795,838)"
chiseled_copper,6250.0,ah,6250.0,1141,26,16630999,2661.0,14576,7131250,,,"waxed_chiseled_copper(16,630,999)"
pink_stained_glass,1250.0,ah,1250.0,97750,1618,3259376,2607.5,33,122187500,,,"pink_stained_glass_pane(3,259,376)"
spruce_boat,8000.0,ah,8000.0,9720,9720,20703000,2587.9,2130,77760000,,,"spruce_chest_boat(20,703,000)"
oxidized_lightning_rod,12255.0,ah,12255.0,1373,201,31406250,2562.7,22874,16826115,,,"waxed_oxidized_lightning_rod(31,406,250)"
gray_stained_glass,2878.7,ah,10438.0,94745,1542,7276652,2527.7,77,272744326,,,"gray_stained_glass_pane(7,276,652)"
armadillo_scute,512.2,ah,4000.0,6418,327,1238333,2417.9,193,3287043,,,"wolf_armor(1,238,333)"
oxidized_copper_bars,31093.8,ah,42188.0,1333,25,75000000,2412.1,56264,41447969,,,"waxed_oxidized_copper_bars(75,000,000)"
light_blue_stained_glass,2500.0,ah,2500.0,125887,2011,5600988,2240.4,44,314717500,,,"light_blue_stained_glass_pane(5,600,988)"
wither_skeleton_skull,31000.0,orders,0.0,0,0,67531000,2178.4,67531000,0,-52.3,31000,"skull_banner_pattern(67,500,000); withers -> nether stars -> beacons(31,000)"
copper_chest,8812.2,ah,72000.0,15426,737,18921000,2147.1,1227,135937460,,,"waxed_copper_chest(18,921,000)"
waxed_weathered_copper,19230.8,ah,75000.0,6714,115,38823750,2018.8,5783,129115390,,,"waxed_weathered_cut_copper(28,218,750); waxed_weathered_copper_bulb(10,605,000)"
black_harness,100000.0,ah,100000.0,160,160,192476000,1924.8,1202975,16000000,,,"orange_harness(63,000,000); white_harness(38,340,000); blue_harness(28,000,000)"
orange_stained_glass,2179.3,ah,3594.0,103973,1690,3522396,1616.3,34,226591478,,,"orange_stained_glass_pane(3,522,396)"
mangrove_roots,1391.0,ah,1391.0,11572,300,2247399,1615.7,194,16096652,,,"muddy_mangrove_roots(2,247,399)"
netherite_ingot,5600000.0,orders,6000000.0,6212,4726,8944000000,1597.1,1439794,34787200000,40.0,5600000,"netherite_block(8,944,000,000)"
exposed_cut_copper,3125.0,ah,200000.0,64,1,4748536,1519.5,74196,200000,,,"exposed_cut_copper_stairs(4,598,836); waxed_exposed_cut_copper(149,700)"
waxed_oxidized_cut_copper_slab,6156.0,ah,6156.0,5831,97,9026589,1466.3,1548,35895636,,,"waxed_oxidized_chiseled_copper(9,026,589)"
cut_red_sandstone,3906.2,ah,15625.0,801,15,5115604,1309.6,6387,3128906,,,"red_sandstone_stairs(2,873,368); cut_red_sandstone_slab(2,242,235)"
heavy_core,3500000.0,orders,3899990.0,1055,758,4114489450,1175.6,3899990,3692500000,16.7,3500000,"mace(4,114,489,450)"
exposed_cut_copper_slab,10000.0,ah,100000.0,0,0,10660000,1066.0,10660000,0,,,"exposed_chiseled_copper(9,100,000); waxed_exposed_cut_copper_slab(1,560,000)"
resin_bricks,5549.3,ah,7797.0,20768,371,5877604,1059.2,283,115248693,,,"resin_brick_slab(2,984,375); resin_brick_stairs(1,598,958); resin_brick_wall(1,294,271)"
oxidized_copper_lantern,31166.9,ah,78074.0,1246,126,32500000,1042.8,26083,38833970,,,"waxed_oxidized_copper_lantern(32,500,000)"
smooth_red_sandstone,1562.5,ah,5469.0,1763,28,1608100,1029.2,912,2754688,,,"smooth_red_sandstone_slab(1,015,647); smooth_red_sandstone_stairs(592,453)"
cherry_boat,99898.0,ah,500000.0,701,701,100500000,1006.0,143367,70028498,,,"cherry_chest_boat(100,500,000)"
magenta_stained_glass,1250.0,ah,1250.0,96906,1626,1209118,967.3,12,121132500,,,"magenta_stained_glass_pane(1,209,118)"
vex_armor_trim_smithing_template,150000.0,ah,190000.0,762,656,144780000,965.2,190000,114300000,,,"vex_armor_trim_smithing_template(144,780,000)"
purpur_slab,11053.5,ah,14063.0,7438,130,10111976,914.8,1360,82215784,,,"purpur_pillar(10,111,976)"
oxidized_copper_chain,87500.0,ah,166667.0,401,71,78000000,891.4,194514,35087500,,,"waxed_oxidized_copper_chain(78,000,000)"
netherite_block,50600000.0,orders,52000000.0,1548,1476,37272000000,736.6,24077519,78328800000,-0.6,50600000,"netherite_ingot(37,272,000,000)"
waxed_cut_copper_slab,13158.0,ah,30078.0,986,50,8315500,632.0,8434,12973788,,,"waxed_chiseled_copper(8,315,500)"
spire_armor_trim_smithing_template,90000.0,ah,90000.0,621,397,55890000,621.0,90000,55890000,,,"spire_armor_trim_smithing_template(55,890,000)"
resin_brick_slab,6000.0,ah,15625.0,573,14,3585938,597.7,6258,3438000,,,"chiseled_resin_bricks(3,585,938)"
dark_oak_boat,5000.0,ah,5000.0,866,866,2970000,594.0,3430,4330000,,,"dark_oak_chest_boat(2,970,000)"
brown_stained_glass,2981.8,ah,3734.0,75790,1238,1732997,581.2,23,225990622,,,"brown_stained_glass_pane(1,732,997)"
disc_fragment_5,11995.1,ah,25000.0,1882,217,6666667,555.8,3542,22574703,,,"music_disc_5(6,666,667)"
waxed_exposed_copper,20000.0,ah,171875.0,118,4,10690758,534.5,90600,2360000,,,"waxed_exposed_copper_bulb(10,653,333); waxed_exposed_cut_copper(37,425)"
exposed_copper_bulb,66615.0,ah,66615.0,174,21,31960000,479.8,183678,11591010,,,"waxed_exposed_copper_bulb(31,960,000)"
weathered_cut_copper_stairs,75000.0,ah,78125.0,123,3,26593750,354.6,216209,9225000,,,"waxed_weathered_cut_copper_stairs(26,593,750)"
weathered_copper_bulb,100000.0,ah,100000.0,157,91,31815000,318.1,202643,15700000,,,"waxed_weathered_copper_bulb(31,815,000)"
exposed_copper_trapdoor,50000.0,ah,132813.0,350,13,14400000,288.0,41143,17500000,,,"waxed_exposed_copper_trapdoor(14,400,000)"
host_armor_trim_smithing_template,200000.0,ah,200000.0,281,233,56200000,281.0,200000,56200000,,,"host_armor_trim_smithing_template(56,200,000)"
shaper_armor_trim_smithing_template,170000.0,ah,200000.0,230,177,46000000,270.6,200000,39100000,,,"shaper_armor_trim_smithing_template(46,000,000)"
weathered_cut_copper_slab,120000.0,ah,457621.0,76,4,27765500,231.4,365336,9120000,,,"waxed_weathered_cut_copper_slab(27,687,500); weathered_chiseled_copper(78,000)"
oxidized_chiseled_copper,78125.0,ah,99219.0,75,6,18053178,231.1,240709,5859375,,,"waxed_oxidized_chiseled_copper(18,053,178)"
waxed_weathered_cut_copper,62500.0,ah,62500.0,1806,30,13661458,218.6,7564,112875000,,,"waxed_weathered_cut_copper_slab(9,229,167); waxed_weathered_cut_copper_stairs(4,432,292)"
exposed_cut_copper_stairs,100000.0,ah,142969.0,193,4,21218944,212.2,109943,19300000,,,"waxed_exposed_cut_copper_stairs(21,218,944)"
weathered_copper_lantern,106250.0,ah,200000.0,63,8,21000000,197.6,333333,6693750,,,"waxed_weathered_copper_lantern(21,000,000)"
bamboo_raft,10000.0,ah,98000.0,409,409,1800000,180.0,4401,4090000,,,"bamboo_chest_raft(1,800,000)"
oxidized_copper_golem_statue,65104.2,ah,120000.0,1031,339,11640000,178.8,11290,67122399,,,"waxed_oxidized_copper_golem_statue(11,640,000)"
blue_harness,100000.0,ah,500000.0,56,56,16000000,160.0,285714,5600000,,,"black_harness(16,000,000)"
birch_boat,9825.0,ah,20000.0,1183,1183,1505000,153.2,1272,11622975,,,"birch_chest_boat(1,505,000)"
weathered_copper_chest,10000.0,ah,200000.0,12,8,1350000,135.0,112500,120000,,,"waxed_weathered_copper_chest(1,350,000)"
exposed_copper_lantern,100000.0,ah,100000.0,35,3,12521728,125.2,357764,3500000,,,"waxed_exposed_copper_lantern(12,521,728)"
creeper_head,206000.0,orders,0.0,10836,1606,22659000,110.0,2091,2232216000,-7.2,206000,"creeper_banner_pattern(22,659,000)"
jungle_boat,10000.0,ah,25000.0,365,365,1000000,100.0,2740,3650000,,,"jungle_chest_boat(1,000,000)"
mangrove_boat,100000.0,ah,100000.0,85,85,9000000,90.0,105882,8500000,,,"mangrove_chest_boat(9,000,000)"
copper_golem_statue,100000.0,ah,100000.0,1053,320,8550000,85.5,8120,105300000,,,"waxed_copper_golem_statue(8,550,000)"
waxed_exposed_cut_copper,49900.0,ah,49900.0,3,3,4056491,81.3,1352164,149700,,,"waxed_exposed_cut_copper_stairs(3,536,491); waxed_exposed_cut_copper_slab(520,000)"
pale_oak_boat,14000.0,ah,14000.0,291,291,1050000,75.0,3608,4074000,,,"pale_oak_chest_boat(1,050,000)"
weathered_copper_chain,20000.0,ah,78125.0,4,2,1289070,64.5,322268,80000,,,"waxed_weathered_copper_chain(1,289,070)"
copper_door,7181.5,ah,50000.0,1207,54,450000,62.7,373,8668046,,,"waxed_copper_door(450,000)"
red_sandstone_slab,6891.4,ah,7813.0,3106,62,384000,55.7,124,21404564,,,"chiseled_red_sandstone(384,000)"
weathered_lightning_rod,75000.0,ah,75000.0,176,26,4000000,53.3,22727,13200000,,,"waxed_weathered_lightning_rod(4,000,000)"
enchanted_golden_apple,1365919.5,ah,1593750.0,16384,2378,58830000,43.1,3591,22379224596,50.0,1500000,"mojang_banner_pattern(58,830,000)"
oxidized_copper_door,299000.0,ah,500000.0,144,20,6643872,22.2,46138,43056000,,,"waxed_oxidized_copper_door(6,643,872)"
weathered_copper_trapdoor,140469.0,ah,140469.0,639,41,1386381,9.9,2170,89759691,,,"waxed_weathered_copper_trapdoor(1,386,381)"
exposed_copper_chest,75000.0,ah,135938.0,205,22,262500,3.5,1280,15375000,,,"waxed_exposed_copper_chest(262,500)"
weathered_copper_golem_statue,500000.0,ah,500000.0,10,10,1250000,2.5,125000,5000000,,,"waxed_weathered_copper_golem_statue(1,250,000)"
exposed_copper_golem_statue,200000.0,ah,250000.0,11,10,450000,2.2,40909,2200000,,,"waxed_exposed_copper_golem_statue(450,000)"
exposed_chiseled_copper,70000.0,ah,70000.0,260,8,33333,0.5,128,18200000,,,"waxed_exposed_chiseled_copper(33,333)"
waxed_exposed_cut_copper_slab,75000.0,ah,120000.0,13,13,16666,0.2,1282,975000,,,"waxed_exposed_chiseled_copper(16,666)"
