raw,buy,buy_src,chain,out,units_per_raw,other_cost_per_raw,value_med_per_raw,value_con_per_raw,profit_med_per_raw,profit_con_per_raw,out_vol_day,out_trades_day,out_med,out_con
spruce_log,72.0,orders,(sell raw as-is on AH),spruce_log,1,0,328.0,192.0,256.0,120.0,889378,15463,328.0,192.0
spruce_log,72.0,orders,spruce_log x1 -> spruce_planks x4 -> purple_bed x1,purple_bed,1.333,12124.0,238666.7,226666.7,226470.7,214470.7,320,320,179000.0,170000.0
spruce_log,72.0,orders,spruce_log x1 -> spruce_planks x4 -> green_bed x1,green_bed,1.333,2004.4,133333.3,133333.3,131256.9,131256.9,374,374,100000.0,100000.0
spruce_log,72.0,orders,spruce_log x1 -> spruce_planks x4 -> black_bed x1,black_bed,1.333,120.0,120000.0,117333.3,119808.0,117141.3,1962,1962,90000.0,88000.0
spruce_log,72.0,orders,spruce_log x1 -> spruce_planks x4 -> brown_bed x1,brown_bed,1.333,18345.0,148573.3,133333.3,130156.3,114916.3,188,188,111430.0,100000.0
spruce_log,72.0,orders,spruce_log x1 -> spruce_planks x4 -> loom x1,loom,2.0,288.0,110000.0,100000.0,109640.0,99640.0,11117,900,55000.0,50000.0
spruce_log,72.0,orders,spruce_log x1 -> spruce_planks x4 -> cyan_bed x1,cyan_bed,1.333,9375.0,105333.3,105333.3,95886.3,95886.3,229,229,79000.0,79000.0
oak_log,85.06,orders,(sell raw as-is on AH),oak_log,1,0,625.0,625.0,539.9,539.9,292085,5428,625.0,625.0
oak_log,85.06,orders,oak_log x1 -> oak_planks x4 -> purple_bed x1,purple_bed,1.333,12124.0,238666.7,226666.7,226457.6,214457.6,320,320,179000.0,170000.0
oak_log,85.06,orders,oak_log x1 -> oak_planks x4 -> green_bed x1,green_bed,1.333,2004.4,133333.3,133333.3,131243.9,131243.9,374,374,100000.0,100000.0
oak_log,85.06,orders,oak_log x1 -> oak_planks x4 -> black_bed x1,black_bed,1.333,120.0,120000.0,117333.3,119794.9,117128.3,1962,1962,90000.0,88000.0
oak_log,85.06,orders,oak_log x1 -> oak_planks x4 -> brown_bed x1,brown_bed,1.333,18345.0,148573.3,133333.3,130143.3,114903.3,188,188,111430.0,100000.0
oak_log,85.06,orders,oak_log x1 -> oak_planks x4 -> loom x1,loom,2.0,288.0,110000.0,100000.0,109626.9,99626.9,11117,900,55000.0,50000.0
oak_log,85.06,orders,oak_log x1 -> oak_planks x4 -> cyan_bed x1,cyan_bed,1.333,9375.0,105333.3,105333.3,95873.3,95873.3,229,229,79000.0,79000.0
birch_log,160.0,orders,(sell raw as-is on AH),birch_log,1,0,859.0,859.0,699.0,699.0,73998,1399,859.0,859.0
birch_log,160.0,orders,birch_log x1 -> birch_planks x4 -> purple_bed x1,purple_bed,1.333,12124.0,238666.7,226666.7,226382.7,214382.7,320,320,179000.0,170000.0
birch_log,160.0,orders,birch_log x1 -> birch_planks x4 -> green_bed x1,green_bed,1.333,2004.4,133333.3,133333.3,131168.9,131168.9,374,374,100000.0,100000.0
birch_log,160.0,orders,birch_log x1 -> birch_planks x4 -> black_bed x1,black_bed,1.333,120.0,120000.0,117333.3,119720.0,117053.3,1962,1962,90000.0,88000.0
birch_log,160.0,orders,birch_log x1 -> birch_planks x4 -> brown_bed x1,brown_bed,1.333,18345.0,148573.3,133333.3,130068.3,114828.3,188,188,111430.0,100000.0
birch_log,160.0,orders,birch_log x1 -> birch_planks x4 -> loom x1,loom,2.0,288.0,110000.0,100000.0,109552.0,99552.0,11117,900,55000.0,50000.0
birch_log,160.0,orders,birch_log x1 -> birch_planks x4 -> cyan_bed x1,cyan_bed,1.333,9375.0,105333.3,105333.3,95798.3,95798.3,229,229,79000.0,79000.0
cobblestone,131.36,ah,(sell raw as-is on AH),cobblestone,1,0,155.0,96.15,23.6,-35.2,837194,13874,155.0,96.15
cobblestone,131.36,ah,cobblestone x1 -> vex_armor_trim_smithing_template x2 -> vex_armor_trim_smithing_template x2,vex_armor_trim_smithing_template,4.0,270229.4,760000.0,600000.0,489639.2,329639.2,762,656,190000.0,150000.0
cobblestone,131.36,ah,cobblestone x1 -> sentry_armor_trim_smithing_template x2 -> sentry_armor_trim_smithing_template x2,sentry_armor_trim_smithing_template,4.0,122729.4,396000.0,356000.0,273139.2,233139.2,795,291,99000.0,89000.0
cobblestone,131.36,ah,cobblestone x1 -> coast_armor_trim_smithing_template x2 -> coast_armor_trim_smithing_template x2,coast_armor_trim_smithing_template,4.0,155385.7,360000.0,356000.0,204483.0,200483.0,5100,1144,90000.0,89000.0
cobblestone,131.36,ah,cobblestone x1 -> sentry_armor_trim_smithing_template x2,sentry_armor_trim_smithing_template,2.0,42488.9,198000.0,178000.0,155379.7,135379.7,795,291,99000.0,89000.0
cobblestone,131.36,ah,cobblestone x1 -> vex_armor_trim_smithing_template x2,vex_armor_trim_smithing_template,2.0,189988.9,380000.0,300000.0,189879.7,109879.7,762,656,190000.0,150000.0
cobblestone,131.36,ah,cobblestone x1 -> mossy_cobblestone x1 -> wild_armor_trim_smithing_template x2,wild_armor_trim_smithing_template,2.0,48497.0,190000.0,156250.0,141371.6,107621.6,901,610,95000.0,78125.0
cobbled_deepslate,10.0,orders,(sell raw as-is on AH),cobbled_deepslate,1,0,313.0,234.0,303.0,224.0,662928,10773,313.0,234.0
cobbled_deepslate,10.0,orders,cobbled_deepslate x1 -> ward_armor_trim_smithing_template x2 -> ward_armor_trim_smithing_template x2,ward_armor_trim_smithing_template,4.0,163215.9,380000.0,380000.0,216774.1,216774.1,1323,456,95000.0,95000.0
cobbled_deepslate,10.0,orders,cobbled_deepslate x1 -> ward_armor_trim_smithing_template x2,ward_armor_trim_smithing_template,2.0,83218.1,190000.0,190000.0,106771.9,106771.9,1323,456,95000.0,95000.0
cobbled_deepslate,10.0,orders,cobbled_deepslate x1 -> silence_armor_trim_smithing_template x2 -> silence_armor_trim_smithing_template x2,silence_armor_trim_smithing_template,4.0,140986.7,186876.0,186876.0,45879.3,45879.3,48805,9278,46719.0,46719.0
cobbled_deepslate,10.0,orders,cobbled_deepslate x1 -> silence_armor_trim_smithing_template x2,silence_armor_trim_smithing_template,2.0,60988.9,93438.0,93438.0,32439.1,32439.1,48805,9278,46719.0,46719.0
cobbled_deepslate,10.0,orders,cobbled_deepslate x4 -> polished_deepslate x4 -> polished_deepslate_wall x6,polished_deepslate_wall,1.0,0.0,7813.0,7797.0,7803.0,7787.0,15553,252,7813.0,7797.0
cobbled_deepslate,10.0,orders,cobbled_deepslate x8 -> furnace x1 -> furnace_minecart x1,furnace_minecart,0.125,57.5,1875.0,1875.0,1807.5,1807.5,178,178,15000.0,15000.0
stone,14.0,orders,(sell raw as-is on AH),stone,1,0,547.0,547.0,533.0,533.0,737837,11820,547.0,547.0
stone,14.0,orders,stone x3 -> stone_slab x6 -> grindstone x1,grindstone,2.0,148.0,90000.0,75000.0,89838.0,74838.0,12618,2127,45000.0,37500.0
stone,14.0,orders,stone x3 -> stone_slab x6 -> grindstone x1,grindstone,2.0,200.0,90000.0,75000.0,89786.0,74786.0,12618,2127,45000.0,37500.0
stone,14.0,orders,stone x3 -> stone_slab x6 -> grindstone x1,grindstone,2.0,228.0,90000.0,75000.0,89758.0,74758.0,12618,2127,45000.0,37500.0
stone,14.0,orders,stone x3 -> stone_slab x6 -> grindstone x1,grindstone,2.0,645.0,90000.0,75000.0,89341.0,74341.0,12618,2127,45000.0,37500.0
stone,14.0,orders,stone x3 -> stone_slab x6 -> grindstone x1,grindstone,2.0,1020.0,90000.0,75000.0,88966.0,73966.0,12618,2127,45000.0,37500.0
stone,14.0,orders,stone x3 -> stone_slab x6 -> grindstone x1,grindstone,2.0,1896.0,90000.0,75000.0,88090.0,73090.0,12618,2127,45000.0,37500.0
bone,137.0,orders,(sell raw as-is on AH),bone,1,0,703.0,625.0,566.0,488.0,286684,4790,703.0,625.0
bone,137.0,orders,bone x1 -> bone_meal x3 -> white_dye x1,white_dye,3.0,0.0,2343.0,1407.0,2206.0,1270.0,216041,3544,781.0,469.0
bone,137.0,orders,bone x1 -> bone_meal x3,bone_meal,3.0,0.0,1407.0,423.0,1270.0,286.0,1443928,23437,469.0,141.0
bone,137.0,orders,bone x1 -> bone_meal x3 -> bone_block x1,bone_block,0.333,0.0,257.0,254.3,120.0,117.3,625747,11476,771.0,763.0
bone_meal,216.09,ah,(sell raw as-is on AH),bone_meal,1,0,469.0,141.0,252.9,-75.1,1443928,23437,469.0,141.0
bone_meal,216.09,ah,bone_meal x1 -> white_dye x1 -> white_stained_glass_pane x8,white_stained_glass_pane,8.0,4872.0,24872.0,24872.0,19783.9,19783.9,59628,1017,3109.0,3109.0
bone_meal,216.09,ah,bone_meal x1 -> white_dye x1 -> white_concrete_powder x8,white_concrete_powder,8.0,1290.0,12128.0,11872.0,10621.9,10365.9,82301,1360,1516.0,1484.0
bone_meal,216.09,ah,bone_meal x1 -> white_dye x1 -> white_stained_glass x8,white_stained_glass,8.0,2240.0,10000.0,10000.0,7543.9,7543.9,434788,6964,1250.0,1250.0
bone_meal,216.09,ah,bone_meal x1 -> white_dye x1 -> white_candle x1,white_candle,1.0,100.0,4688.0,4688.0,4371.9,4371.9,28616,777,4688.0,4688.0
bone_meal,216.09,ah,bone_meal x1 -> white_dye x1 -> white_terracotta x8,white_terracotta,8.0,2000.0,6872.0,6248.0,4655.9,4031.9,63018,1045,859.0,781.0
bone_meal,216.09,ah,bone_meal x1 -> white_dye x1 -> lime_dye x2,lime_dye,2.0,781.0,3750.0,3438.0,2752.9,2440.9,115827,1837,1875.0,1719.0
kelp,138.56,ah,(sell raw as-is on AH),kelp,1,0,156.0,156.0,17.4,17.4,712574,11651,156.0,156.0
iron_ingot,170.0,orders,(sell raw as-is on AH),iron_ingot,1,0,677.0,677.0,507.0,507.0,614588,12891,677.0,677.0
iron_ingot,170.0,orders,iron_ingot x1 -> iron_chain x1 -> acacia_hanging_sign x6,acacia_hanging_sign,3.0,12056.3,937500.0,285000.0,925273.7,272773.7,173,38,312500.0,95000.0
iron_ingot,170.0,orders,iron_ingot x1 -> tripwire_hook x2 -> trapped_chest x1,trapped_chest,2.0,1153.5,400000.0,200000.0,398676.5,198676.5,12381,402,200000.0,100000.0
iron_ingot,170.0,orders,iron_ingot x1 -> tripwire_hook x2 -> trapped_chest x1,trapped_chest,2.0,1166.5,400000.0,200000.0,398663.5,198663.5,12381,402,200000.0,100000.0
iron_ingot,170.0,orders,iron_ingot x1 -> tripwire_hook x2 -> trapped_chest x1,trapped_chest,2.0,1173.5,400000.0,200000.0,398656.5,198656.5,12381,402,200000.0,100000.0
iron_ingot,170.0,orders,iron_ingot x1 -> tripwire_hook x2 -> trapped_chest x1,trapped_chest,2.0,1277.7,400000.0,200000.0,398552.3,198552.3,12381,402,200000.0,100000.0
iron_ingot,170.0,orders,iron_ingot x1 -> tripwire_hook x2 -> trapped_chest x1,trapped_chest,2.0,1371.5,400000.0,200000.0,398458.5,198458.5,12381,402,200000.0,100000.0
gold_ingot,600.0,orders,(sell raw as-is on AH),gold_ingot,1,0,2813.0,2813.0,2213.0,2213.0,196989,5897,2813.0,2813.0
gold_ingot,600.0,orders,gold_ingot x4 -> netherite_ingot x1,netherite_ingot,0.25,1200000.0,1500000.0,1500000.0,299400.0,299400.0,6212,4726,6000000.0,6000000.0
gold_ingot,600.0,orders,gold_ingot x4 -> netherite_ingot x1 -> netherite_block x1,netherite_block,0.028,1200000.0,1444444.4,1427777.7,243844.4,227177.7,1548,1476,52000000.0,51399997.0
gold_ingot,600.0,orders,gold_ingot x6 -> powered_rail x6,powered_rail,1.0,61.0,40000.0,40000.0,39339.0,39339.0,262086,10102,40000.0,40000.0
gold_ingot,600.0,orders,gold_ingot x2 -> light_weighted_pressure_plate x1,light_weighted_pressure_plate,0.5,0.0,19999.5,10000.0,19399.5,9400.0,11314,1356,39999.0,20000.0
gold_ingot,600.0,orders,gold_ingot x4 -> clock x1,clock,0.25,90.2,15000.0,8750.0,14309.8,8059.8,1072,581,60000.0,35000.0
gold_ingot,600.0,orders,gold_ingot x1 -> gold_nugget x9,gold_nugget,9.0,0.0,14067.0,6750.0,13467.0,6150.0,53189,1040,1563.0,750.0
copper_ingot,63.0,orders,(sell raw as-is on AH),copper_ingot,1,0,625.0,469.0,562.0,406.0,144234,2552,625.0,469.0
copper_ingot,63.0,orders,copper_ingot x1 -> copper_nugget x9 -> copper_torch x4,copper_torch,36.0,945.0,56268.0,56268.0,55260.0,55260.0,7357,163,1563.0,1563.0
copper_ingot,63.0,orders,copper_ingot x1 -> copper_nugget x9 -> copper_torch x4,copper_torch,36.0,1845.0,56268.0,56268.0,54360.0,54360.0,7357,163,1563.0,1563.0
copper_ingot,63.0,orders,copper_ingot x1 -> copper_chain x1 -> waxed_copper_chain x1,waxed_copper_chain,1.0,705.5,50000.0,45313.0,49231.5,44544.5,450,9,50000.0,45313.0
copper_ingot,63.0,orders,copper_ingot x6 -> copper_bars x16 -> waxed_copper_bars x1,waxed_copper_bars,2.667,266.7,208333.3,43010.7,208003.7,42681.0,1041,44,78125.0,16129.0
copper_ingot,63.0,orders,copper_ingot x3 -> lightning_rod x1 -> waxed_lightning_rod x1,waxed_lightning_rod,0.333,33.3,51562.7,26041.7,51466.3,25945.3,1195,40,154688.0,78125.0
copper_ingot,63.0,orders,copper_ingot x6 -> copper_door x3 -> waxed_copper_door x1,waxed_copper_door,0.5,50.0,45000.0,25000.0,44887.0,24887.0,5,3,90000.0,50000.0
diamond,5712.7,ah,(sell raw as-is on AH),diamond,1,0,7000.0,6579.0,1287.3,866.3,426121,17301,7000.0,6579.0
diamond,5712.7,ah,diamond x7 -> wayfinder_armor_trim_smithing_template x2 -> wayfinder_armor_trim_smithing_template x2,wayfinder_armor_trim_smithing_template,0.571,12246.8,113714.3,97142.9,95754.8,79183.3,349,228,199000.0,170000.0
diamond,5712.7,ah,diamond x7 -> shaper_armor_trim_smithing_template x2 -> shaper_armor_trim_smithing_template x2,shaper_armor_trim_smithing_template,0.571,35818.3,114285.7,97142.9,72754.8,55611.9,230,177,200000.0,170000.0
diamond,5712.7,ah,diamond x7 -> snout_armor_trim_smithing_template x2 -> snout_armor_trim_smithing_template x2,snout_armor_trim_smithing_template,0.571,12218.3,68570.9,68000.0,50639.9,50069.0,606,412,119999.0,119000.0
diamond,5712.7,ah,diamond x7 -> vex_armor_trim_smithing_template x2 -> vex_armor_trim_smithing_template x2,vex_armor_trim_smithing_template,0.571,32910.3,108571.4,85714.3,69948.5,47091.3,762,656,190000.0,150000.0
diamond,5712.7,ah,diamond x7 -> wayfinder_armor_trim_smithing_template x2,wayfinder_armor_trim_smithing_template,0.286,750.0,56857.1,48571.4,50394.4,42108.7,349,228,199000.0,170000.0
diamond,5712.7,ah,diamond x7 -> dune_armor_trim_smithing_template x2 -> dune_armor_trim_smithing_template x2,dune_armor_trim_smithing_template,0.571,11930.8,80000.0,57142.9,62356.5,39499.4,1456,1077,140000.0,100000.0
emerald,556.0,orders,(sell raw as-is on AH),emerald,1,0,3438.0,3438.0,2882.0,2882.0,247593,6250,3438.0,3438.0
emerald,556.0,orders,emerald x9 -> emerald_block x1 -> emerald x9,emerald,1.0,0.0,3438.0,3438.0,2882.0,2882.0,247593,6250,3438.0,3438.0
emerald,556.0,orders,emerald x9 -> emerald_block x1,emerald_block,0.111,0.0,3107.7,3107.7,2551.7,2551.7,230120,6385,27969.0,27969.0
redstone,360.88,ah,(sell raw as-is on AH),redstone,1,0,467.0,431.0,106.1,70.1,727721,17641,467.0,431.0
redstone,360.88,ah,redstone x1 -> oxidized_copper_bulb x4,oxidized_copper_bulb,4.0,3400.0,320000.0,280000.0,316239.1,276239.1,6937,802,80000.0,70000.0
redstone,360.88,ah,redstone x1 -> powered_rail x6,powered_rail,6.0,3605.0,240000.0,240000.0,236034.1,236034.1,262086,10102,40000.0,40000.0
redstone,360.88,ah,redstone x1 -> exposed_copper_bulb x4,exposed_copper_bulb,4.0,15400.0,266460.0,200000.0,250699.1,184239.1,174,21,66615.0,50000.0
redstone,360.88,ah,redstone x1 -> weathered_copper_bulb x4,weathered_copper_bulb,4.0,131650.0,400000.0,180000.0,267989.1,47989.1,157,91,100000.0,45000.0
redstone,360.88,ah,redstone x1 -> oxidized_copper_bulb x4 -> waxed_oxidized_copper_bulb x1,waxed_oxidized_copper_bulb,4.0,3800.0,50000.0,50000.0,45839.1,45839.1,18772,1008,12500.0,12500.0
redstone,360.88,ah,redstone x1 -> waxed_oxidized_copper_bulb x4,waxed_oxidized_copper_bulb,4.0,14454.4,50000.0,50000.0,35184.7,35184.7,18772,1008,12500.0,12500.0
coal,200.0,orders,(sell raw as-is on AH),coal,1,0,623.0,623.0,423.0,423.0,400411,6826,623.0,623.0
coal,200.0,orders,coal x1 -> torch x4 -> jack_o_lantern x1,jack_o_lantern,4.0,573.0,160000.0,77420.0,159227.0,76647.0,3000,233,40000.0,19355.0
coal,200.0,orders,coal x1 -> copper_torch x4 -> copper_lantern x1,copper_lantern,4.0,9995.1,28124.0,25000.0,17928.9,14804.9,7135,194,7031.0,6250.0
coal,200.0,orders,coal x1 -> campfire x1,campfire,1.0,165.0,8594.0,8594.0,8229.0,8229.0,29423,2082,8594.0,8594.0
coal,200.0,orders,coal x1 -> campfire x1,campfire,1.0,167.7,8594.0,8594.0,8226.3,8226.3,29423,2082,8594.0,8594.0
coal,200.0,orders,coal x1 -> campfire x1,campfire,1.0,213.0,8594.0,8594.0,8181.0,8181.0,29423,2082,8594.0,8594.0
coal,200.0,orders,coal x1 -> campfire x1,campfire,1.0,231.0,8594.0,8594.0,8163.0,8163.0,29423,2082,8594.0,8594.0
lapis_lazuli,22.0,orders,(sell raw as-is on AH),lapis_lazuli,1,0,1563.0,1563.0,1541.0,1541.0,290225,5179,1563.0,1563.0
lapis_lazuli,22.0,orders,lapis_lazuli x1 -> blue_dye x1 -> blue_harness x1,blue_harness,1.0,100000.0,500000.0,500000.0,399978.0,399978.0,56,56,500000.0,500000.0
lapis_lazuli,22.0,orders,lapis_lazuli x1 -> blue_dye x1 -> blue_stained_glass_pane x8,blue_stained_glass_pane,8.0,4872.0,25000.0,25000.0,20106.0,20106.0,14251,233,3125.0,3125.0
lapis_lazuli,22.0,orders,lapis_lazuli x1 -> blue_dye x1 -> blue_concrete_powder x8,blue_concrete_powder,8.0,1290.0,12504.0,12504.0,11192.0,11192.0,42865,679,1563.0,1563.0
lapis_lazuli,22.0,orders,lapis_lazuli x1 -> blue_dye x1 -> blue_stained_glass x8,blue_stained_glass,8.0,2240.0,12248.0,12248.0,9986.0,9986.0,222329,3707,1531.0,1531.0
lapis_lazuli,22.0,orders,lapis_lazuli x1 -> blue_dye x1 -> blue_terracotta x8,blue_terracotta,8.0,2000.0,38064.0,11768.0,36042.0,9746.0,38240,611,4758.0,1471.0
lapis_lazuli,22.0,orders,lapis_lazuli x1 -> blue_dye x1 -> blue_candle x1,blue_candle,1.0,100.0,10156.0,6250.0,10034.0,6128.0,4932,121,10156.0,6250.0
quartz,310.0,orders,(sell raw as-is on AH),quartz,1,0,12500.0,1719.0,12190.0,1409.0,161932,3110,12500.0,1719.0
quartz,310.0,orders,quartz x3 -> daylight_detector x1,daylight_detector,0.333,373.8,33333.3,33333.3,32649.6,32649.6,2141,185,100000.0,100000.0
quartz,310.0,orders,quartz x3 -> daylight_detector x1,daylight_detector,0.333,389.4,33333.3,33333.3,32634.0,32634.0,2141,185,100000.0,100000.0
quartz,310.0,orders,quartz x3 -> daylight_detector x1,daylight_detector,0.333,436.0,33333.3,33333.3,32587.3,32587.3,2141,185,100000.0,100000.0
quartz,310.0,orders,quartz x3 -> daylight_detector x1,daylight_detector,0.333,592.5,33333.3,33333.3,32430.8,32430.8,2141,185,100000.0,100000.0
quartz,310.0,orders,quartz x3 -> daylight_detector x1,daylight_detector,0.333,889.0,33333.3,33333.3,32134.3,32134.3,2141,185,100000.0,100000.0
quartz,310.0,orders,quartz x3 -> daylight_detector x1,daylight_detector,0.333,1014.0,33333.3,33333.3,32009.3,32009.3,2141,185,100000.0,100000.0
sand,312.5,ah,(sell raw as-is on AH),sand,1,0,313.0,313.0,0.5,0.5,577405,9601,313.0,313.0
sand,312.5,ah,sand x4 -> sandstone x1 -> dune_armor_trim_smithing_template x2,dune_armor_trim_smithing_template,0.5,10647.2,70000.0,50000.0,59040.3,39040.3,1456,1077,140000.0,100000.0
sand,312.5,ah,sand x4 -> tnt x1 -> tnt_minecart x1,tnt_minecart,0.25,173.8,8750.0,8250.0,8263.8,7763.8,9090,9090,35000.0,33000.0
sand,312.5,ah,sand x4 -> cyan_concrete_powder x8,cyan_concrete_powder,2.0,22.5,8482.0,7812.0,8147.0,7477.0,22722,360,4241.0,3906.0
sand,312.5,ah,sand x4 -> brown_concrete_powder x8,brown_concrete_powder,2.0,357.7,7812.0,7812.0,7141.8,7141.8,9120,147,3906.0,3906.0
sand,312.5,ah,sand x4 -> purple_concrete_powder x8,purple_concrete_powder,2.0,205.2,9376.0,6006.0,8858.2,5488.2,61841,969,4688.0,3003.0
sand,312.5,ah,sand x4 -> yellow_concrete_powder x8,yellow_concrete_powder,2.0,88.1,5366.0,5366.0,4965.4,4965.4,27664,441,2683.0,2683.0
gunpowder,47.0,orders,(sell raw as-is on AH),gunpowder,1,0,266.0,266.0,219.0,219.0,252431,5054,266.0,266.0
gunpowder,47.0,orders,gunpowder x5 -> tnt x1 -> tnt_minecart x1,tnt_minecart,0.2,294.4,7000.0,6600.0,6658.6,6258.6,9090,9090,35000.0,33000.0
gunpowder,47.0,orders,gunpowder x5 -> tnt x1 -> tnt_minecart x1,tnt_minecart,0.2,342.0,7000.0,6600.0,6611.0,6211.0,9090,9090,35000.0,33000.0
gunpowder,47.0,orders,gunpowder x1 -> fire_charge x3,fire_charge,3.0,230.0,4689.0,4689.0,4412.0,4412.0,19186,761,1563.0,1563.0
gunpowder,47.0,orders,gunpowder x1 -> firework_rocket x3,firework_rocket,3.0,103.0,3282.0,1407.0,3132.0,1257.0,532862,9410,1094.0,469.0
gunpowder,47.0,orders,gunpowder x5 -> tnt x1,tnt,0.2,202.4,781.2,781.2,531.8,531.8,871838,22975,3906.0,3906.0
gunpowder,47.0,orders,gunpowder x5 -> tnt x1,tnt,0.2,250.0,781.2,781.2,484.2,484.2,871838,22975,3906.0,3906.0
obsidian,601.0,orders,(sell raw as-is on AH),obsidian,1,0,1094.0,1094.0,493.0,493.0,630640,23728,1094.0,1094.0
obsidian,601.0,orders,obsidian x3 -> beacon x1,beacon,0.333,37466.7,83333.3,72916.7,45265.7,34849.0,31906,1835,250000.0,218750.0
obsidian,601.0,orders,obsidian x8 -> ender_chest x1,ender_chest,0.125,1.2,4750.0,2125.0,4147.8,1522.8,67561,19648,38000.0,17000.0
crying_obsidian,201.0,orders,(sell raw as-is on AH),crying_obsidian,1,0,4375.0,4375.0,4174.0,4174.0,85871,2526,4375.0,4375.0
crying_obsidian,201.0,orders,crying_obsidian x6 -> respawn_anchor x1,respawn_anchor,0.167,215.0,3645.5,3645.5,3229.5,3229.5,164388,5522,21873.0,21873.0
glowstone_dust,10.0,orders,(sell raw as-is on AH),glowstone_dust,1,0,781.0,781.0,771.0,771.0,95056,2295,781.0,781.0
glowstone_dust,10.0,orders,glowstone_dust x4 -> glowstone x1,glowstone,0.25,0.0,2083.2,1953.2,2073.2,1943.2,288488,10157,8333.0,7813.0
glowstone_dust,10.0,orders,glowstone_dust x4 -> glowstone x1 -> respawn_anchor x1,respawn_anchor,0.083,100.5,1822.8,1822.8,1712.2,1712.2,164388,5522,21873.0,21873.0
glowstone_dust,10.0,orders,glowstone_dust x4 -> glowstone x1 -> redstone_lamp x1,redstone_lamp,0.25,360.9,1172.0,1172.0,801.1,801.1,44953,2814,4688.0,4688.0
glowstone_dust,10.0,orders,glowstone_dust x4 -> spectral_arrow x2,spectral_arrow,0.5,62.5,586.0,547.0,513.5,474.5,54827,931,1172.0,1094.0
glowstone,430.0,orders,(sell raw as-is on AH),glowstone,1,0,8333.0,7813.0,7903.0,7383.0,288488,10157,8333.0,7813.0
glowstone,430.0,orders,glowstone x3 -> respawn_anchor x1,respawn_anchor,0.333,402.0,7291.0,7291.0,6459.0,6459.0,164388,5522,21873.0,21873.0
glowstone,430.0,orders,glowstone x1 -> redstone_lamp x1,redstone_lamp,1.0,1443.5,4688.0,4688.0,2814.5,2814.5,44953,2814,4688.0,4688.0
blaze_rod,400.0,orders,(sell raw as-is on AH),blaze_rod,1,0,773.0,773.0,373.0,373.0,479819,8004,773.0,773.0
blaze_rod,400.0,orders,blaze_rod x1 -> oxidized_copper_bulb x4,oxidized_copper_bulb,4.0,3360.9,320000.0,280000.0,316239.1,276239.1,6937,802,80000.0,70000.0
blaze_rod,400.0,orders,blaze_rod x1 -> exposed_copper_bulb x4,exposed_copper_bulb,4.0,15360.9,266460.0,200000.0,250699.1,184239.1,174,21,66615.0,50000.0
blaze_rod,400.0,orders,blaze_rod x1 -> weathered_copper_bulb x4,weathered_copper_bulb,4.0,131610.9,400000.0,180000.0,267989.1,47989.1,157,91,100000.0,45000.0
blaze_rod,400.0,orders,blaze_rod x1 -> oxidized_copper_bulb x4 -> waxed_oxidized_copper_bulb x1,waxed_oxidized_copper_bulb,4.0,3760.9,50000.0,50000.0,45839.1,45839.1,18772,1008,12500.0,12500.0
blaze_rod,400.0,orders,blaze_rod x1 -> waxed_oxidized_copper_bulb x4,waxed_oxidized_copper_bulb,4.0,14415.3,50000.0,50000.0,35184.7,35184.7,18772,1008,12500.0,12500.0
blaze_rod,400.0,orders,blaze_rod x1 -> waxed_weathered_copper_bulb x4,waxed_weathered_copper_bulb,4.0,58053.2,140000.0,80000.0,81546.8,21546.8,909,143,35000.0,20000.0
nether_wart,52.0,orders,(sell raw as-is on AH),nether_wart,1,0,1703.0,1563.0,1651.0,1511.0,221178,3899,1703.0,1563.0
nether_wart,52.0,orders,nether_wart x2 -> red_nether_bricks x1 -> red_nether_brick_slab x6,red_nether_brick_slab,1.0,469.0,23438.0,15558.0,22917.0,15037.0,5082,88,23438.0,15558.0
nether_wart,52.0,orders,nether_wart x2 -> red_nether_bricks x1 -> red_nether_brick_wall x6,red_nether_brick_wall,0.5,469.0,7726.5,7031.5,7205.5,6510.5,2919,48,15453.0,14063.0
nether_wart,52.0,orders,nether_wart x2 -> red_nether_bricks x1 -> red_nether_brick_stairs x4,red_nether_brick_stairs,0.333,469.0,6250.0,5729.3,5729.0,5208.3,6843,119,18750.0,17188.0
nether_wart,52.0,orders,nether_wart x2 -> red_nether_bricks x1,red_nether_bricks,0.5,469.0,3554.5,3554.5,3033.5,3033.5,59457,941,7109.0,7109.0
nether_wart,52.0,orders,nether_wart x9 -> nether_wart_block x1,nether_wart_block,0.111,0.0,104.2,100.7,52.2,48.7,23039,410,938.0,906.0
sugar_cane,51.0,orders,(sell raw as-is on AH),sugar_cane,1,0,1250.0,547.0,1199.0,496.0,467440,8684,1250.0,547.0
sugar_cane,51.0,orders,sugar_cane x3 -> paper x3 -> skull_banner_pattern x1,skull_banner_pattern,1.0,31000.0,500000.0,320000.0,468949.0,288949.0,135,135,500000.0,320000.0
sugar_cane,51.0,orders,sugar_cane x3 -> paper x3 -> mojang_banner_pattern x1,mojang_banner_pattern,1.0,1365919.5,1590000.0,1590000.0,224029.5,224029.5,37,37,1590000.0,1590000.0
sugar_cane,51.0,orders,sugar_cane x3 -> paper x3 -> field_masoned_banner_pattern x1,field_masoned_banner_pattern,1.0,1953.0,400000.0,100000.0,397996.0,97996.0,50,50,400000.0,100000.0
sugar_cane,51.0,orders,sugar_cane x3 -> paper x3 -> bordure_indented_banner_pattern x1,bordure_indented_banner_pattern,1.0,1406.2,100000.0,99000.0,98542.8,97542.8,218,218,100000.0,99000.0
sugar_cane,51.0,orders,sugar_cane x1 -> sugar x1 -> cake x1,cake,0.5,951.5,75000.0,49500.0,73997.5,48497.5,1808,1808,150000.0,99000.0
sugar_cane,51.0,orders,sugar_cane x1 -> sugar x1 -> cake x1,cake,0.5,1500.0,75000.0,49500.0,73449.0,47949.0,1808,1808,150000.0,99000.0
bamboo,14.0,orders,(sell raw as-is on AH),bamboo,1,0,93.75,93.75,79.8,79.8,350849,5824,93.75,93.75
bamboo,14.0,orders,bamboo x2 -> stick x1 -> powered_rail x6,powered_rail,3.0,1980.4,120000.0,120000.0,118005.6,118005.6,262086,10102,40000.0,40000.0
bamboo,14.0,orders,bamboo x2 -> stick x1 -> black_banner x1,black_banner,0.5,90.0,125000.0,100000.0,124896.0,99896.0,9145,2501,250000.0,200000.0
bamboo,14.0,orders,bamboo x2 -> stick x1 -> orange_banner x1,orange_banner,0.5,12938.8,100000.0,100000.0,87047.1,87047.1,410,66,200000.0,200000.0
bamboo,14.0,orders,bamboo x2 -> stick x1 -> cyan_banner x1,cyan_banner,0.5,7031.2,231500.0,75000.0,224454.8,67954.8,358,227,463000.0,150000.0
bamboo,14.0,orders,bamboo x2 -> stick x1 -> red_banner x1,red_banner,0.5,8830.4,99999.5,75000.0,91155.1,66155.6,3540,1198,199999.0,150000.0
bamboo,14.0,orders,bamboo x2 -> stick x1 -> lime_banner x1,lime_banner,0.5,9375.0,75000.0,75000.0,65611.0,65611.0,362,232,150000.0,150000.0
string,72.0,orders,(sell raw as-is on AH),string,1,0,625.0,625.0,553.0,553.0,167401,3226,625.0,625.0
string,72.0,orders,string x1 -> bundle x1,bundle,1.0,283.0,99000.0,99000.0,98645.0,98645.0,4165,4165,99000.0,99000.0
string,72.0,orders,string x1 -> candle x1 -> purple_candle x1,purple_candle,1.0,881.0,84000.0,84000.0,83047.0,83047.0,6559,203,84000.0,84000.0
string,72.0,orders,string x2 -> loom x1,loom,0.5,32.0,27500.0,25000.0,27396.0,24896.0,11117,900,55000.0,50000.0
string,72.0,orders,string x2 -> loom x1,loom,0.5,45.0,27500.0,25000.0,27383.0,24883.0,11117,900,55000.0,50000.0
string,72.0,orders,string x2 -> loom x1,loom,0.5,52.0,27500.0,25000.0,27376.0,24876.0,11117,900,55000.0,50000.0
string,72.0,orders,string x2 -> loom x1,loom,0.5,156.2,27500.0,25000.0,27271.8,24771.8,11117,900,55000.0,50000.0
leather,283.0,orders,(sell raw as-is on AH),leather,1,0,1719.0,1719.0,1436.0,1436.0,240201,5488,1719.0,1719.0
leather,283.0,orders,leather x3 -> blue_harness x1,blue_harness,0.333,210.0,166666.7,166666.7,166173.7,166173.7,56,56,500000.0,500000.0
leather,283.0,orders,leather x3 -> pink_harness x1,pink_harness,0.333,240.0,250000.0,166666.7,249477.0,166143.7,20,20,750000.0,500000.0
leather,283.0,orders,leather x3 -> black_harness x1 -> pink_harness x1,pink_harness,0.333,243.5,250000.0,166666.7,249473.5,166140.1,20,20,750000.0,500000.0
leather,283.0,orders,leather x3 -> black_harness x1 -> blue_harness x1,blue_harness,0.333,451.9,166666.7,166666.7,165931.8,165931.8,56,56,500000.0,500000.0
leather,283.0,orders,leather x3 -> black_harness x1 -> orange_harness x1,orange_harness,0.333,664.0,1000000.0,133333.3,999053.0,132386.3,21,21,3000000.0,400000.0
leather,283.0,orders,leather x3 -> orange_harness x1,orange_harness,0.333,1624.3,1000000.0,133333.3,998092.7,131426.0,21,21,3000000.0,400000.0
slime_ball,40.0,orders,(sell raw as-is on AH),slime_ball,1,0,469.0,469.0,429.0,429.0,107749,1882,469.0,469.0
slime_ball,40.0,orders,slime_ball x9 -> slime_block x1,slime_block,0.111,0.0,5000.0,3333.3,4960.0,3293.3,265477,8925,45000.0,30000.0
slime_ball,40.0,orders,slime_ball x1 -> magma_cream x1,magma_cream,1.0,30.0,3438.0,2969.0,3368.0,2899.0,38984,711,3438.0,2969.0
slime_ball,40.0,orders,slime_ball x1 -> sticky_piston x1,sticky_piston,1.0,853.0,15999.0,3625.0,15106.0,2732.0,214402,11586,15999.0,3625.0
slime_ball,40.0,orders,slime_ball x9 -> slime_block x1 -> slime_ball x9,slime_ball,1.0,0.0,469.0,469.0,429.0,429.0,107749,1882,469.0,469.0
slime_ball,40.0,orders,slime_ball x1 -> magma_cream x1 -> magma_block x1,magma_block,0.25,30.0,97.8,97.8,27.8,27.8,189409,3410,391.0,391.0
ender_pearl,55.0,orders,(sell raw as-is on AH),ender_pearl,1,0,938.0,938.0,883.0,883.0,494027,35849,938.0,938.0
ender_pearl,55.0,orders,ender_pearl x1 -> ender_eye x1 -> end_crystal x1,end_crystal,1.0,11990.0,27500.0,25000.0,15455.0,12955.0,423402,18141,27500.0,25000.0
ender_pearl,55.0,orders,ender_pearl x1 -> ender_eye x1 -> ender_chest x1,ender_chest,1.0,4838.0,38000.0,17000.0,33107.0,12107.0,67561,19648,38000.0,17000.0
ender_pearl,55.0,orders,ender_pearl x1 -> ender_eye x1,ender_eye,1.0,30.0,3109.0,3109.0,3024.0,3024.0,94772,2025,3109.0,3109.0
ender_eye,10.0,orders,(sell raw as-is on AH),ender_eye,1,0,3109.0,3109.0,3099.0,3099.0,94772,2025,3109.0,3109.0
ender_eye,10.0,orders,ender_eye x1 -> end_crystal x1,end_crystal,1.0,11960.0,27500.0,25000.0,15530.0,13030.0,423402,18141,27500.0,25000.0
ender_eye,10.0,orders,ender_eye x1 -> ender_chest x1,ender_chest,1.0,4808.0,38000.0,17000.0,33182.0,12182.0,67561,19648,38000.0,17000.0
ghast_tear,10000.0,orders,(sell raw as-is on AH),ghast_tear,1,0,15600.0,15600.0,5600.0,5600.0,18820,634,15600.0,15600.0
ghast_tear,10000.0,orders,ghast_tear x1 -> end_crystal x1,end_crystal,1.0,1970.0,27500.0,25000.0,15530.0,13030.0,423402,18141,27500.0,25000.0
ghast_tear,10000.0,orders,ghast_tear x8 -> dried_ghast x1,dried_ghast,0.125,10.6,1250.0,625.0,-8760.6,-9385.6,15357,756,10000.0,5000.0
wheat,225.0,orders,(sell raw as-is on AH),wheat,1,0,1859.0,1563.0,1634.0,1338.0,228627,3800,1859.0,1563.0
wheat,225.0,orders,wheat x3 -> cake x1,cake,0.333,638.7,50000.0,33000.0,49136.3,32136.3,1808,1808,150000.0,99000.0
wheat,225.0,orders,wheat x3 -> cake x1,cake,0.333,1004.3,50000.0,33000.0,48770.7,31770.7,1808,1808,150000.0,99000.0
wheat,225.0,orders,wheat x3 -> cake x1,cake,0.333,1046.0,50000.0,33000.0,48729.0,31729.0,1808,1808,150000.0,99000.0
wheat,225.0,orders,wheat x1 -> packed_mud x1,packed_mud,1.0,1.0,4672.0,3906.0,4446.0,3680.0,44923,725,4672.0,3906.0
wheat,225.0,orders,wheat x1 -> packed_mud x1 -> mud_bricks x4,mud_bricks,1.0,1.0,3125.0,3125.0,2899.0,2899.0,64542,1080,3125.0,3125.0
wheat,225.0,orders,wheat x2 -> cookie x8,cookie,4.0,13.0,2776.0,2752.0,2538.0,2514.0,72952,1195,694.0,688.0
pumpkin,70.0,orders,(sell raw as-is on AH),pumpkin,1,0,1203.0,1172.0,1133.0,1102.0,97016,2148,1203.0,1172.0
pumpkin,70.0,orders,pumpkin x1 -> pumpkin_seeds x4,pumpkin_seeds,4.0,0.0,2812.0,2812.0,2742.0,2742.0,49780,932,703.0,703.0
pumpkin,70.0,orders,pumpkin x1 -> pumpkin_pie x1,pumpkin_pie,1.0,372.0,1815.0,1563.0,1373.0,1121.0,10185,216,1815.0,1563.0
melon_slice,10.0,orders,(sell raw as-is on AH),melon_slice,1,0,469.0,469.0,459.0,459.0,83226,1525,469.0,469.0
melon_slice,10.0,orders,melon_slice x1 -> glistering_melon_slice x1,glistering_melon_slice,1.0,264.0,6219.0,1563.0,5945.0,1289.0,9897,282,6219.0,1563.0
melon_slice,10.0,orders,melon_slice x1 -> melon_seeds x1,melon_seeds,1.0,0.0,1563.0,800.0,1553.0,790.0,8985,290,1563.0,800.0
melon_slice,10.0,orders,melon_slice x9 -> melon x1,melon,0.111,0.0,173.7,164.9,163.7,154.9,35758,628,1563.0,1484.0
cactus,361.14,ah,(sell raw as-is on AH),cactus,1,0,422.0,422.0,60.9,60.9,143851,2477,422.0,422.0
netherrack,159.31,ah,(sell raw as-is on AH),netherrack,1,0,594.0,313.0,434.7,153.7,291894,4677,594.0,313.0
netherrack,159.31,ah,netherrack x1 -> rib_armor_trim_smithing_template x2 -> rib_armor_trim_smithing_template x2,rib_armor_trim_smithing_template,4.0,125285.3,380000.0,380000.0,254555.4,254555.4,2364,1412,95000.0,95000.0
netherrack,159.31,ah,netherrack x1 -> rib_armor_trim_smithing_template x2,rib_armor_trim_smithing_template,2.0,44988.9,190000.0,190000.0,144851.8,144851.8,2364,1412,95000.0,95000.0
netherrack,159.31,ah,netherrack x1 -> netherite_upgrade_smithing_template x2 -> netherite_upgrade_smithing_template x2,netherite_upgrade_smithing_template,4.0,129385.3,199200.0,192000.0,69655.4,62455.4,15842,4147,49800.0,48000.0
netherrack,159.31,ah,netherrack x1 -> netherite_upgrade_smithing_template x2,netherite_upgrade_smithing_template,2.0,49088.9,99600.0,96000.0,50351.8,46751.8,15842,4147,49800.0,48000.0
blackstone,850.0,orders,(sell raw as-is on AH),blackstone,1,0,3125.0,3125.0,2275.0,2275.0,351546,5850,3125.0,3125.0
blackstone,850.0,orders,blackstone x1 -> snout_armor_trim_smithing_template x2 -> snout_armor_trim_smithing_template x2,snout_armor_trim_smithing_template,4.0,124666.7,479996.0,476000.0,354479.3,350483.3,606,412,119999.0,119000.0
blackstone,850.0,orders,blackstone x1 -> snout_armor_trim_smithing_template x2,snout_armor_trim_smithing_template,2.0,42988.9,239998.0,238000.0,196159.1,194161.1,606,412,119999.0,119000.0
blackstone,850.0,orders,blackstone x4 -> polished_blackstone x4 -> polished_blackstone_button x1,polished_blackstone_button,1.0,0.0,19500.0,17949.0,18650.0,17099.0,12630,1862,19500.0,17949.0
blackstone,850.0,orders,blackstone x4 -> polished_blackstone x4 -> polished_blackstone_pressure_plate x1,polished_blackstone_pressure_plate,0.5,0.0,17975.0,17440.0,17125.0,16590.0,1886,145,35950.0,34880.0
blackstone,850.0,orders,blackstone x3 -> blackstone_slab x6,blackstone_slab,2.0,0.0,7812.0,7812.0,6962.0,6962.0,41663,666,3906.0,3906.0
blackstone,850.0,orders,blackstone x4 -> polished_blackstone x4,polished_blackstone,1.0,0.0,3125.0,3125.0,2275.0,2275.0,241585,3942,3125.0,3125.0
basalt,62.5,ah,(sell raw as-is on AH),basalt,1,0,62.5,62.5,0.0,0.0,288433,4551,62.5,62.5
basalt,62.5,ah,basalt x4 -> polished_basalt x4,polished_basalt,1.0,0.0,1094.0,1094.0,1031.5,1031.5,102307,1612,1094.0,1094.0
tuff,1.0,orders,(sell raw as-is on AH),tuff,1,0,750.0,750.0,749.0,749.0,208020,3465,750.0,750.0
tuff,1.0,orders,tuff x4 -> polished_tuff x4 -> polished_tuff_slab x6,polished_tuff_slab,2.0,0.0,13282.0,8594.0,13281.0,8593.0,10202,177,6641.0,4297.0
tuff,1.0,orders,tuff x4 -> polished_tuff x4 -> polished_tuff_wall x6,polished_tuff_wall,1.0,0.0,10781.0,7188.0,10780.0,7187.0,5370,85,10781.0,7188.0
tuff,1.0,orders,tuff x4 -> polished_tuff x4 -> tuff_bricks x4,tuff_bricks,1.0,0.0,4688.0,3125.0,4687.0,3124.0,118562,1936,4688.0,3125.0
tuff,1.0,orders,tuff x6 -> tuff_wall x6,tuff_wall,1.0,0.0,3906.0,2656.0,3905.0,2655.0,14023,224,3906.0,2656.0
tuff,1.0,orders,tuff x4 -> polished_tuff x4 -> polished_tuff_stairs x4,polished_tuff_stairs,0.667,0.0,2604.0,2604.0,2603.0,2603.0,20324,322,3906.0,3906.0
tuff,1.0,orders,tuff x3 -> tuff_slab x6,tuff_slab,2.0,0.0,2188.0,2188.0,2187.0,2187.0,40004,634,1094.0,1094.0
deepslate,223.59,ah,(sell raw as-is on AH),deepslate,1,0,453.0,313.0,229.4,89.4,572821,10414,453.0,313.0
amethyst_shard,625.0,ah,(sell raw as-is on AH),amethyst_shard,1,0,625.0,625.0,0.0,0.0,126915,2770,625.0,625.0
amethyst_shard,625.0,ah,amethyst_shard x3 -> calibrated_sculk_sensor x1,calibrated_sculk_sensor,0.333,3333.3,33333.3,33333.3,29375.0,29375.0,916,274,100000.0,100000.0
amethyst_shard,625.0,ah,amethyst_shard x1 -> spyglass x1,spyglass,1.0,126.0,20000.0,20000.0,19249.0,19249.0,1964,1964,20000.0,20000.0
amethyst_shard,625.0,ah,amethyst_shard x4 -> tinted_glass x2,tinted_glass,0.5,70.0,764.0,764.0,69.0,69.0,119018,2035,1528.0,1528.0
amethyst_shard,625.0,ah,amethyst_shard x4 -> amethyst_block x1,amethyst_block,0.25,0.0,390.8,390.8,-234.2,-234.2,313852,6112,1563.0,1563.0
honeycomb,100.0,orders,(sell raw as-is on AH),honeycomb,1,0,1555.0,1547.0,1455.0,1447.0,104145,1877,1555.0,1547.0
honeycomb,100.0,orders,honeycomb x1 -> waxed_oxidized_copper_chain x1,waxed_oxidized_copper_chain,1.0,87500.0,1000000.0,999999.0,912400.0,912399.0,78,10,1000000.0,999999.0
honeycomb,100.0,orders,honeycomb x1 -> waxed_exposed_cut_copper x1 -> waxed_exposed_cut_copper_slab x6,waxed_exposed_cut_copper_slab,2.0,3125.0,240000.0,240000.0,236775.0,236775.0,13,13,120000.0,120000.0
honeycomb,100.0,orders,honeycomb x1 -> waxed_oxidized_lightning_rod x1,waxed_oxidized_lightning_rod,1.0,12255.0,156250.0,154688.0,143895.0,142333.0,201,12,156250.0,154688.0
honeycomb,100.0,orders,honeycomb x1 -> waxed_oxidized_copper_trapdoor x1,waxed_oxidized_copper_trapdoor,1.0,49132.5,180000.0,180000.0,130767.5,130767.5,4755,245,180000.0,180000.0
honeycomb,100.0,orders,honeycomb x1 -> waxed_exposed_cut_copper_slab x1,waxed_exposed_cut_copper_slab,1.0,10000.0,120000.0,120000.0,109900.0,109900.0,13,13,120000.0,120000.0
honeycomb,100.0,orders,honeycomb x1 -> waxed_weathered_cut_copper x1 -> waxed_weathered_cut_copper_slab x6,waxed_weathered_cut_copper_slab,2.0,28125.0,125000.0,121876.0,96775.0,93651.0,443,8,62500.0,60938.0
clay_ball,359.39,ah,(sell raw as-is on AH),clay_ball,1,0,547.0,313.0,187.6,-46.4,96168,1609,547.0,313.0
clay_ball,359.39,ah,clay_ball x4 -> clay x1,clay,0.25,0.0,781.2,113.8,421.9,-245.6,54778,921,3125.0,455.0
dried_kelp,50.0,orders,(sell raw as-is on AH),dried_kelp,1,0,156.0,141.0,106.0,91.0,154520,2506,156.0,141.0
dried_kelp,50.0,orders,dried_kelp x9 -> dried_kelp_block x1,dried_kelp_block,0.111,0.0,222.2,222.2,172.2,172.2,113748,3947,2000.0,2000.0
dried_kelp,50.0,orders,dried_kelp x9 -> dried_kelp_block x1 -> dried_kelp x9,dried_kelp,1.0,0.0,156.0,141.0,106.0,91.0,154520,2506,156.0,141.0
white_wool,103.0,orders,(sell raw as-is on AH),white_wool,1,0,1563.0,1563.0,1460.0,1460.0,274007,5798,1563.0,1563.0
white_wool,103.0,orders,white_wool x1 -> white_harness x1,white_harness,1.0,1409.0,60000.0,60000.0,58488.0,58488.0,639,639,60000.0,60000.0
white_wool,103.0,orders,white_wool x1 -> painting x1,painting,1.0,40.0,40000.0,20000.0,39857.0,19857.0,17920,1683,40000.0,20000.0
white_wool,103.0,orders,white_wool x6 -> white_banner x1,white_banner,0.167,0.8,13333.3,13333.3,13229.5,13229.5,38704,7234,80000.0,80000.0
white_wool,103.0,orders,white_wool x3 -> white_bed x1,white_bed,0.333,32.0,6666.7,6666.7,6531.7,6531.7,11825,11825,20000.0,20000.0
white_wool,103.0,orders,white_wool x3 -> white_bed x1,white_bed,0.333,45.0,6666.7,6666.7,6518.7,6518.7,11825,11825,20000.0,20000.0
white_wool,103.0,orders,white_wool x3 -> white_bed x1,white_bed,0.333,52.0,6666.7,6666.7,6511.7,6511.7,11825,11825,20000.0,20000.0
paper,103.0,orders,(sell raw as-is on AH),paper,1,0,625.0,391.0,522.0,288.0,494320,8072,625.0,391.0
paper,103.0,orders,paper x1 -> skull_banner_pattern x1,skull_banner_pattern,1.0,31000.0,500000.0,320000.0,468897.0,288897.0,135,135,500000.0,320000.0
paper,103.0,orders,paper x1 -> mojang_banner_pattern x1,mojang_banner_pattern,1.0,1365919.5,1590000.0,1590000.0,223977.5,223977.5,37,37,1590000.0,1590000.0
paper,103.0,orders,paper x1 -> field_masoned_banner_pattern x1,field_masoned_banner_pattern,1.0,1953.0,400000.0,100000.0,397944.0,97944.0,50,50,400000.0,100000.0
paper,103.0,orders,paper x1 -> bordure_indented_banner_pattern x1,bordure_indented_banner_pattern,1.0,1406.2,100000.0,99000.0,98490.8,97490.8,218,218,100000.0,99000.0
paper,103.0,orders,paper x1 -> creeper_banner_pattern x1,creeper_banner_pattern,1.0,206000.0,249000.0,249000.0,42897.0,42897.0,91,91,249000.0,249000.0
paper,103.0,orders,paper x3 -> book x1 -> enchanting_table x1,enchanting_table,0.333,4704.1,29998.3,26333.3,25191.2,21526.2,3992,2581,89995.0,79000.0
glass,280.0,orders,(sell raw as-is on AH),glass,1,0,688.0,688.0,408.0,408.0,806810,17610,688.0,688.0
glass,280.0,orders,glass x2 -> blue_harness x1,blue_harness,0.5,459.5,250000.0,250000.0,249260.5,249260.5,56,56,500000.0,500000.0
glass,280.0,orders,glass x2 -> pink_harness x1,pink_harness,0.5,504.5,375000.0,250000.0,374215.5,249215.5,20,20,750000.0,500000.0
glass,280.0,orders,glass x2 -> black_harness x1 -> pink_harness x1,pink_harness,0.5,509.8,375000.0,250000.0,374210.2,249210.2,20,20,750000.0,500000.0
glass,280.0,orders,glass x2 -> black_harness x1 -> blue_harness x1,blue_harness,0.5,822.3,250000.0,250000.0,248897.7,248897.7,56,56,500000.0,500000.0
glass,280.0,orders,glass x2 -> black_harness x1 -> orange_harness x1,orange_harness,0.5,1140.5,1500000.0,200000.0,1498579.5,198579.5,21,21,3000000.0,400000.0
glass,280.0,orders,glass x2 -> orange_harness x1,orange_harness,0.5,2581.0,1500000.0,200000.0,1497139.0,197139.0,21,21,3000000.0,400000.0
iron_block,2500.0,orders,(sell raw as-is on AH),iron_block,1,0,4688.0,4688.0,2188.0,2188.0,251217,15090,4688.0,4688.0
iron_block,2500.0,orders,iron_block x1 -> iron_ingot x9 -> lodestone x1,lodestone,9.0,1152.0,126567.0,126567.0,122915.0,122915.0,39160,1510,14063.0,14063.0
iron_block,2500.0,orders,iron_block x1 -> iron_ingot x9 -> smithing_table x1,smithing_table,4.5,576.0,112500.0,112500.0,109424.0,109424.0,18122,3460,25000.0,25000.0
iron_block,2500.0,orders,iron_block x1 -> iron_ingot x9 -> smithing_table x1,smithing_table,4.5,810.0,112500.0,112500.0,109190.0,109190.0,18122,3460,25000.0,25000.0
iron_block,2500.0,orders,iron_block x1 -> iron_ingot x9 -> smithing_table x1,smithing_table,4.5,936.0,112500.0,112500.0,109064.0,109064.0,18122,3460,25000.0,25000.0
iron_block,2500.0,orders,iron_block x1 -> iron_ingot x9 -> smithing_table x1,smithing_table,4.5,2812.5,112500.0,112500.0,107187.5,107187.5,18122,3460,25000.0,25000.0
iron_block,2500.0,orders,iron_block x1 -> iron_ingot x9 -> smithing_table x1,smithing_table,4.5,4500.0,112500.0,112500.0,105500.0,105500.0,18122,3460,25000.0,25000.0
gold_block,20500.0,orders,(sell raw as-is on AH),gold_block,1,0,23438.0,23438.0,2938.0,2938.0,151938,5842,23438.0,23438.0
gold_block,20500.0,orders,gold_block x1 -> gold_ingot x9 -> netherite_ingot x1,netherite_ingot,2.25,10800000.0,13500000.0,13500000.0,2679500.0,2679500.0,6212,4726,6000000.0,6000000.0
gold_block,20500.0,orders,gold_block x1 -> gold_ingot x9 -> powered_rail x6,powered_rail,9.0,548.8,360000.0,360000.0,338951.2,338951.2,262086,10102,40000.0,40000.0
gold_block,20500.0,orders,gold_block x1 -> gold_ingot x9 -> light_weighted_pressure_plate x1,light_weighted_pressure_plate,4.5,0.0,179995.5,90000.0,159495.5,69500.0,11314,1356,39999.0,20000.0
gold_block,20500.0,orders,gold_block x1 -> gold_ingot x9 -> clock x1,clock,2.25,812.0,135000.0,78750.0,113688.0,57438.0,1072,581,60000.0,35000.0
gold_block,20500.0,orders,gold_block x1 -> gold_ingot x9 -> gold_nugget x9,gold_nugget,81.0,0.0,126603.0,60750.0,106103.0,40250.0,53189,1040,1563.0,750.0
gold_block,20500.0,orders,gold_block x1 -> gold_ingot x9,gold_ingot,9.0,0.0,25317.0,25317.0,4817.0,4817.0,196989,5897,2813.0,2813.0
nether_star,111000.0,orders,(sell raw as-is on AH),nether_star,1,0,180000.0,170000.0,69000.0,59000.0,4745,1199,180000.0,170000.0
nether_star,111000.0,orders,nether_star x1 -> beacon x1,beacon,1.0,3203.0,250000.0,218750.0,135797.0,104547.0,31906,1835,250000.0,218750.0
spruce_planks,32.0,orders,(sell raw as-is on AH),spruce_planks,1,0,156.0,156.0,124.0,124.0,453483,7303,156.0,156.0
spruce_planks,32.0,orders,spruce_planks x2 -> stick x4 -> powered_rail x6,powered_rail,12.0,7921.8,480000.0,480000.0,472046.2,472046.2,262086,10102,40000.0,40000.0
spruce_planks,32.0,orders,spruce_planks x2 -> stick x4 -> black_banner x1,black_banner,2.0,360.0,500000.0,400000.0,499608.0,399608.0,9145,2501,250000.0,200000.0
spruce_planks,32.0,orders,spruce_planks x2 -> stick x4 -> orange_banner x1,orange_banner,2.0,51755.4,400000.0,400000.0,348212.6,348212.6,410,66,200000.0,200000.0
spruce_planks,32.0,orders,spruce_planks x2 -> stick x4 -> cyan_banner x1,cyan_banner,2.0,28125.0,926000.0,300000.0,897843.0,271843.0,358,227,463000.0,150000.0
spruce_planks,32.0,orders,spruce_planks x2 -> stick x4 -> red_banner x1,red_banner,2.0,35321.6,399998.0,300000.0,364644.4,264646.4,3540,1198,199999.0,150000.0
spruce_planks,32.0,orders,spruce_planks x2 -> stick x4 -> lime_banner x1,lime_banner,2.0,37500.0,300000.0,300000.0,262468.0,262468.0,362,232,150000.0,150000.0
stick,5.0,orders,(sell raw as-is on AH),stick,1,0,313.0,313.0,308.0,308.0,466981,8234,313.0,313.0
stick,5.0,orders,stick x1 -> powered_rail x6,powered_rail,6.0,3960.9,240000.0,240000.0,236034.1,236034.1,262086,10102,40000.0,40000.0
stick,5.0,orders,stick x1 -> black_banner x1,black_banner,1.0,180.0,250000.0,200000.0,249815.0,199815.0,9145,2501,250000.0,200000.0
stick,5.0,orders,stick x1 -> tripwire_hook x2 -> trapped_chest x1,trapped_chest,2.0,1318.5,400000.0,200000.0,398676.5,198676.5,12381,402,200000.0,100000.0
stick,5.0,orders,stick x1 -> tripwire_hook x2 -> trapped_chest x1,trapped_chest,2.0,1331.5,400000.0,200000.0,398663.5,198663.5,12381,402,200000.0,100000.0
stick,5.0,orders,stick x1 -> tripwire_hook x2 -> trapped_chest x1,trapped_chest,2.0,1338.5,400000.0,200000.0,398656.5,198656.5,12381,402,200000.0,100000.0
stick,5.0,orders,stick x1 -> tripwire_hook x2 -> trapped_chest x1,trapped_chest,2.0,1442.7,400000.0,200000.0,398552.3,198552.3,12381,402,200000.0,100000.0
