kind,action,item,inputs,unit_cost,unit_value,per_listing,capital_per_listing,profit_per_listing,cycle_min,profit_per_slot_hour,raw_slot_hour,grade,depth_listings_per_day,ceiling_per_hour,useful_slots,note
CRAFT,craft emerald_block and sell a stack,emerald_block,9x emerald,5004.0,27969.0,64,320256,1469760,6.0,7348800,14697600,C,359.6,11009804,1.5,
CRAFT,craft respawn_anchor and sell a stack,respawn_anchor,6x crying_obsidian + 3x glowstone,2496.0,21873.0,64,159744,1240128,6.0,6200640,12401280,C,256.9,6636138,1.07,
FLIP,"buy enchanted_golden_apple on /orders at 1,500,000, relist a stack",enchanted_golden_apple,64 x enchanted_golden_apple,1500000.0,1593750.0,64,96000000,6000000,58.1,6193548,6193548,A,25.6,6400000,1.03,order needs ~0.5h to fill
CRAFT,craft gold_block and sell a stack,gold_block,9x gold_ingot,5400.0,23438.0,64,345600,1154432,6.0,5772160,11544320,C,237.4,5709703,0.99,
CRAFT,craft silence_armor_trim_smithing_template and sell a stack,silence_armor_trim_smithing_template,7x diamond + 1x silence_armor_trim_smithing_template + 1x cobbled_deepslate,30499.5,46719.0,64,1951965,1038051,10.4,2982433,5964866,C,76.3,1649157,0.55,
CRAFT,craft sea_lantern and sell a stack,sea_lantern,4x prismarine_shard + 5x prismarine_crystals,467.0,9375.0,64,29888,570112,6.0,2850560,5701120,C,289.1,3434071,1.2,
CRAFT,craft chiseled_polished_blackstone and sell a stack,chiseled_polished_blackstone,2x polished_blackstone_slab,2344.0,7031.0,64,150016,299968,6.8,2245501,2641766,B,123.9,1315899,0.59,
CRAFT,craft lodestone and sell a stack,lodestone,8x chiseled_stone_bricks + 1x iron_ingot,298.0,14063.0,64,19072,880960,12.8,2070069,4140138,C,61.2,1122995,0.54,
CRAFT,craft diorite_wall and sell a stack,diorite_wall,6x diorite,1196.9,7813.0,64,76603,423429,11.5,1873568,2204198,B,68.4,1025780,0.55,
CRAFT,craft polished_andesite_stairs and sell a stack,polished_andesite_stairs,6x polished_andesite,2320.3,7031.0,64,148500,301484,8.3,1845044,2170640,B,98.2,1048318,0.57,
CRAFT,craft map and sell a stack,map,8x paper + 1x compass,1524.0,6953.0,64,97536,347456,6.0,1737280,3474560,C,1227.1,8882896,5.11,
CRAFT,craft nether_bricks and sell a stack,nether_bricks,4x nether_brick,1876.0,4688.0,64,120064,179968,6.0,1529728,1799680,B,150.9,961777,0.63,
CRAFT,craft orange_dye and sell a stack,orange_dye,1x red_dye + 1x yellow_dye,234.2,3000.0,64,14992,177008,6.0,1504568,1770080,B,154.7,969888,0.64,
BREW,"brew Slowness (splash), one potion per slot",potion,nether_wart + sugar + fermented_spider_eye + gunpowder + 3 bottles,447.2,350000,1,447,349553,7.0,1498083,2996167,C,3956.6,28813346,19.23,"price from his own realized sales, not market median"
CRAFT,craft polished_blackstone and sell a stack,polished_blackstone,4x blackstone,850.0,3125.0,64,54400,145600,6.0,1456000,1456000,A,377.5,2290024,1.57,
BREW,"brew Strength, one potion per slot",potion,nether_wart + blaze_powder + 3 bottles,277.8,333000,1,278,332722,7.0,1425952,2851904,C,3956.6,27426011,19.23,"price from his own realized sales, not market median"
BREW,"brew Water Breathing, one potion per slot",potion,nether_wart + pufferfish + 3 bottles,556.8,333000,1,557,332443,7.0,1424756,2849513,C,3956.6,27403013,19.23,"price from his own realized sales, not market median"
CRAFT,craft light_blue_wool and sell a stack,light_blue_wool,1x light_blue_dye + 1x black_wool,1277.0,6250.0,64,81728,318272,6.8,1401558,2803117,C,123.9,821343,0.59,
CRAFT,craft item_frame and sell a stack,item_frame,8x stick + 1x leather,323.0,4688.0,64,20672,279360,6.0,1396800,2793600,C,517.8,3013405,2.16,
CRAFT,craft red_nether_bricks and sell a stack,red_nether_bricks,2x nether_brick + 2x nether_wart,1042.0,7109.0,64,66688,388288,8.8,1331252,2662504,C,92.9,751512,0.56,
CRAFT,craft green_carpet and sell a stack,green_carpet,2x green_wool,334.1,15625.0,64,21380,978620,22.7,1290650,2581300,C,33.1,674999,0.52,
BREW,"brew Swiftness, one potion per slot",potion,nether_wart + sugar + 3 bottles,382.5,300000,1,382,299618,7.0,1284075,2568150,C,3956.6,24697221,19.23,"price from his own realized sales, not market median"
CRAFT,craft light_blue_terracotta and sell a stack,light_blue_terracotta,8x terracotta + 1x light_blue_dye,405.9,6250.0,64,25976,374024,15.8,1210592,1424226,B,48.8,646314,0.53,
CRAFT,craft red_wool and sell a stack,red_wool,1x red_dye + 1x black_wool,186.0,3891.0,64,11904,237120,6.0,1185600,2371200,C,205.1,1013333,0.85,
CRAFT,craft spruce_shelf and sell a stack,spruce_shelf,6x stripped_spruce_log,2343.8,6250.0,64,150000,250000,10.8,1179065,1387136,B,73.4,649605,0.55,
CRAFT,craft anvil and sell a stack,anvil,3x iron_block + 4x iron_ingot,8180.0,17000.0,64,523520,564480,14.5,1169695,2339389,C,53.4,628241,0.54,
CRAFT,craft prismarine and sell a stack,prismarine,4x prismarine_shard,92.0,4188.0,64,5888,262144,6.8,1148608,2297216,C,123.1,672529,0.59,
CRAFT,craft green_terracotta and sell a stack,green_terracotta,8x terracotta + 1x green_dye,347.6,3109.0,64,22248,176728,8.0,1132424,1332263,B,103.5,647574,0.57,
CRAFT,craft gray_terracotta and sell a stack,gray_terracotta,8x terracotta + 1x gray_dye,692.2,4813.0,64,44302,263730,11.9,1131540,1331224,B,66.1,617739,0.55,
CRAFT,craft barrel and sell a stack,barrel,6x spruce_planks + 2x spruce_slab,379.5,3906.0,64,24288,225696,6.0,1128480,2256960,C,266.2,1251511,1.11,
CRAFT,craft prismarine_bricks and sell a stack,prismarine_bricks,9x prismarine_shard,207.0,3750.0,64,13248,226752,6.1,1115505,2231009,C,141.2,667154,0.6,
CRAFT,craft cherry_boat and sell a stack,cherry_boat,5x cherry_planks,3906.2,250000.0,1,3906,246094,11.3,1113542,1310050,B,70.1,610979,0.55,
CRAFT,craft blackstone_slab and sell a stack,blackstone_slab,3x blackstone,425.0,3906.0,64,27200,222784,12.1,1108362,1108362,A,65.1,604287,0.55,
CRAFT,craft crafter and sell a stack,crafter,5x iron_ingot + 1x crafting_table + 2x redstone + 1x dropper,1832.8,5156.0,64,117297,212687,6.0,1063437,2126874,C,365.7,1620370,1.52,
CRAFT,craft black_terracotta and sell a stack,black_terracotta,8x terracotta + 1x black_dye,261.2,9219.0,64,16720,573296,16.4,1048282,2096564,C,46.7,558161,0.53,
CRAFT,craft iron_block and sell a stack,iron_block,9x iron_ingot,1530.0,4688.0,64,97920,202112,6.0,1010560,2021120,C,392.5,1652799,1.64,
CRAFT,craft honey_block and sell a stack,honey_block,4x honey_bottle,1500.0,5625.0,64,96000,264000,8.1,980439,1960878,C,101.7,559479,0.57,
CRAFT,craft red_terracotta and sell a stack,red_terracotta,8x terracotta + 1x red_dye,269.5,3125.0,64,17248,182752,9.6,973200,1144942,B,83.9,543333,0.56,
CRAFT,craft pink_terracotta and sell a stack,pink_terracotta,8x terracotta + 1x pink_dye,267.6,6219.0,64,17125,380891,20.0,968927,1139914,B,37.8,509897,0.53,
CRAFT,craft campfire and sell a stack,campfire,3x stick + 1x charcoal + 3x dark_oak_wood,190.0,8594.0,64,12160,537856,16.7,968457,1936915,C,46.0,515148,0.53,
CRAFT,craft ender_eye and sell a stack,ender_eye,1x ender_pearl + 1x blaze_powder,85.0,3109.0,64,5440,193536,6.0,967680,1935360,C,148.1,597064,0.62,
CRAFT,craft lapis_lazuli and sell a stack,lapis_lazuli,1x lapis_block,77.8,1563.0,64,4978,95054,6.0,950542,950542,A,453.5,1796036,1.89,
CRAFT,craft black_dye and sell a stack,black_dye,1x wither_rose,1.0,2969.0,64,64,189952,6.0,949760,1899520,C,202.6,801737,0.84,
CRAFT,craft blue_wool and sell a stack,blue_wool,1x blue_dye + 1x black_wool,795.6,4688.0,64,50920,249112,7.9,942708,1885417,C,103.9,539395,0.57,
CRAFT,craft yellow_wool and sell a stack,yellow_wool,1x yellow_dye + 1x black_wool,342.5,4375.0,64,21920,258080,8.3,931828,1863655,C,98.5,529660,0.57,
CRAFT,craft cyan_terracotta and sell a stack,cyan_terracotta,8x terracotta + 1x cyan_dye,256.3,3125.0,64,16400,183600,6.0,918000,1835999,C,164.9,630676,0.69,
CRAFT,craft polished_deepslate_stairs and sell a stack,polished_deepslate_stairs,6x polished_deepslate,585.9,2344.0,64,37500,112516,6.4,903085,1062453,B,134.5,535877,0.59,
CRAFT,craft tnt and sell a stack,tnt,5x gunpowder + 4x red_sand,1247.0,3906.0,64,79811,170173,6.0,850867,1701734,C,1362.2,4829547,5.68,
CRAFT,craft pale_oak_stairs and sell a stack,pale_oak_stairs,6x pale_oak_planks,982.4,3906.0,64,62874,187110,11.2,850068,1000080,B,70.4,466599,0.55,
CRAFT,craft golden_carrot and sell a stack,golden_carrot,8x gold_nugget + 1x carrot,354.0,2953.0,64,22656,166336,6.0,831680,1663360,C,329.8,1142737,1.37,
CRAFT,craft blue_carpet and sell a stack,blue_carpet,2x blue_wool,46.7,4636.0,64,2987,293717,10.7,820328,1640657,C,73.9,452269,0.55,
CRAFT,craft pale_oak_slab and sell a stack,pale_oak_slab,3x pale_oak_planks,327.5,3125.0,64,20958,179042,11.2,816571,960671,B,70.7,448383,0.55,
CRAFT,craft dispenser and sell a stack,dispenser,7x cobblestone + 1x bow + 1x redstone,1350.4,3875.0,64,86426,161574,6.0,807872,1615744,C,297.3,1000772,1.24,
CRAFT,craft gold_ingot and sell a stack,gold_ingot,9x gold_nugget,297.0,2813.0,64,19008,161024,6.0,805120,1610240,C,307.8,1032551,1.28,
CRAFT,craft beehive and sell a stack,beehive,6x spruce_planks + 3x honeycomb,492.0,5469.0,64,31488,318528,12.0,799561,1599123,C,65.7,436286,0.55,
CRAFT,craft polished_blackstone_bricks and sell a stack,polished_blackstone_bricks,4x polished_blackstone,312.0,2797.0,64,19968,159040,6.0,795200,1590400,C,447.1,1481226,1.86,
CRAFT,craft polished_deepslate_wall and sell a stack,polished_deepslate_wall,6x polished_deepslate,390.6,7797.0,64,25000,474008,30.6,789299,928587,B,24.3,407970,0.52,
CRAFT,craft purple_carpet and sell a stack,purple_carpet,2x purple_wool,2020.7,6234.0,64,129323,269653,17.5,786795,925641,B,43.7,417270,0.53,
CRAFT,craft orange_stained_glass and sell a stack,orange_stained_glass,8x glass + 1x orange_dye,455.3,2813.0,64,29136,150896,6.0,754478,1508956,C,162.5,510712,0.68,
FLIP,"buy emerald_block on /orders at 21,100, relist a stack",emerald_block,64 x emerald_block,21100.0,27969.0,64,1350400,439616,35.0,753627,753627,A,359.6,6586226,8.74,order needs ~0.5h to fill
CRAFT,craft stone_slab and sell a stack,stone_slab,3x stone,7.0,2344.0,64,448,149568,6.0,747840,1495680,C,176.4,549682,0.74,
CRAFT,craft wind_charge and sell a stack,wind_charge,1x breeze_rod,3925.0,6250.0,64,251200,148800,6.0,744000,1488000,C,572.7,1775365,2.39,
CRAFT,craft orange_wool and sell a stack,orange_wool,1x orange_dye + 1x black_wool,1432.0,5375.0,64,91651,252349,10.2,739449,1478897,C,77.9,409746,0.55,
CRAFT,craft copper_block and sell a stack,copper_block,9x copper_ingot,567.0,4688.0,64,36288,263744,10.7,739185,1478369,C,74.2,407679,0.55,
CRAFT,craft brown_stained_glass and sell a stack,brown_stained_glass,8x glass + 1x brown_dye,453.8,3125.0,64,29045,170955,7.1,724390,1448780,C,118.4,421767,0.58,
CRAFT,craft prismarine_stairs and sell a stack,prismarine_stairs,6x prismarine,4417.0,13281.0,64,282687,567297,40.1,721788,849162,B,18.4,370128,0.51,
CRAFT,craft blast_furnace and sell a stack,blast_furnace,5x iron_ingot + 1x furnace + 3x smooth_stone,1185.3,5703.0,64,75860,289132,12.0,720633,1441265,C,65.2,392964,0.55,
CRAFT,craft pale_oak_trapdoor and sell a stack,pale_oak_trapdoor,6x pale_oak_planks,1964.8,3906.0,64,125748,124236,8.8,716251,842648,B,91.8,403769,0.56,
CRAFT,craft polished_blackstone_brick_stairs and sell a stack,polished_blackstone_brick_stairs,6x polished_blackstone_bricks,322.5,4219.0,64,20640,249376,10.5,712340,1424680,C,75.8,393652,0.55,
CRAFT,craft pale_oak_sign and sell a stack,pale_oak_sign,6x pale_oak_planks + 1x stick,1311.5,10188.0,16,20985,142023,6.0,710116,1420233,C,223.2,660316,0.93,
CRAFT,craft emerald and sell a stack,emerald,1x emerald_block,2344.4,3438.0,64,150044,69988,6.0,699876,699876,A,386.9,1128153,1.61,
CRAFT,craft tuff_bricks and sell a stack,tuff_bricks,4x polished_tuff,1851.6,3125.0,64,118503,81497,6.0,692724,814970,B,185.3,534705,0.77,
CRAFT,craft stone_button and sell a stack,stone_button,1x stone,14.0,3906.0,64,896,249088,11.1,675348,1350696,C,71.5,371224,0.55,
CRAFT,craft quartz_stairs and sell a stack,quartz_stairs,6x quartz_block,1650.0,3750.0,64,105600,134400,6.0,672000,1344000,C,176.0,492852,0.73,
CRAFT,craft gray_stained_glass and sell a stack,gray_stained_glass,8x glass + 1x gray_dye,722.2,2813.0,64,46222,133810,6.0,669051,1338102,C,148.0,412690,0.62,
CRAFT,craft waxed_oxidized_copper_bulb and sell a stack,waxed_oxidized_copper_bulb,3x waxed_oxidized_copper + 1x blaze_rod + 1x redstone,3703.8,12500.0,64,237045,562955,25.5,661076,1322153,C,29.3,344004,0.52,
CRAFT,craft white_stained_glass_pane and sell a stack,white_stained_glass_pane,6x white_stained_glass,116.2,3109.0,64,7440,191536,8.7,658357,1316713,C,93.2,371774,0.56,
CRAFT,craft activator_rail and sell a stack,activator_rail,6x iron_ingot + 2x stick + 1x redstone_torch,205.5,3125.0,64,13152,186848,8.7,647711,1295422,C,94.1,366166,0.57,
CRAFT,craft blackstone_stairs and sell a stack,blackstone_stairs,6x blackstone,1275.0,3125.0,64,81600,118400,11.0,646812,646812,A,72.1,355801,0.55,
CRAFT,craft red_carpet and sell a stack,red_carpet,1x red_dye + 1x black_carpet,1702.9,2891.0,64,108984,76040,6.0,646337,760397,B,236.9,638069,0.99,
CRAFT,craft mud_bricks and sell a stack,mud_bricks,4x packed_mud,400.0,3125.0,64,25600,174400,8.1,642788,1285577,C,100.8,366410,0.57,
CRAFT,craft birch_stairs and sell a stack,birch_stairs,6x birch_planks,234.4,4086.0,64,15000,246504,19.7,639025,751794,B,38.6,336623,0.53,
CRAFT,craft smoker and sell a stack,smoker,4x dark_oak_wood + 1x furnace,195.3,2188.0,64,12500,127532,6.0,637661,1275322,C,292.1,776140,1.22,
CRAFT,craft dark_prismarine and sell a stack,dark_prismarine,8x prismarine_shard + 1x black_dye,274.0,3571.0,64,17536,211008,10.0,633747,1267494,C,80.1,352126,0.56,
CRAFT,craft cyan_dye and sell a stack,cyan_dye,1x blue_dye + 1x green_dye,773.3,2273.0,64,49492,95980,7.7,633636,745454,B,107.1,363927,0.57,
CRAFT,craft warped_stairs and sell a stack,warped_stairs,6x warped_planks,3073.6,7813.0,64,196709,303323,24.5,632226,743795,B,30.7,329583,0.52,
CRAFT,craft packed_mud and sell a stack,packed_mud,1x mud + 1x wheat,226.0,3906.0,64,14464,235520,11.3,627632,1255264,C,70.2,344410,0.55,
CRAFT,craft black_stained_glass and sell a stack,black_stained_glass,8x glass + 1x black_dye,291.2,2250.0,64,18640,125360,6.0,626800,1253600,C,542.5,1416797,2.26,
CRAFT,craft purple_concrete_powder and sell a stack,purple_concrete_powder,1x purple_dye + 4x sand + 4x gravel,258.9,3003.0,64,16568,175624,8.5,623416,1246833,C,96.6,353540,0.57,
CRAFT,craft lime_wool and sell a stack,lime_wool,1x lime_dye + 1x black_wool,80.0,3016.0,64,5120,187904,9.2,611291,1222581,C,87.6,342821,0.56,
CRAFT,craft polished_andesite_slab and sell a stack,polished_andesite_slab,3x polished_andesite,773.4,4390.0,64,49500,231460,19.4,608881,716330,B,39.2,320998,0.53,
CRAFT,craft red_stained_glass and sell a stack,red_stained_glass,8x glass + 1x red_dye,299.5,2188.0,64,19168,120864,6.0,604320,1208640,C,349.5,880151,1.46,
CRAFT,craft bread and sell a stack,bread,3x wheat,675.0,2547.0,64,43200,119808,6.0,599040,1198080,C,501.1,1250761,2.09,
CRAFT,craft cobblestone_stairs and sell a stack,cobblestone_stairs,6x cobblestone,197.0,1250.0,64,12611,67389,6.0,572810,673894,B,209.2,499251,0.87,
CRAFT,craft lime_dye and sell a stack,lime_dye,1x green_dye + 1x white_dye,682.3,1719.0,64,43665,66351,6.0,563987,663514,B,181.0,425292,0.75,
CRAFT,craft mangrove_wood and sell a stack,mangrove_wood,4x mangrove_log,4617.8,15469.0,64,295542,694474,62.9,563514,662958,B,11.6,286312,0.51,
CRAFT,craft polished_basalt and sell a stack,polished_basalt,4x basalt,62.5,1094.0,64,4000,66016,6.0,561136,660160,B,159.9,373751,0.67,
CRAFT,craft polished_blackstone_stairs and sell a stack,polished_blackstone_stairs,6x polished_blackstone,468.0,3109.0,64,29952,169024,9.1,555557,1111114,C,88.6,311957,0.56,
CRAFT,craft waxed_weathered_cut_copper and sell a stack,waxed_weathered_cut_copper,4x waxed_weathered_copper,19230.8,62500.0,64,1230769,2769231,256.1,551361,648660,B,2.8,276761,0.5,
CRAFT,craft lapis_block and sell a stack,lapis_block,9x lapis_lazuli,198.0,1875.0,64,12672,107328,6.0,536640,1073280,C,150.0,335487,0.63,
CRAFT,craft leather and sell a stack,leather,4x rabbit_hide,52.4,1719.0,64,3354,106662,6.0,533312,1066624,C,375.3,833998,1.56,
CRAFT,craft nether_brick_stairs and sell a stack,nether_brick_stairs,6x nether_bricks,3653.8,15594.0,64,233845,764171,73.8,527783,620922,B,9.9,267514,0.51,
CRAFT,craft yellow_terracotta and sell a stack,yellow_terracotta,8x terracotta + 1x yellow_dye,289.1,1650.0,64,18500,87100,8.5,522187,614338,B,95.9,295875,0.57,
CRAFT,craft oxidized_cut_copper and sell a stack,oxidized_cut_copper,4x oxidized_copper,1000.0,31526.0,64,64000,1953664,112.6,520635,1041271,C,6.5,262651,0.5,
CRAFT,craft stripped_pale_oak_wood and sell a stack,stripped_pale_oak_wood,4x stripped_pale_oak_log,5208.3,10824.0,64,333333,359403,35.3,519648,611351,B,21.0,267405,0.51,
CRAFT,craft light_gray_stained_glass and sell a stack,light_gray_stained_glass,8x glass + 1x light_gray_dye,407.9,2031.0,64,26104,103880,6.0,519400,1038800,C,164.2,355404,0.68,
CRAFT,craft spruce_hanging_sign and sell a stack,spruce_hanging_sign,2x iron_chain + 6x stripped_spruce_log,2864.8,25000.0,16,45836,354164,35.1,513961,604660,B,21.1,264507,0.51,
CRAFT,craft red_concrete_powder and sell a stack,red_concrete_powder,1x red_dye + 4x sand + 4x gravel,180.8,2031.0,64,11568,118416,7.0,508075,1016150,C,120.2,296433,0.58,
CRAFT,craft polished_tuff and sell a stack,polished_tuff,4x tuff,1.0,1875.0,64,64,119936,7.1,504724,1009449,C,117.5,293539,0.58,
CRAFT,craft magenta_terracotta and sell a stack,magenta_terracotta,8x terracotta + 1x magenta_dye,269.4,4688.0,64,17240,282792,28.8,500703,589063,B,25.9,259356,0.52,
CRAFT,craft black_wool and sell a stack,black_wool,1x black_dye + 1x blue_wool,160.0,1703.0,64,10240,98752,6.0,493760,987520,C,287.4,591310,1.2,
CRAFT,craft stone_brick_wall and sell a stack,stone_brick_wall,6x stone_bricks,5.0,1547.0,64,320,98688,6.0,493440,986880,C,166.7,342816,0.69,
CRAFT,craft bundle and sell a stack,bundle,1x string + 1x leather,355.0,99000.0,1,355,98645,6.0,493225,986450,C,416.5,855951,1.74,
CRAFT,craft polished_andesite and sell a stack,polished_andesite,4x andesite,11.0,1547.0,64,704,98304,6.0,491520,983040,C,231.3,473757,0.96,
CRAFT,craft black_candle and sell a stack,black_candle,1x candle + 1x black_dye,190.0,7813.0,64,12160,487872,29.8,490494,980987,C,25.0,253751,0.52,
CRAFT,craft spruce_fence and sell a stack,spruce_fence,4x spruce_planks + 2x stick,46.0,1563.0,64,2944,97088,6.0,485440,970880,C,323.5,654295,1.35,
CRAFT,craft cake and sell a stack,cake,3x milk_bucket + 2x sugar + 1x egg + 3x wheat,2591.0,99000.0,1,2591,96409,6.0,482045,964090,C,180.8,363141,0.75,
CRAFT,craft red_nether_brick_stairs and sell a stack,red_nether_brick_stairs,6x red_nether_bricks,45.0,17188.0,64,2880,1097152,68.3,481637,963275,C,10.7,244395,0.51,
CRAFT,craft redstone_lamp and sell a stack,redstone_lamp,4x redstone + 1x glowstone,1873.5,4688.0,64,119905,180127,11.3,480308,960616,C,70.2,263582,0.55,
CRAFT,craft white_carpet and sell a stack,white_carpet,2x white_wool,68.7,1563.0,64,4395,95637,6.0,478187,956373,C,444.5,885638,1.85,
CRAFT,craft cyan_candle and sell a stack,cyan_candle,1x candle + 1x cyan_dye,150.0,15522.0,64,9601,983807,61.8,477642,955283,C,11.8,242749,0.51,
CRAFT,craft light_gray_carpet and sell a stack,light_gray_carpet,2x light_gray_wool,1250.0,4688.0,64,80000,220032,23.5,476802,560943,B,32.0,248980,0.52,
CRAFT,craft black_carpet and sell a stack,black_carpet,2x black_wool,20.0,1484.0,64,1280,93696,6.0,468480,936960,C,163.0,318167,0.68,
CRAFT,craft deepslate_tile_stairs and sell a stack,deepslate_tile_stairs,6x deepslate_tiles,7.5,2266.0,64,480,144544,9.3,466225,932451,C,86.7,261196,0.56,
CRAFT,craft diorite and sell a stack,diorite,2x cobblestone + 2x quartz,441.4,1875.0,64,28247,91753,6.0,458765,917530,C,249.7,477316,1.04,
CRAFT,craft diorite_stairs and sell a stack,diorite_stairs,6x diorite,1795.4,5469.0,64,114904,235112,26.2,458124,538970,B,28.6,238162,0.52,
FLIP,"buy respawn_anchor on /orders at 17,700, relist a stack",respawn_anchor,64 x respawn_anchor,17700.0,21873.0,64,1132800,267072,35.0,457838,457838,A,256.9,2858296,6.24,order needs ~0.5h to fill
CRAFT,craft brown_wool and sell a stack,brown_wool,1x brown_dye + 1x black_wool,1420.6,4688.0,64,90920,209112,13.8,453784,907567,C,56.1,244584,0.54,
CRAFT,craft pale_oak_fence and sell a stack,pale_oak_fence,4x pale_oak_planks + 2x stick,876.6,4688.0,64,56102,243930,16.1,453627,907254,C,47.6,241802,0.53,
CRAFT,craft tripwire_hook and sell a stack,tripwire_hook,1x iron_ingot + 1x stick + 1x spruce_planks,103.5,1547.0,64,6624,92384,6.1,453368,906736,C,140.8,271017,0.6,
CRAFT,craft white_candle and sell a stack,white_candle,1x candle + 1x white_dye,683.5,4688.0,64,43745,256287,17.1,449550,899100,C,44.7,238734,0.53,
CRAFT,craft lime_stained_glass and sell a stack,lime_stained_glass,8x glass + 1x lime_dye,286.2,1688.0,64,18320,89712,6.0,448560,897120,C,227.4,425019,0.95,
CRAFT,craft sandstone_slab and sell a stack,sandstone_slab,3x sandstone,156.2,3906.0,64,10000,239984,27.5,444724,523205,B,27.1,230746,0.52,
CRAFT,craft black_bed and sell a stack,black_bed,3x black_wool + 3x spruce_planks,186.0,88000.0,1,186,87814,6.0,439070,878140,C,196.2,358940,0.82,
CRAFT,craft magma_cream and sell a stack,magma_cream,1x blaze_powder + 1x slime_ball,70.0,2969.0,64,4480,185536,12.8,434164,868327,C,60.9,235447,0.54,
CRAFT,craft coal_block and sell a stack,coal_block,9x coal,1800.0,3140.0,64,115200,85760,6.0,428800,857600,C,186.2,332672,0.78,
CRAFT,craft conduit and sell a stack,conduit,8x nautilus_shell + 1x heart_of_the_sea,44877.0,73386.0,64,2872125,1824579,128.0,427712,855424,C,5.7,215540,0.5,
BREW,"brew Fire Resistance, one potion per slot",potion,nether_wart + magma_cream + 3 bottles,280.2,100000,1,280,99720,7.0,427371,854741,C,3956.6,8219823,19.23,"price from his own realized sales, not market median"
BREW,"brew Healing, one potion per slot",potion,nether_wart + glistering_melon_slice + 3 bottles,317.8,100000,1,318,99682,7.0,427209,854419,C,3956.6,8216718,19.23,"price from his own realized sales, not market median"
CRAFT,craft andesite_wall and sell a stack,andesite_wall,6x andesite,11.0,5469.0,64,704,349312,24.6,426567,853135,C,30.6,222334,0.52,
CRAFT,craft wheat and sell a stack,wheat,1x hay_block,233.3,1563.0,64,14933,85099,6.0,425493,850987,C,357.2,633329,1.49,
CRAFT,craft bamboo_stairs and sell a stack,bamboo_stairs,6x bamboo_planks,703.5,5000.0,64,45024,274976,33.4,420354,494534,B,22.2,216672,0.52,
FLIP,"buy diamond_block on /orders at 44,600, relist a stack",diamond_block,64 x diamond_block,44600.0,48422.0,64,2854400,244608,35.0,419328,419328,A,472.6,4817153,11.49,order needs ~0.5h to fill
CRAFT,craft oak_fence and sell a stack,oak_fence,4x oak_planks + 2x stick,72.7,1563.0,64,4651,95381,7.0,411393,822786,C,120.9,240236,0.58,
CRAFT,craft pink_carpet and sell a stack,pink_carpet,2x pink_wool,106.7,2857.0,64,6827,176021,12.8,411119,822239,C,60.8,222915,0.54,
CRAFT,craft polished_diorite_stairs and sell a stack,polished_diorite_stairs,6x polished_diorite,1757.8,3125.0,64,112500,87500,10.9,408990,481165,B,72.6,225128,0.55,
CRAFT,craft white_wool and sell a stack,white_wool,4x string,288.0,1563.0,64,18432,81600,6.0,408000,816000,C,428.1,727831,1.78,
CRAFT,craft warped_hyphae and sell a stack,warped_hyphae,4x warped_stem,268.0,8594.0,64,17152,532864,39.2,407381,814763,C,18.8,209017,0.51,
CRAFT,craft quartz_bricks and sell a stack,quartz_bricks,4x quartz_block,1100.0,3109.0,64,70400,128576,9.6,400601,801202,C,83.4,223514,0.56,
CRAFT,craft purple_wool and sell a stack,purple_wool,1x purple_dye + 1x black_wool,811.0,2980.0,64,51904,138816,10.4,398530,797061,C,76.2,220352,0.55,
FLIP,"buy ghast_tear on /orders at 10,000, relist a stack",ghast_tear,64 x ghast_tear,10000.0,15600.0,64,640000,358400,54.5,394680,394680,A,29.4,439133,1.11,order needs ~0.5h to fill
CRAFT,craft mangrove_stairs and sell a stack,mangrove_stairs,6x mangrove_planks,2575.5,6875.0,64,164832,275168,35.6,393830,463329,B,20.8,202601,0.51,
CRAFT,craft polished_diorite_slab and sell a stack,polished_diorite_slab,3x polished_diorite,585.9,3125.0,64,37500,162500,21.2,390644,459581,B,35.6,204984,0.52,
CRAFT,craft lime_terracotta and sell a stack,lime_terracotta,8x terracotta + 1x lime_dye,256.2,3891.0,64,16400,232624,18.1,386506,773012,C,42.2,204583,0.53,
CRAFT,craft smooth_quartz_slab and sell a stack,smooth_quartz_slab,3x smooth_quartz,550.0,4359.0,64,35200,243776,19.2,380577,761153,C,39.5,200734,0.53,
CRAFT,craft tuff_brick_wall and sell a stack,tuff_brick_wall,6x tuff_bricks,1181.5,6250.0,64,75614,324386,43.5,380131,447213,B,16.9,194535,0.51,
CRAFT,craft spruce_wood and sell a stack,spruce_wood,4x spruce_log,96.0,1563.0,64,6144,93888,15.0,375208,375208,A,51.4,200991,0.54,
CRAFT,craft andesite_stairs and sell a stack,andesite_stairs,6x andesite,16.5,3828.0,64,1056,243936,19.7,371709,743418,C,38.5,195800,0.53,
CRAFT,craft mangrove_fence and sell a stack,mangrove_fence,4x mangrove_planks + 2x stick,2292.7,23438.0,64,146731,1353301,109.4,371200,742399,C,6.6,187312,0.5,
CRAFT,craft deepslate_brick_stairs and sell a stack,deepslate_brick_stairs,6x deepslate_bricks,15.0,1172.0,64,960,74048,6.0,370240,740480,C,158.2,244120,0.66,
CRAFT,craft blue_stained_glass and sell a stack,blue_stained_glass,8x glass + 1x blue_dye,375.7,1531.0,64,24045,73939,6.0,369695,739390,C,347.4,535117,1.45,
CRAFT,craft white_concrete_powder and sell a stack,white_concrete_powder,1x white_dye + 4x sand + 4x gravel,234.2,1484.0,64,14988,79988,6.6,363638,727277,C,128.6,214293,0.59,
CRAFT,craft brewing_stand and sell a stack,brewing_stand,1x blaze_rod + 3x cobbled_deepslate,430.0,1563.0,64,27520,72512,6.0,362560,725120,C,145.7,220135,0.61,
CRAFT,craft cyan_stained_glass_pane and sell a stack,cyan_stained_glass_pane,6x cyan_stained_glass,574.1,6984.0,64,36744,410232,57.8,362115,426018,B,12.7,184247,0.51,
CRAFT,craft light_blue_stained_glass and sell a stack,light_blue_stained_glass,8x glass + 1x light_blue_dye,435.9,1563.0,64,27896,72136,6.0,360680,721360,C,196.7,295605,0.82,
CRAFT,craft pale_oak_shelf and sell a stack,pale_oak_shelf,6x stripped_pale_oak_log,3906.2,5469.0,64,250000,100016,14.2,359642,423108,B,54.6,193461,0.54,
CRAFT,craft purple_terracotta and sell a stack,purple_terracotta,8x terracotta + 1x purple_dye,347.6,3495.0,64,22248,201432,28.6,359329,422740,B,26.1,186176,0.52,
CRAFT,craft red_bed and sell a stack,red_bed,3x red_wool + 3x spruce_planks,8926.4,80000.0,1,8926,71074,6.0,355368,710736,C,210.4,311539,0.88,
CRAFT,craft dark_oak_stairs and sell a stack,dark_oak_stairs,6x dark_oak_planks,1561.3,2656.0,64,99925,70059,10.1,354734,417334,B,79.4,196917,0.56,
CRAFT,craft lantern and sell a stack,lantern,8x iron_nugget + 1x torch,1195.2,2344.0,64,76493,73523,6.3,351544,703089,C,136.5,209098,0.59,
CRAFT,craft stone_stairs and sell a stack,stone_stairs,6x stone,21.0,1094.0,64,1344,68672,6.0,343360,686720,C,211.2,302190,0.88,
CRAFT,craft cyan_concrete_powder and sell a stack,cyan_concrete_powder,1x cyan_dye + 4x sand + 4x gravel,167.5,3906.0,64,10720,239264,21.3,337310,674619,C,35.5,176971,0.52,
FLIP,"buy map on /orders at 3,900, relist a stack",map,64 x map,3900.0,6953.0,64,249600,195392,35.0,334958,334958,A,1227.1,9990599,29.83,order needs ~0.5h to fill
CRAFT,craft bamboo_fence_gate and sell a stack,bamboo_fence_gate,4x stick + 2x bamboo_planks,958.0,17114.0,64,61312,1033984,93.8,330862,661724,C,7.8,167215,0.51,
CRAFT,craft purple_stained_glass and sell a stack,purple_stained_glass,8x glass + 1x purple_dye,377.6,1406.0,64,24168,65816,6.0,329080,658160,C,347.4,476333,1.45,
CRAFT,craft black_stained_glass_pane and sell a stack,black_stained_glass_pane,6x black_stained_glass,258.8,1563.0,64,16560,83472,7.7,327094,654188,C,108.2,188119,0.58,
CRAFT,craft red_nether_brick_slab and sell a stack,red_nether_brick_slab,3x red_nether_bricks,15.0,15558.0,64,960,994752,91.7,325533,651066,C,7.9,164562,0.51,
CRAFT,craft iron_chain and sell a stack,iron_chain,2x iron_nugget + 1x iron_ingot,466.3,1563.0,64,29843,70189,6.5,325407,650814,C,131.6,192443,0.59,
CRAFT,craft pink_wool and sell a stack,pink_wool,1x pink_dye + 1x black_wool,170.6,1547.0,64,10920,88088,8.1,324527,649054,C,100.8,184980,0.57,
FLIP,"buy gold_block on /orders at 20,500, relist a stack",gold_block,64 x gold_block,20500.0,23438.0,64,1312000,188032,35.0,322341,322341,A,237.4,1859974,5.77,order needs ~0.5h to fill
CRAFT,craft sandstone_wall and sell a stack,sandstone_wall,6x sandstone,312.5,2344.0,64,20000,130016,20.6,321986,378807,B,36.7,169210,0.53,
CRAFT,craft oak_wood and sell a stack,oak_wood,4x oak_log,113.4,3125.0,64,7258,192742,18.0,321215,642430,C,42.4,170054,0.53,
CRAFT,craft deepslate_brick_slab and sell a stack,deepslate_brick_slab,3x deepslate_bricks,5.0,1797.0,64,320,114688,10.7,321082,642163,C,74.1,177065,0.55,
CRAFT,craft smooth_quartz_stairs and sell a stack,smooth_quartz_stairs,6x smooth_quartz,1650.0,4672.0,64,105600,193408,18.7,309841,619683,C,40.6,163660,0.53,
CRAFT,craft crimson_slab and sell a stack,crimson_slab,3x crimson_planks,547.0,3125.0,64,35008,164992,27.2,309601,364236,B,27.5,160714,0.52,
CRAFT,craft pale_oak_planks and sell a stack,pale_oak_planks,1x pale_oak_log,195.2,764.0,64,12496,36400,6.0,309400,364000,B,274.6,354062,1.14,
CRAFT,craft prismarine_wall and sell a stack,prismarine_wall,6x prismarine,2944.7,11391.0,64,188458,540566,89.8,307109,361304,B,8.1,155284,0.51,
CRAFT,craft pink_stained_glass and sell a stack,pink_stained_glass,8x glass + 1x pink_dye,297.6,1250.0,64,19045,60955,6.0,304775,609550,C,152.7,193957,0.64,
CRAFT,craft magenta_stained_glass and sell a stack,magenta_stained_glass,8x glass + 1x magenta_dye,299.4,1250.0,64,19160,60840,6.0,304200,608400,C,151.4,191919,0.63,
CRAFT,craft cyan_wool and sell a stack,cyan_wool,1x cyan_dye + 1x black_wool,80.0,2344.0,64,5121,144895,14.3,304012,608024,C,54.1,163436,0.54,
CRAFT,craft warped_planks and sell a stack,warped_planks,1x warped_stem,50.2,1292.0,64,3216,79472,8.0,298430,596859,C,103.0,170565,0.57,
CRAFT,craft stone_pressure_plate and sell a stack,stone_pressure_plate,2x stone,28.0,4672.0,64,1792,297216,30.1,296644,593287,C,24.8,153426,0.52,
CRAFT,craft mud_brick_slab and sell a stack,mud_brick_slab,3x mud_bricks,25.0,6250.0,64,1600,398400,40.6,294400,588800,C,18.2,150917,0.51,
CRAFT,craft prismarine_brick_stairs and sell a stack,prismarine_brick_stairs,6x prismarine_bricks,2.3,6234.0,64,145,398831,40.8,293384,586769,C,18.1,150380,0.51,
CRAFT,craft jungle_stairs and sell a stack,jungle_stairs,6x jungle_planks,375.0,7000.0,64,24000,424000,75.1,287862,338661,B,9.7,145873,0.51,
CRAFT,craft shulker_box and sell a stack,shulker_box,2x shulker_shell + 1x chest,6158.2,40000.0,1,6158,33842,6.0,287655,338418,B,2622.3,3142991,10.93,
CRAFT,craft white_stained_glass and sell a stack,white_stained_glass,8x glass + 1x white_dye,352.9,1250.0,64,22588,57412,6.0,287059,574118,C,679.4,812564,2.83,
CRAFT,craft coal and sell a stack,coal,1x coal_block,177.8,623.0,64,11378,28494,6.0,284942,284942,A,625.6,742799,2.61,
CRAFT,craft cyan_stained_glass and sell a stack,cyan_stained_glass,8x glass + 1x cyan_dye,286.3,1172.0,64,18320,56688,6.0,283440,566879,C,160.1,189126,0.67,
CRAFT,craft stone_brick_stairs and sell a stack,stone_brick_stairs,6x stone_bricks,7.5,1047.0,64,480,66528,7.1,283043,566085,C,119.0,164908,0.58,
CRAFT,craft blue_terracotta and sell a stack,blue_terracotta,8x terracotta + 1x blue_dye,345.7,1471.0,64,22125,72019,13.1,281449,331117,B,59.8,152403,0.54,
CRAFT,craft purpur_slab and sell a stack,purpur_slab,3x purpur_pillar,742.0,6166.0,64,47488,347136,63.0,281229,330857,B,11.6,142884,0.51,
CRAFT,craft green_stained_glass and sell a stack,green_stained_glass,8x glass + 1x green_dye,377.6,1250.0,64,24168,55832,6.0,279160,558320,C,256.1,297852,1.07,
CRAFT,craft green_candle and sell a stack,green_candle,1x candle + 1x green_dye,881.0,13281.0,64,56384,793600,85.3,279049,558098,C,8.5,141179,0.51,
CRAFT,craft dark_prismarine_stairs and sell a stack,dark_prismarine_stairs,6x dark_prismarine,525.0,7797.0,64,33600,465408,50.5,276215,552431,C,14.5,140895,0.51,
CRAFT,craft heavy_weighted_pressure_plate and sell a stack,heavy_weighted_pressure_plate,2x iron_ingot,340.0,3125.0,64,21760,178240,19.4,274956,549911,C,39.0,144930,0.53,
CRAFT,craft copper_trapdoor and sell a stack,copper_trapdoor,4x copper_ingot,252.0,3542.0,64,16128,210560,23.0,274098,548197,C,32.7,143266,0.52,
CRAFT,craft purple_stained_glass_pane and sell a stack,purple_stained_glass_pane,6x purple_stained_glass,75.0,2344.0,64,4800,145216,16.0,271673,543347,C,47.9,144871,0.53,
CRAFT,craft yellow_concrete_powder and sell a stack,yellow_concrete_powder,1x yellow_dye + 4x sand + 4x gravel,200.3,2683.0,64,12820,158892,17.7,269964,539928,C,43.2,143086,0.53,
CRAFT,craft bamboo_block and sell a stack,bamboo_block,9x bamboo,126.0,547.0,64,8064,26944,6.0,269440,269440,A,208.2,233687,0.87,
CRAFT,craft mossy_stone_bricks and sell a stack,mossy_stone_bricks,1x stone_bricks + 1x moss_block,13.1,1047.0,64,838,66170,7.4,267152,534305,C,112.0,154348,0.58,
CRAFT,craft lime_concrete_powder and sell a stack,lime_concrete_powder,1x lime_dye + 4x sand + 4x gravel,167.5,1875.0,64,10720,109280,12.4,264585,529170,C,63.2,143907,0.54,
CRAFT,craft copper_bulb and sell a stack,copper_bulb,3x copper_block + 1x blaze_rod + 1x redstone,671.7,1953.0,64,42990,82002,9.3,263433,526866,C,86.3,147513,0.56,
CRAFT,craft lime_candle and sell a stack,lime_candle,1x candle + 1x lime_dye,150.0,13281.0,64,9600,840384,95.9,262860,525719,C,7.6,132815,0.51,
CRAFT,craft brick_slab and sell a stack,brick_slab,3x bricks,976.5,4688.0,64,62496,237536,46.3,261896,308113,B,15.9,133841,0.51,
CRAFT,craft waxed_copper_block and sell a stack,waxed_copper_block,1x copper_block + 1x honeycomb,742.0,2969.0,64,47488,142528,16.7,256724,513449,C,46.0,136561,0.53,
CRAFT,craft tuff_brick_slab and sell a stack,tuff_brick_slab,3x tuff_bricks,590.7,6234.0,64,37807,361169,71.8,256561,301837,B,10.2,130093,0.51,
CRAFT,craft gray_carpet and sell a stack,gray_carpet,2x gray_wool,334.1,1953.0,64,21380,103612,12.1,256017,512034,C,64.6,139498,0.54,
CRAFT,craft iron_ingot and sell a stack,iron_ingot,1x iron_block,277.8,677.0,64,17778,25550,6.0,255502,255502,A,960.3,1022322,4.0,
CRAFT,craft light_blue_dye and sell a stack,light_blue_dye,1x blue_dye + 1x white_dye,674.6,1210.0,64,43172,34268,6.9,253502,298237,B,122.2,148256,0.58,
CRAFT,craft brown_dye and sell a stack,brown_dye,1x cocoa_beans,26.0,1176.0,64,1664,73600,8.8,250996,501992,C,92.3,141594,0.56,
FLIP,"buy blackstone on /orders at 850, relist a stack",blackstone,64 x blackstone,850.0,3125.0,64,54400,145600,35.0,249600,249600,A,549.3,3332363,13.35,order needs ~0.5h to fill
CRAFT,craft lime_carpet and sell a stack,lime_carpet,1x lime_dye + 1x black_carpet,1596.9,7745.0,64,102200,393480,47.4,249160,498319,C,15.5,127266,0.51,
CRAFT,craft yellow_stained_glass and sell a stack,yellow_stained_glass,8x glass + 1x yellow_dye,319.1,1094.0,64,20420,49596,6.0,247980,495960,C,211.8,218881,0.88,
CRAFT,craft yellow_stained_glass_pane and sell a stack,yellow_stained_glass_pane,6x yellow_stained_glass,410.2,3125.0,64,26256,173744,35.9,246579,290093,B,20.6,126818,0.51,
CRAFT,craft chest_minecart and sell a stack,chest_minecart,1x chest + 1x minecart,1018.2,50000.0,1,1018,48982,6.0,244909,489818,C,819.2,835956,3.41,
CRAFT,craft blue_dye and sell a stack,blue_dye,1x cornflower,1.0,766.0,64,64,48960,6.0,244800,489600,C,251.6,256611,1.05,
FLIP,"buy tnt on /orders at 1,700, relist a stack",tnt,64 x tnt,1700.0,3906.0,64,108800,141184,35.0,242030,242030,A,1362.2,8013644,33.11,order needs ~0.5h to fill
FLIP,"buy iron_block on /orders at 2,500, relist a stack",iron_block,64 x iron_block,2500.0,4688.0,64,160000,140032,35.0,240055,240055,A,392.5,2290262,9.54,order needs ~0.5h to fill
CRAFT,craft raw_iron_block and sell a stack,raw_iron_block,9x raw_iron,1089.0,7500.0,64,69696,410304,51.6,238659,477318,C,14.2,121689,0.51,
CRAFT,craft polished_tuff_slab and sell a stack,polished_tuff_slab,3x polished_tuff,925.8,4297.0,64,59252,215756,46.2,238340,280400,B,15.9,121808,0.51,
CRAFT,craft hopper_minecart and sell a stack,hopper_minecart,1x hopper + 1x minecart,2360.0,50000.0,1,2360,47640,6.0,238200,476400,C,924.8,917864,3.85,
CRAFT,craft nether_brick_fence and sell a stack,nether_brick_fence,4x nether_bricks + 2x nether_brick,1780.3,6250.0,64,113937,286063,61.4,237759,279716,B,11.9,120849,0.51,
CRAFT,craft oak_stairs and sell a stack,oak_stairs,6x oak_planks,78.0,1563.0,64,4992,95040,12.0,237403,474806,C,65.4,129483,0.55,
CRAFT,craft bamboo_hanging_sign and sell a stack,bamboo_hanging_sign,2x iron_chain + 6x stripped_bamboo_block,2864.8,26000.0,16,45836,370164,79.5,237381,279272,B,9.2,120202,0.51,
CRAFT,craft glass_bottle and sell a stack,glass_bottle,3x glass,280.0,1016.0,64,17920,47104,6.0,235520,471040,C,343.9,337436,1.43,
CRAFT,craft leather_horse_armor and sell a stack,leather_horse_armor,7x leather,1981.0,500000.0,1,1981,498019,64.2,232872,465744,C,11.4,118280,0.51,
CRAFT,craft smooth_sandstone_stairs and sell a stack,smooth_sandstone_stairs,6x smooth_sandstone,46.5,2381.0,64,2976,149408,20.3,220777,441553,C,37.3,116107,0.53,
CRAFT,craft waxed_oxidized_copper_grate and sell a stack,waxed_oxidized_copper_grate,4x waxed_oxidized_copper,4684.8,6834.0,64,299828,137548,32.1,218867,257491,B,23.2,112958,0.52,
CRAFT,craft blue_concrete_powder and sell a stack,blue_concrete_powder,1x blue_dye + 4x sand + 4x gravel,257.0,1563.0,64,16445,83587,11.8,213413,426826,C,67.0,116633,0.55,
CRAFT,craft gray_stained_glass_pane and sell a stack,gray_stained_glass_pane,8x glass_pane + 1x gray_dye,1051.2,3594.0,64,67278,162738,38.9,213182,250803,B,19.0,109401,0.51,
CRAFT,craft sandstone_stairs and sell a stack,sandstone_stairs,6x sandstone,468.8,1563.0,64,30000,70032,16.8,212504,250005,B,45.5,112974,0.53,
CRAFT,craft green_concrete_powder and sell a stack,green_concrete_powder,1x green_dye + 4x sand + 4x gravel,258.9,1250.0,64,16568,63432,9.0,212314,424628,C,90.4,119488,0.56,
CRAFT,craft polished_deepslate_slab and sell a stack,polished_deepslate_slab,3x polished_deepslate,195.3,781.0,64,12500,37484,9.3,206090,242459,B,87.0,115496,0.56,
CRAFT,craft purple_bed and sell a stack,purple_bed,3x purple_wool + 3x spruce_planks,9189.0,170000.0,1,9189,160811,23.5,205291,410581,C,32.0,107207,0.52,
CRAFT,craft gray_concrete_powder and sell a stack,gray_concrete_powder,1x gray_dye + 4x sand + 4x gravel,603.5,2813.0,64,38622,141410,20.7,204818,409637,C,36.5,107604,0.53,
CRAFT,craft black_concrete_powder and sell a stack,black_concrete_powder,1x black_dye + 4x sand + 4x gravel,172.5,1094.0,64,11040,58976,8.7,202610,405220,C,93.1,114406,0.56,
CRAFT,craft bamboo_sign and sell a stack,bamboo_sign,6x bamboo_planks + 1x stick,939.7,4938.0,16,15035,63973,9.5,202142,404284,C,84.8,112970,0.56,
CRAFT,craft light_gray_stained_glass_pane and sell a stack,light_gray_stained_glass_pane,6x light_gray_stained_glass,262.9,3594.0,64,16824,213192,31.7,201983,403967,C,23.5,104285,0.52,
CRAFT,craft polished_tuff_wall and sell a stack,polished_tuff_wall,6x polished_tuff,1851.6,7188.0,64,118503,341529,86.8,200645,236053,B,8.4,101491,0.51,
CRAFT,craft waxed_oxidized_copper and sell a stack,waxed_oxidized_copper,1x oxidized_copper + 1x honeycomb,1100.0,1887.0,64,70400,50368,7.6,199545,399090,C,109.5,114953,0.58,
CRAFT,craft cherry_planks and sell a stack,cherry_planks,1x cherry_log,32.0,734.0,64,2048,44928,6.8,198696,397392,C,124.5,116526,0.59,
CRAFT,craft music_disc_5 and sell a stack,music_disc_5,9x disc_fragment_5,107955.5,249000.0,1,107956,141044,37.0,194413,228721,B,20.0,99906,0.51,
CRAFT,craft spectral_arrow and sell a stack,spectral_arrow,4x glowstone_dust + 1x arrow,145.0,1094.0,64,9280,60736,9.4,193743,387486,C,85.7,108398,0.56,
CRAFT,craft melon and sell a stack,melon,9x melon_slice,90.0,1484.0,64,5760,89216,13.9,192738,385476,C,55.9,103847,0.54,
CRAFT,craft mangrove_trapdoor and sell a stack,mangrove_trapdoor,6x mangrove_planks,5151.0,7031.0,64,329664,120320,33.0,186200,219058,B,22.5,96013,0.52,
CRAFT,craft blaze_powder and sell a stack,blaze_powder,1x blaze_rod,200.0,781.0,64,12800,37184,6.0,185920,371840,C,173.6,134452,0.72,
CRAFT,craft crimson_trapdoor and sell a stack,crimson_trapdoor,6x crimson_planks,3282.0,6819.0,64,210048,226368,62.5,184772,217379,B,11.7,93889,0.51,
CRAFT,craft bucket and sell a stack,bucket,3x iron_ingot,510.0,2813.0,16,8160,36848,6.0,184240,368480,C,441.2,338728,1.84,
CRAFT,craft green_wool and sell a stack,green_wool,1x green_dye + 1x black_wool,811.0,1563.0,64,51904,48128,7.9,183341,366683,C,104.7,105004,0.57,
CRAFT,craft light_gray_wool and sell a stack,light_gray_wool,1x light_gray_dye + 1x black_wool,1053.0,1875.0,64,67392,52608,8.6,182889,365777,C,94.4,103430,0.57,
CRAFT,craft scaffolding and sell a stack,scaffolding,6x bamboo + 1x string,26.0,594.0,64,1664,36352,6.0,181760,363520,C,689.9,522452,2.87,
CRAFT,craft mangrove_shelf and sell a stack,mangrove_shelf,6x stripped_mangrove_log,6578.9,10938.0,64,421053,278979,78.5,181133,213098,B,9.3,91734,0.51,
CRAFT,craft white_terracotta and sell a stack,white_terracotta,8x terracotta + 1x white_dye,322.9,781.0,64,20668,29316,8.3,179869,211611,B,98.5,102234,0.57,
CRAFT,craft purpur_stairs and sell a stack,purpur_stairs,6x purpur_pillar,2226.0,5882.0,64,142464,233984,66.7,178790,210341,B,11.0,90755,0.51,
CRAFT,craft deepslate_bricks and sell a stack,deepslate_bricks,4x polished_deepslate,390.6,719.0,64,25000,21016,6.0,178639,210163,B,552.6,411294,2.3,
CRAFT,craft lightning_rod and sell a stack,lightning_rod,3x copper_ingot,189.0,3109.0,64,12096,186880,31.5,177899,355798,C,23.6,91864,0.52,
CRAFT,craft deepslate_tile_wall and sell a stack,deepslate_tile_wall,6x deepslate_tiles,5.0,1563.0,64,320,99712,16.8,177870,355740,C,45.5,94558,0.53,
CRAFT,craft blue_stained_glass_pane and sell a stack,blue_stained_glass_pane,6x blue_stained_glass,56.2,3125.0,64,3600,196400,33.3,176753,353507,C,22.3,91110,0.52,
CRAFT,craft purple_dye and sell a stack,purple_dye,1x blue_dye + 1x red_dye,460.8,781.0,64,29492,20492,6.0,174183,204922,B,160.6,116552,0.67,
CRAFT,craft cherry_sign and sell a stack,cherry_sign,6x cherry_planks + 1x stick,1564.2,6188.0,16,25027,73981,12.7,174135,348270,C,61.3,94480,0.54,
CRAFT,craft target and sell a stack,target,4x redstone + 1x hay_block,3543.5,4375.0,64,226785,53215,9.2,173878,347756,C,88.0,97566,0.56,
CRAFT,craft chiseled_bookshelf and sell a stack,chiseled_bookshelf,6x spruce_planks + 3x spruce_slab,473.2,1406.0,64,30288,59696,10.4,171980,343960,C,76.5,95125,0.55,
CRAFT,craft waxed_copper_grate and sell a stack,waxed_copper_grate,4x waxed_copper_block,505.0,3734.0,64,32321,206655,36.2,171135,342271,C,20.4,87997,0.51,
CRAFT,craft cherry_trapdoor and sell a stack,cherry_trapdoor,6x cherry_planks,2343.8,3937.0,64,150000,101968,30.6,169962,199955,B,24.3,87852,0.52,
CRAFT,craft red_nether_brick_wall and sell a stack,red_nether_brick_wall,6x red_nether_bricks,30.0,14063.0,64,1920,898112,158.9,169602,339204,C,4.6,85338,0.5,
FLIP,"buy coal_block on /orders at 1,600, relist a stack",coal_block,64 x coal_block,1600.0,3140.0,64,102400,98560,35.0,168960,168960,A,186.2,764648,4.53,order needs ~0.5h to fill
CRAFT,craft polished_blackstone_wall and sell a stack,polished_blackstone_wall,6x polished_blackstone,312.0,3125.0,64,19968,180032,32.0,168862,337725,C,23.2,87156,0.52,
CRAFT,craft green_stained_glass_pane and sell a stack,green_stained_glass_pane,6x green_stained_glass,71.2,2344.0,64,4560,145456,25.9,168744,337488,C,29.0,87766,0.52,
CRAFT,craft chest and sell a stack,chest,8x spruce_planks,256.0,781.0,64,16384,33600,6.0,168000,336000,C,1121.3,784931,4.67,
CRAFT,craft tuff_slab and sell a stack,tuff_slab,3x tuff,0.5,1094.0,64,32,69984,12.5,167709,335417,C,62.5,91134,0.54,
CRAFT,craft waxed_copper_bulb and sell a stack,waxed_copper_bulb,1x copper_bulb + 1x honeycomb,350.0,2813.0,64,22400,157632,28.3,167396,334792,C,26.4,86769,0.52,
CRAFT,craft oak_slab and sell a stack,oak_slab,3x oak_planks,26.0,547.0,64,1664,33344,6.0,166720,333440,C,153.1,106371,0.64,
CRAFT,craft torch and sell a stack,torch,1x charcoal + 1x stick,26.2,547.0,64,1680,33328,6.0,166640,333280,C,906.3,629276,3.78,
CRAFT,craft red_sandstone_slab and sell a stack,red_sandstone_slab,3x red_sandstone,195.3,7813.0,64,12500,487532,149.4,166473,195851,B,4.9,83798,0.5,
CRAFT,craft cookie and sell a stack,cookie,2x wheat + 1x cocoa_beans,59.5,688.0,64,3808,40224,7.3,164932,329863,C,114.0,95522,0.58,
CRAFT,craft detector_rail and sell a stack,detector_rail,6x iron_ingot + 1x stone_pressure_plate + 1x redstone,907.2,3125.0,64,58061,141939,26.1,162955,325910,C,28.7,84720,0.52,
CRAFT,craft light_gray_dye and sell a stack,light_gray_dye,1x azure_bluet,1.0,1022.0,64,64,65344,12.0,162910,325820,C,65.3,88838,0.55,
CRAFT,craft mud_brick_stairs and sell a stack,mud_brick_stairs,6x mud_bricks,75.0,3109.0,64,4800,194176,35.9,162259,324518,C,20.6,83454,0.51,
CRAFT,craft glass_pane and sell a stack,glass_pane,6x glass,105.0,609.0,64,6720,32256,6.0,161280,322560,C,342.2,229942,1.43,
FLIP,"buy crafter on /orders at 3,700, relist a stack",crafter,64 x crafter,3700.0,5156.0,64,236800,93184,35.0,159744,159744,A,365.7,1419855,8.89,order needs ~0.5h to fill
CRAFT,craft skull_banner_pattern and sell a stack,skull_banner_pattern,1x paper + 1x wither_skeleton_skull,31103.0,320000.0,1,31103,288897,54.3,159514,319027,C,13.5,81252,0.51,
CRAFT,craft crafting_table and sell a stack,crafting_table,4x spruce_planks,128.0,625.0,64,8192,31808,6.0,159040,318080,C,599.1,397023,2.5,
CRAFT,craft quartz_pillar and sell a stack,quartz_pillar,2x quartz_block,1100.0,1600.0,64,70400,32000,6.1,158343,316686,C,142.2,94809,0.6,
CRAFT,craft cyan_carpet and sell a stack,cyan_carpet,2x cyan_wool,1562.5,3514.0,64,100000,124896,40.3,157870,185730,B,18.3,80941,0.51,
CRAFT,craft polished_tuff_stairs and sell a stack,polished_tuff_stairs,6x polished_tuff,2777.4,3906.0,64,177755,72229,23.7,155610,183070,B,31.8,81236,0.52,
CRAFT,craft oak_trapdoor and sell a stack,oak_trapdoor,6x oak_planks,156.0,703.0,64,9984,35008,6.7,155606,311212,C,125.2,91335,0.59,
CRAFT,craft light_blue_stained_glass_pane and sell a stack,light_blue_stained_glass_pane,8x glass_pane + 1x light_blue_dye,764.9,2344.0,64,48952,101064,33.1,155527,182973,B,22.4,80183,0.52,
CRAFT,craft red_stained_glass_pane and sell a stack,red_stained_glass_pane,6x red_stained_glass,6.8,1563.0,64,432,99600,19.3,154916,309832,C,39.4,81693,0.53,
CRAFT,craft tnt_minecart and sell a stack,tnt_minecart,1x tnt + 1x minecart,2160.0,33000.0,1,2160,30840,6.0,154200,308400,C,909.0,584032,3.79,
CRAFT,craft polished_blackstone_brick_slab and sell a stack,polished_blackstone_brick_slab,3x polished_blackstone_bricks,107.5,1563.0,64,6880,93152,18.1,154096,308192,C,42.0,81544,0.53,
CRAFT,craft raw_iron and sell a stack,raw_iron,1x raw_iron_block,122.2,1094.0,64,7822,62194,12.1,153813,307625,C,64.7,83816,0.54,
CRAFT,craft dark_prismarine_slab and sell a stack,dark_prismarine_slab,3x dark_prismarine,175.0,4688.0,64,11200,288832,56.4,153585,307170,C,13.0,78178,0.51,
CRAFT,craft bamboo_trapdoor and sell a stack,bamboo_trapdoor,6x bamboo_planks,1407.0,2344.0,64,90048,59968,19.9,153454,180534,B,38.0,80780,0.53,
CRAFT,craft granite_wall and sell a stack,granite_wall,6x granite,434.8,3906.0,64,27826,222158,74.6,151905,178711,B,9.8,76984,0.51,
CRAFT,craft tuff_wall and sell a stack,tuff_wall,6x tuff,1.0,2656.0,64,64,169920,33.9,150548,301096,C,21.9,77565,0.52,
CRAFT,craft tuff_stairs and sell a stack,tuff_stairs,6x tuff,1.5,3125.0,64,96,199904,40.1,149391,298782,C,18.4,76604,0.51,
CRAFT,craft moss_carpet and sell a stack,moss_carpet,2x moss_block,5.4,469.0,64,346,29670,6.0,148352,296704,C,326.2,201615,1.36,
CRAFT,craft warped_fence and sell a stack,warped_fence,4x warped_planks + 2x stick,2735.4,12500.0,64,175066,624934,126.9,147737,295473,C,5.7,74455,0.5,
FLIP,"buy shulker_shell on /orders at 2,800, relist a stack",shulker_shell,64 x shulker_shell,2800.0,4141.0,64,179200,85824,35.0,147127,147127,A,198.0,708093,4.81,order needs ~0.5h to fill
CRAFT,craft green_bed and sell a stack,green_bed,3x green_wool + 3x spruce_planks,1599.3,100000.0,1,1599,98401,20.3,145769,291538,C,37.4,76671,0.53,
CRAFT,craft stone_bricks and sell a stack,stone_bricks,4x stone,14.0,469.0,64,896,29120,6.0,145600,291200,C,788.5,478327,3.29,
CRAFT,craft gray_dye and sell a stack,gray_dye,1x black_dye + 1x white_dye,336.8,938.0,64,21553,38479,8.0,144594,289187,C,103.1,82649,0.57,
CRAFT,craft slime_ball and sell a stack,slime_ball,1x slime_block,17.8,469.0,64,1138,28878,6.0,144391,288782,C,168.4,101289,0.7,
CRAFT,craft spruce_trapdoor and sell a stack,spruce_trapdoor,6x spruce_planks,96.0,547.0,64,6144,28864,6.0,144320,288640,C,521.7,313702,2.17,
CRAFT,craft deepslate_brick_wall and sell a stack,deepslate_brick_wall,6x deepslate_bricks,10.0,1563.0,64,640,99392,20.7,143783,287567,C,36.5,75534,0.53,
CRAFT,craft pale_oak_wood and sell a stack,pale_oak_wood,4x pale_oak_log,1041.3,3578.0,64,66645,162347,57.9,143044,168288,B,12.7,72780,0.51,
CRAFT,craft white_harness and sell a stack,white_harness,3x leather + 2x glass + 1x white_wool,1512.0,60000.0,1,1512,58488,12.3,143030,286061,C,63.9,77862,0.54,
CRAFT,craft cut_copper_stairs and sell a stack,cut_copper_stairs,6x cut_copper,7500.0,12500.0,64,480000,320000,115.2,141666,166666,B,6.3,71453,0.5,
CRAFT,craft pale_oak_button and sell a stack,pale_oak_button,1x pale_oak_planks,654.9,3333.0,64,41916,171396,61.8,141518,166491,B,11.8,71923,0.51,
CRAFT,craft redstone and sell a stack,redstone,1x redstone_block,211.1,431.0,64,13511,14073,6.0,140729,140729,A,1137.1,666741,4.74,
CRAFT,craft waxed_oxidized_cut_copper_slab and sell a stack,waxed_oxidized_cut_copper_slab,3x waxed_oxidized_cut_copper,2734.5,6156.0,64,175008,218976,80.0,139552,164179,B,9.1,70659,0.51,
CRAFT,craft deepslate_tile_slab and sell a stack,deepslate_tile_slab,3x deepslate_tiles,2.5,781.0,64,160,49824,10.8,138356,276712,C,73.4,76235,0.55,
CRAFT,craft white_dye and sell a stack,white_dye,1x bone_meal,216.1,469.0,64,13830,16186,6.0,137583,161862,B,337.6,193513,1.41,
CRAFT,craft polished_blackstone_brick_wall and sell a stack,polished_blackstone_brick_wall,6x polished_blackstone_bricks,215.0,3906.0,64,13760,236224,51.7,137077,274155,C,14.2,69891,0.51,
CRAFT,craft gold_nugget and sell a stack,gold_nugget,1x gold_ingot,66.7,750.0,64,4267,43733,9.7,135769,271539,C,83.1,75720,0.56,
CRAFT,craft spruce_stairs and sell a stack,spruce_stairs,6x spruce_planks,48.0,469.0,64,3072,26944,6.0,134720,269440,C,255.9,143647,1.07,
CRAFT,craft firework_rocket and sell a stack,firework_rocket,1x gunpowder + 1x paper,50.0,469.0,64,3200,26816,6.0,134080,268160,C,832.6,465144,3.47,
CRAFT,craft waxed_oxidized_cut_copper and sell a stack,waxed_oxidized_cut_copper,4x waxed_oxidized_copper,4684.8,5469.0,64,299828,50188,19.1,133783,157392,B,39.7,70581,0.53,
CRAFT,craft waxed_cut_copper_stairs and sell a stack,waxed_cut_copper_stairs,6x waxed_cut_copper,9523.5,15609.0,64,609504,389472,148.7,133543,157109,B,4.9,67223,0.5,
CRAFT,craft brown_concrete_powder and sell a stack,brown_concrete_powder,1x brown_dye + 4x sand + 4x gravel,335.1,3906.0,64,21445,228539,51.5,133062,266123,C,14.2,67848,0.51,
CRAFT,craft copper_ingot and sell a stack,copper_ingot,1x waxed_copper_block,56.1,469.0,64,3591,26425,6.0,132124,264248,C,225.4,124068,0.94,
CRAFT,craft birch_boat and sell a stack,birch_boat,5x birch_planks,781.2,19000.0,1,781,18219,7.1,131122,154261,B,118.3,76333,0.58,
CRAFT,craft iron_bars and sell a stack,iron_bars,6x iron_ingot,63.8,469.0,64,4080,25936,6.0,129680,259360,C,284.2,153544,1.18,
CRAFT,craft spruce_pressure_plate and sell a stack,spruce_pressure_plate,2x spruce_planks,64.0,469.0,64,4096,25920,6.0,129600,259200,C,273.2,147524,1.14,
FLIP,"buy lapis_block on /orders at 700, relist a stack",lapis_block,64 x lapis_block,700.0,1875.0,64,44800,75200,35.0,128914,128914,A,150.0,470122,3.65,order needs ~0.5h to fill
CRAFT,craft pumpkin_seeds and sell a stack,pumpkin_seeds,1x pumpkin,17.5,703.0,64,1120,43872,10.3,128322,256643,C,77.8,71092,0.55,
CRAFT,craft smooth_sandstone_slab and sell a stack,smooth_sandstone_slab,3x smooth_sandstone,15.5,2328.0,64,992,148000,34.7,127858,255715,C,21.3,65824,0.51,
CRAFT,craft blackstone_wall and sell a stack,blackstone_wall,6x blackstone,850.0,1563.0,64,54400,45632,21.5,127561,127561,A,35.2,66897,0.52,
CRAFT,craft cobbled_deepslate_stairs and sell a stack,cobbled_deepslate_stairs,6x cobbled_deepslate,15.0,1172.0,64,960,74048,17.5,126625,253251,C,43.5,67140,0.53,
CRAFT,craft diorite_slab and sell a stack,diorite_slab,3x diorite,598.5,1563.0,64,38301,61731,25.1,125508,147657,B,29.9,65360,0.52,
CRAFT,craft nether_brick_slab and sell a stack,nether_brick_slab,3x nether_bricks,1217.9,4167.0,64,77948,188740,76.9,125250,147353,B,9.5,63451,0.51,
CRAFT,craft end_stone_brick_wall and sell a stack,end_stone_brick_wall,6x end_stone_bricks,313.0,4688.0,64,20032,280000,114.3,124902,146943,B,6.4,63002,0.5,
CRAFT,craft spruce_fence_gate and sell a stack,spruce_fence_gate,4x stick + 2x spruce_planks,84.0,469.0,64,5376,24640,6.0,123200,246400,C,343.5,176336,1.43,
CRAFT,craft copper_grate and sell a stack,copper_grate,4x copper_block,642.0,5469.0,64,41088,308928,75.3,123042,246084,C,9.7,62349,0.51,
CRAFT,craft prismarine_brick_slab and sell a stack,prismarine_brick_slab,3x prismarine_bricks,0.8,3125.0,64,48,199952,49.0,122544,245089,C,15.0,62550,0.51,
CRAFT,craft polished_deepslate and sell a stack,polished_deepslate,4x cobbled_deepslate,10.0,391.0,64,640,24384,6.0,121920,243840,C,449.7,228439,1.87,
CRAFT,craft stripped_dark_oak_wood and sell a stack,stripped_dark_oak_wood,4x stripped_dark_oak_log,9583.3,13929.0,64,613333,278123,116.9,121341,142755,B,6.2,61194,0.5,
CRAFT,craft jungle_wood and sell a stack,jungle_wood,4x jungle_log,88.0,4688.0,64,5632,294400,73.5,120091,240182,C,9.9,60873,0.51,
CRAFT,craft lime_bed and sell a stack,lime_bed,3x lime_wool + 3x spruce_planks,9471.0,74999.0,1,9471,65528,16.4,119740,239480,C,46.7,63753,0.53,
CRAFT,craft oak_pressure_plate and sell a stack,oak_pressure_plate,2x oak_planks,104.0,1563.0,64,6656,93376,23.9,117285,234570,C,31.5,61205,0.52,
CRAFT,craft orange_concrete_powder and sell a stack,orange_concrete_powder,1x orange_dye + 4x sand + 4x gravel,336.5,1953.0,64,21536,103456,26.5,117228,234456,C,28.3,60915,0.52,
CRAFT,craft mud_brick_wall and sell a stack,mud_brick_wall,6x mud_bricks,50.0,1875.0,64,3200,116800,30.0,116717,233434,C,24.8,60369,0.52,
CRAFT,craft acacia_boat and sell a stack,acacia_boat,5x acacia_planks,225.0,100000.0,1,225,99775,25.7,116662,233323,C,29.2,60696,0.52,
CRAFT,craft pink_dye and sell a stack,pink_dye,1x pink_petals,6.0,188.0,64,384,11648,6.0,116480,116480,A,253.5,123008,1.06,
CRAFT,craft pink_concrete_powder and sell a stack,pink_concrete_powder,1x pink_dye + 4x sand + 4x gravel,178.8,2059.0,64,11445,120331,31.0,116420,232840,C,24.0,60150,0.52,
CRAFT,craft polished_blackstone_slab and sell a stack,polished_blackstone_slab,3x polished_blackstone,156.0,1079.0,64,9984,59072,15.2,116298,232597,C,50.6,62233,0.54,
CRAFT,craft blue_harness and sell a stack,blue_harness,3x leather + 2x glass + 1x blue_wool,1479.0,500000.0,1,1479,498521,129.6,115424,230848,C,5.6,58161,0.5,
CRAFT,craft brown_terracotta and sell a stack,brown_terracotta,8x terracotta + 1x brown_dye,423.8,781.0,64,27125,22859,10.1,114984,135276,B,78.8,63783,0.55,
CRAFT,craft stone_brick_slab and sell a stack,stone_brick_slab,3x stone_bricks,2.5,531.0,64,160,33824,8.9,113878,227756,C,91.0,64137,0.56,
CRAFT,craft fire_charge and sell a stack,fire_charge,1x gunpowder + 1x blaze_powder + 1x coal,92.3,1563.0,64,5909,94123,25.0,112868,225736,C,30.0,58784,0.52,
CRAFT,craft copper_lantern and sell a stack,copper_lantern,8x copper_nugget + 1x copper_torch,3984.8,6250.0,64,255030,144970,65.6,112735,132629,B,11.1,57240,0.51,
CRAFT,craft observer and sell a stack,observer,6x cobblestone + 2x redstone + 1x quartz,1819.9,2172.0,64,116475,22533,6.0,112666,225331,C,773.3,363040,3.22,
CRAFT,craft smooth_stone_slab and sell a stack,smooth_stone_slab,3x smooth_stone,40.0,391.0,64,2560,22464,6.0,112320,224640,C,347.6,162679,1.45,
CRAFT,craft bamboo_fence and sell a stack,bamboo_fence,4x bamboo_planks + 2x stick,628.7,1875.0,64,40235,79765,21.4,111569,223139,C,35.2,58513,0.52,
CRAFT,craft blue_candle and sell a stack,blue_candle,1x candle + 1x blue_dye,865.6,6250.0,64,55400,344600,94.4,109477,218955,C,7.7,55325,0.51,
CRAFT,craft paper and sell a stack,paper,3x sugar_cane,51.0,391.0,64,3264,21760,6.0,108800,217600,C,772.4,350143,3.22,
CRAFT,craft mangrove_slab and sell a stack,mangrove_slab,3x mangrove_planks,858.5,1563.0,64,54944,45088,21.2,108376,127502,B,35.6,56868,0.52,
CRAFT,craft granite_slab and sell a stack,granite_slab,3x granite,217.4,2273.0,64,13913,131559,62.0,108231,127330,B,11.8,55003,0.51,
CRAFT,craft bamboo_button and sell a stack,bamboo_button,1x bamboo_planks,469.0,3750.0,64,30016,209984,99.2,107968,127021,B,7.3,54534,0.51,
CRAFT,craft bamboo_planks and sell a stack,bamboo_planks,1x bamboo_block,66.5,234.0,64,4256,10720,6.0,107200,107200,A,195.2,87189,0.81,
CRAFT,craft candle and sell a stack,candle,1x string + 1x honeycomb,172.0,1094.0,64,11008,59008,16.6,106924,213849,C,46.3,56899,0.53,
CRAFT,craft pink_bed and sell a stack,pink_bed,3x pink_wool + 3x spruce_planks,576.0,40000.0,1,576,39424,11.3,104252,208504,C,69.6,57165,0.55,
CRAFT,craft brown_candle and sell a stack,brown_candle,1x candle + 1x brown_dye,1490.6,10000.0,64,95400,544600,156.8,104174,208348,C,4.6,52421,0.5,
CRAFT,craft red_candle and sell a stack,red_candle,1x candle + 1x red_dye,256.0,1250.0,64,16384,63616,18.6,102848,205696,C,41.0,54353,0.53,
CRAFT,craft note_block and sell a stack,note_block,8x spruce_planks + 1x redstone,616.9,938.0,64,39480,20552,6.0,102758,205517,C,303.0,129732,1.26,
CRAFT,craft crimson_stairs and sell a stack,crimson_stairs,6x crimson_planks,1641.0,3125.0,64,105024,94976,48.8,99286,116807,B,15.1,50682,0.51,
CRAFT,craft cobblestone_wall and sell a stack,cobblestone_wall,6x cobblestone,131.4,313.0,64,8407,11625,6.0,98812,116250,B,577.3,237670,2.41,
CRAFT,craft light_blue_candle and sell a stack,light_blue_candle,1x candle + 1x light_blue_dye,1347.0,14063.0,64,86208,813824,249.0,98048,196095,C,2.9,49222,0.5,
CRAFT,craft white_bed and sell a stack,white_bed,3x white_wool + 3x spruce_planks,405.0,20000.0,1,405,19595,6.0,97975,195950,C,1182.5,482731,4.93,
CRAFT,craft armor_stand and sell a stack,armor_stand,6x stick + 1x smooth_stone_slab,45.1,1250.0,16,722,19278,6.0,96392,192784,C,1219.6,489840,5.08,
CRAFT,craft spyglass and sell a stack,spyglass,1x amethyst_shard + 2x copper_ingot,751.0,20000.0,1,751,19249,6.0,96245,192490,C,196.4,78760,0.82,
FLIP,"buy dispenser on /orders at 3,000, relist a stack",dispenser,64 x dispenser,3000.0,3875.0,64,192000,56000,35.0,96000,96000,A,297.3,693715,7.23,order needs ~0.5h to fill
CRAFT,craft birch_fence and sell a stack,birch_fence,4x birch_planks + 2x stick,211.7,2222.0,64,13547,128661,40.3,95776,191552,C,18.3,49107,0.51,
CRAFT,craft stonecutter and sell a stack,stonecutter,1x iron_ingot + 3x stone,212.0,2031.0,64,13568,116416,36.6,95503,191006,C,20.2,49094,0.51,
CRAFT,craft warped_slab and sell a stack,warped_slab,3x warped_planks,1024.5,1531.0,64,65570,32414,17.4,95149,111940,B,44.0,50480,0.53,
CRAFT,craft stick and sell a stack,stick,2x spruce_planks,16.0,313.0,64,1024,19008,6.0,95040,190080,C,729.7,288944,3.04,
CRAFT,craft blue_ice and sell a stack,blue_ice,9x packed_ice,2664.0,2961.0,64,170496,19008,6.0,95040,190080,C,320.5,126929,1.34,
CRAFT,craft pink_stained_glass_pane and sell a stack,pink_stained_glass_pane,6x pink_stained_glass,468.8,1563.0,64,30000,70032,37.8,94416,111078,B,19.6,48490,0.51,
CRAFT,craft ladder and sell a stack,ladder,7x stick,11.7,306.0,64,747,18837,6.0,94187,188373,C,917.5,360083,3.82,
CRAFT,craft mossy_cobblestone_slab and sell a stack,mossy_cobblestone_slab,3x mossy_cobblestone,12.0,2586.0,64,768,164736,52.6,93933,187866,C,14.0,47876,0.51,
CRAFT,craft orange_candle and sell a stack,orange_candle,1x candle + 1x orange_dye,1502.0,12698.0,64,96131,716541,230.5,93266,186533,C,3.1,46836,0.5,
CRAFT,craft cut_sandstone and sell a stack,cut_sandstone,4x sandstone,312.5,781.0,64,20000,29984,16.9,90584,106569,B,45.3,48144,0.53,
CRAFT,craft oak_planks and sell a stack,oak_planks,1x oak_log,21.3,303.0,64,1361,18031,6.0,90155,180310,C,309.0,116056,1.29,
CRAFT,craft light_blue_concrete_powder and sell a stack,light_blue_concrete_powder,1x light_blue_dye + 4x sand + 4x gravel,317.1,1250.0,64,20296,59704,19.9,89933,179865,C,38.1,47343,0.53,
CRAFT,craft spruce_button and sell a stack,spruce_button,1x spruce_planks,32.0,313.0,64,2048,17984,6.0,89920,179840,C,385.4,144378,1.61,
CRAFT,craft brick_wall and sell a stack,brick_wall,6x bricks,1953.0,8594.0,64,124992,425024,241.8,89663,105486,B,3.0,45018,0.5,
CRAFT,craft spruce_planks and sell a stack,spruce_planks,1x spruce_log,18.0,156.0,64,1152,8832,6.0,88320,88320,A,708.6,260753,2.95,
CRAFT,craft waxed_exposed_copper_chain and sell a stack,waxed_exposed_copper_chain,1x exposed_copper_chain + 1x honeycomb,20100.0,85938.0,64,1286400,4213632,1441.0,87723,175446,C,0.0,0,0.0,
CRAFT,craft crimson_hanging_sign and sell a stack,crimson_hanging_sign,2x iron_chain + 6x stripped_crimson_stem,6302.0,25000.0,16,100832,299168,174.8,87308,102715,B,4.1,43905,0.5,
CRAFT,craft bordure_indented_banner_pattern and sell a stack,bordure_indented_banner_pattern,1x paper + 1x vine,1509.2,99000.0,1,1509,97491,34.0,85952,171903,C,21.8,44277,0.52,
CRAFT,craft warped_sign and sell a stack,warped_sign,6x warped_planks + 1x stick,4099.8,6188.0,16,65596,33412,11.7,85894,171788,C,67.5,46972,0.55,
CRAFT,craft bamboo_mosaic_stairs and sell a stack,bamboo_mosaic_stairs,6x bamboo_mosaic,2367.0,10766.0,64,151488,537536,320.6,85521,100613,B,2.3,42894,0.5,
CRAFT,craft yellow_dye and sell a stack,yellow_dye,1x sunflower,234.4,391.0,64,15000,10024,6.0,85204,100240,B,296.0,105088,1.23,
CRAFT,craft blue_bed and sell a stack,blue_bed,3x blue_wool + 3x spruce_planks,306.0,28000.0,1,306,27694,9.9,83736,167471,C,80.7,46561,0.56,
CRAFT,craft nether_brick_wall and sell a stack,nether_brick_wall,6x nether_bricks,2435.9,5833.0,64,155897,217415,133.2,83230,97917,B,5.4,41930,0.5,
CRAFT,craft prismarine_slab and sell a stack,prismarine_slab,3x prismarine,1472.3,3125.0,64,94229,105771,65.0,83024,97675,B,11.3,42161,0.51,
CRAFT,craft tuff_brick_stairs and sell a stack,tuff_brick_stairs,6x tuff_bricks,1772.2,3125.0,64,113421,86579,54.9,80492,94696,B,13.4,40993,0.51,
CRAFT,craft mossy_stone_brick_stairs and sell a stack,mossy_stone_brick_stairs,6x mossy_stone_bricks,1570.3,3125.0,64,100500,99500,63.6,79776,93855,B,11.5,40525,0.51,
CRAFT,craft copper_chain and sell a stack,copper_chain,2x copper_nugget + 1x copper_ingot,668.5,2344.0,64,42781,107235,41.0,78504,157008,C,18.0,40234,0.51,
CRAFT,craft rail and sell a stack,rail,6x iron_ingot + 1x stick,64.1,309.0,64,4100,15676,6.0,78380,156760,C,603.4,197050,2.51,
CRAFT,craft magma_block and sell a stack,magma_block,4x magma_cream,148.0,391.0,64,9472,15552,6.0,77760,155520,C,296.0,95888,1.23,
CRAFT,craft red_sandstone and sell a stack,red_sandstone,4x red_sand,1012.0,2500.0,64,64771,95229,36.8,77618,155236,C,20.1,39893,0.51,
CRAFT,craft waxed_cut_copper and sell a stack,waxed_cut_copper,4x waxed_copper_block,505.0,3906.0,64,32321,217663,84.7,77075,154151,C,8.6,38998,0.51,
FLIP,"buy soul_sand on /orders at 85, relist a stack",soul_sand,64 x soul_sand,85.0,781.0,64,5440,44544,35.0,76361,76361,A,441.3,819122,10.73,order needs ~0.5h to fill
CRAFT,craft pink_candle and sell a stack,pink_candle,1x candle + 1x pink_dye,240.6,2813.0,64,15400,164632,65.1,75849,151698,C,11.2,38516,0.51,
CRAFT,craft acacia_wood and sell a stack,acacia_wood,4x acacia_log,190.0,7656.0,64,12160,477824,191.4,74889,149778,C,3.8,37641,0.5,
CRAFT,craft oak_boat and sell a stack,oak_boat,5x oak_planks,260.0,15000.0,1,260,14740,6.0,73700,147400,C,301.2,92494,1.25,
CRAFT,craft orange_stained_glass_pane and sell a stack,orange_stained_glass_pane,8x glass_pane + 1x orange_dye,784.3,2344.0,64,50192,99824,69.1,73638,86633,B,10.6,37359,0.51,
CRAFT,craft cherry_chest_boat and sell a stack,cherry_chest_boat,1x chest + 1x cherry_boat,100456.2,250000.0,1,100456,149544,108.5,70317,82725,B,6.7,35485,0.5,
FLIP,"buy creaking_heart on /orders at 1,200, relist a stack",creaking_heart,64 x creaking_heart,1200.0,3906.0,64,76800,173184,149.6,69440,69440,A,7.7,55552,0.8,order needs ~0.9h to fill
CRAFT,craft light_gray_concrete_powder and sell a stack,light_gray_concrete_powder,1x light_gray_dye + 4x sand + 4x gravel,289.1,1094.0,64,18504,51512,22.6,68329,136657,C,33.3,35745,0.52,
CRAFT,craft end_rod and sell a stack,end_rod,1x blaze_rod + 1x popped_chorus_fruit,490.6,703.0,64,31400,13592,6.0,67960,135920,C,158.2,44796,0.66,
CRAFT,craft cherry_hanging_sign and sell a stack,cherry_hanging_sign,2x iron_chain + 6x stripped_cherry_log,5208.5,15574.0,16,83336,165848,127.0,66580,78329,B,5.7,33554,0.5,
CRAFT,craft cyan_bed and sell a stack,cyan_bed,3x cyan_wool + 3x spruce_planks,7127.2,79000.0,1,7127,71873,32.4,66465,132929,C,22.9,34289,0.52,
CRAFT,craft cut_copper_slab and sell a stack,cut_copper_slab,3x cut_copper,2500.0,6818.0,64,160000,276352,212.4,66363,78074,B,3.4,33339,0.5,
CRAFT,craft brown_bed and sell a stack,brown_bed,3x brown_wool + 3x spruce_planks,13854.8,100000.0,1,13855,86145,39.3,65763,131527,C,18.8,33740,0.51,
CRAFT,craft mossy_stone_brick_slab and sell a stack,mossy_stone_brick_slab,3x mossy_stone_bricks,523.4,3125.0,64,33500,166500,129.4,65626,77207,B,5.6,33069,0.5,
CRAFT,craft mossy_cobblestone_wall and sell a stack,mossy_cobblestone_wall,6x mossy_cobblestone,24.0,2344.0,64,1536,148480,68.3,65247,130493,C,10.7,33108,0.51,
CRAFT,craft soul_torch and sell a stack,soul_torch,1x coal + 1x stick + 1x soul_sand,72.5,1563.0,64,4640,95392,43.9,65121,130243,C,16.8,33319,0.51,
CRAFT,craft magenta_candle and sell a stack,magenta_candle,1x candle + 1x magenta_dye,255.0,12500.0,64,16320,783680,361.8,64974,129947,C,2.0,32577,0.5,
CRAFT,craft black_harness and sell a stack,black_harness,3x leather + 2x glass + 1x black_wool,1439.0,100000.0,1,1439,98561,46.0,64279,128558,C,16.0,32854,0.51,
CRAFT,craft andesite and sell a stack,andesite,1x diorite + 1x cobblestone,664.1,781.0,64,42505,7479,6.0,63572,74790,B,151.1,40020,0.63,
CRAFT,craft acacia_stairs and sell a stack,acacia_stairs,6x acacia_planks,67.5,7797.0,64,4320,494688,236.1,62857,125714,C,3.1,31562,0.5,
CRAFT,craft yellow_bed and sell a stack,yellow_bed,3x yellow_wool + 3x spruce_planks,9063.5,40000.0,1,9063,30937,15.0,61953,123906,C,51.5,33192,0.54,
CRAFT,craft crimson_sign and sell a stack,crimson_sign,6x crimson_planks + 1x stick,2189.7,6188.0,16,35035,63973,31.0,61816,123632,C,24.0,31937,0.52,
CRAFT,craft bone_meal and sell a stack,bone_meal,1x bone,45.7,141.0,64,2923,6101,6.0,61013,61013,A,2256.1,573560,9.4,
CRAFT,craft brown_stained_glass_pane and sell a stack,brown_stained_glass_pane,8x glass_pane + 1x brown_dye,782.8,4672.0,64,50101,248907,208.8,60809,71541,B,3.5,30551,0.5,
CRAFT,craft stripped_crimson_hyphae and sell a stack,stripped_crimson_hyphae,4x stripped_crimson_stem,7708.0,13781.0,64,493312,388672,327.1,60597,71291,B,2.2,30392,0.5,
CRAFT,craft arrow and sell a stack,arrow,1x flint + 1x stick + 1x feather,61.0,250.0,64,3906,12094,6.0,60472,120944,C,1053.1,265349,4.39,
FLIP,"buy dropper on /orders at 236, relist a stack",dropper,64 x dropper,236.0,780.0,64,15104,34816,35.0,59685,59685,A,342.6,497023,8.33,order needs ~0.5h to fill
CRAFT,craft andesite_slab and sell a stack,andesite_slab,3x andesite,5.5,1207.0,64,352,76896,38.7,59534,119068,C,19.1,30556,0.51,
CRAFT,craft cherry_shelf and sell a stack,cherry_shelf,6x stripped_cherry_log,4687.5,6234.0,64,300000,98976,85.0,59410,69894,B,8.6,30059,0.51,
CRAFT,craft magenta_concrete_powder and sell a stack,magenta_concrete_powder,1x magenta_dye + 4x sand + 4x gravel,180.6,859.0,64,11560,43416,22.3,58459,116919,C,33.8,30603,0.52,
CRAFT,craft bamboo_door and sell a stack,bamboo_door,6x bamboo_planks,938.0,4688.0,64,60032,240000,210.2,58239,68516,B,3.4,29259,0.5,
CRAFT,craft cherry_stairs and sell a stack,cherry_stairs,6x cherry_planks,1171.9,1563.0,64,75000,25032,22.1,57741,67931,B,34.1,30238,0.52,
CRAFT,craft coarse_dirt and sell a stack,coarse_dirt,2x dirt + 2x gravel,11.0,469.0,64,704,29312,15.6,56524,113047,C,49.5,30203,0.53,
CRAFT,craft dark_oak_planks and sell a stack,dark_oak_planks,1x dark_oak_log,25.0,234.0,64,1600,13376,7.4,54522,109045,C,113.2,31548,0.58,
CRAFT,craft mossy_stone_brick_wall and sell a stack,mossy_stone_brick_wall,6x mossy_stone_bricks,1046.9,3125.0,64,67000,133000,125.2,54190,63752,B,5.8,27313,0.5,
CRAFT,craft gray_candle and sell a stack,gray_candle,1x candle + 1x gray_dye,3637.7,12500.0,64,232814,567186,314.5,54109,108218,C,2.3,27141,0.5,
FLIP,"buy obsidian on /orders at 601, relist a stack",obsidian,64 x obsidian,601.0,1094.0,64,38464,31552,35.0,54089,54089,A,985.4,1295440,23.95,order needs ~0.5h to fill
FLIP,"buy bone on /orders at 137, relist a stack",bone,64 x bone,137.0,625.0,64,8768,31232,35.0,53541,53541,A,447.9,582924,10.89,order needs ~0.5h to fill
CRAFT,craft light_blue_bed and sell a stack,light_blue_bed,3x light_blue_wool + 3x spruce_planks,9741.0,50000.0,1,9741,40259,22.8,52930,105860,C,33.0,27678,0.52,
CRAFT,craft glistering_melon_slice and sell a stack,glistering_melon_slice,8x gold_nugget + 1x melon_slice,274.0,1563.0,64,17536,82496,47.6,52037,104075,C,15.5,26578,0.51,
CRAFT,craft cherry_wood and sell a stack,cherry_wood,4x cherry_log,170.7,1563.0,64,10923,89109,51.4,51971,103942,C,14.3,26501,0.51,
FLIP,"buy observer on /orders at 1,700, relist a stack",observer,64 x observer,1700.0,2172.0,64,108800,30208,35.0,51785,51785,A,773.3,973386,18.8,order needs ~0.5h to fill
CRAFT,craft honeycomb_block and sell a stack,honeycomb_block,4x honeycomb,400.0,1953.0,64,25600,99392,57.8,51596,103192,C,12.7,26252,0.51,
CRAFT,craft dark_oak_fence and sell a stack,dark_oak_fence,4x dark_oak_planks + 2x stick,1391.2,2292.0,64,89036,57652,33.6,51426,102851,C,22.1,26501,0.52,
CRAFT,craft crimson_fence and sell a stack,crimson_fence,4x crimson_planks + 2x stick,1462.0,6250.0,64,93568,306432,179.5,51224,102448,C,4.0,25755,0.5,
CRAFT,craft polished_granite and sell a stack,polished_granite,4x granite,434.8,750.0,64,27826,20174,20.1,51183,60215,B,37.7,26931,0.53,
FLIP,"buy shulker_box on /orders at 5,000, relist a stack",shulker_box,1 x shulker_box,5000.0,40000.0,1,5000,35000,35.0,51000,60000,B,2622.3,3250559,63.74,order needs ~0.5h to fill
CRAFT,craft minecart and sell a stack,minecart,5x iron_ingot,850.0,11000.0,1,850,10150,6.0,50750,101500,C,772.7,163394,3.22,
CRAFT,craft cobbled_deepslate_wall and sell a stack,cobbled_deepslate_wall,6x cobbled_deepslate,10.0,1111.0,64,640,70464,42.6,49570,99141,C,17.3,25380,0.51,
CRAFT,craft magenta_dye and sell a stack,magenta_dye,1x allium,1.0,155.0,64,64,9856,6.0,49280,98560,C,156.9,32221,0.65,
CRAFT,craft cobblestone_slab and sell a stack,cobblestone_slab,3x cobblestone,65.7,156.0,64,4204,5780,6.0,49134,57805,B,457.3,93627,1.91,
CRAFT,craft quartz_slab and sell a stack,quartz_slab,3x quartz_block,550.0,781.0,64,35200,14784,9.3,47880,95761,C,87.1,26837,0.56,
CRAFT,craft light_gray_terracotta and sell a stack,light_gray_terracotta,8x terracotta + 1x light_gray_dye,377.9,625.0,64,24184,15816,16.9,47642,56049,B,45.2,25316,0.53,
CRAFT,craft crimson_hyphae and sell a stack,crimson_hyphae,4x crimson_stem,2729.2,3125.0,64,174668,25332,27.2,47490,55871,B,27.5,24651,0.52,
CRAFT,craft copper_bars and sell a stack,copper_bars,6x copper_ingot,23.6,1094.0,64,1512,68504,43.4,47336,94673,C,17.0,24226,0.51,
CRAFT,craft pumpkin_pie and sell a stack,pumpkin_pie,1x pumpkin + 1x sugar + 1x egg,442.0,1563.0,64,28288,71744,46.2,46544,93087,C,15.9,23786,0.51,
CRAFT,craft resin_clump and sell a stack,resin_clump,1x resin_block,361.8,1016.0,64,23152,41872,46.2,46188,54339,B,15.9,23604,0.51,
FLIP,"buy bamboo_block on /orders at 133, relist a stack",bamboo_block,64 x bamboo_block,133.0,547.0,64,8512,26496,35.0,45422,45422,A,208.2,229801,5.06,order needs ~0.5h to fill
CRAFT,craft oak_button and sell a stack,oak_button,1x oak_planks,52.0,391.0,64,3328,21696,14.4,45130,90260,C,53.6,24246,0.54,
CRAFT,craft spruce_sign and sell a stack,spruce_sign,6x spruce_planks + 1x stick,65.7,624.0,16,1051,8933,6.0,44667,89333,C,1204.4,224149,5.02,
CRAFT,craft spruce_slab and sell a stack,spruce_slab,3x spruce_planks,16.0,155.0,64,1024,8896,6.0,44480,88960,C,935.0,173295,3.9,
CRAFT,craft tinted_glass and sell a stack,tinted_glass,4x amethyst_shard + 1x glass,1390.0,1528.0,64,88960,8832,6.0,44160,88320,C,186.0,34218,0.77,
CRAFT,craft copper_torch and sell a stack,copper_torch,1x copper_nugget + 1x charcoal + 1x stick,101.9,1563.0,64,6524,93508,63.6,44084,88168,C,11.5,22394,0.51,
CRAFT,craft oxidized_copper_grate and sell a stack,oxidized_copper_grate,4x oxidized_copper,1000.0,9982.0,64,64000,574848,393.5,43825,87651,C,1.8,21968,0.5,
CRAFT,craft end_stone_brick_stairs and sell a stack,end_stone_brick_stairs,6x end_stone_bricks,469.5,1563.0,64,30048,69984,84.6,42204,49652,B,8.6,21355,0.51,
CRAFT,craft red_dye and sell a stack,red_dye,1x beetroot,25.0,156.0,64,1600,8384,6.0,41920,83840,C,516.2,90165,2.15,
FLIP,"buy leaf_litter on /orders at 20, relist a stack",leaf_litter,64 x leaf_litter,20.0,1561.0,64,1280,98624,141.6,41784,41784,A,8.1,33427,0.8,order needs ~0.9h to fill
CRAFT,craft pink_harness and sell a stack,pink_harness,3x leather + 2x glass + 1x pink_wool,1569.0,500000.0,1,1569,498431,361.0,41421,82842,C,2.0,20768,0.5,
CRAFT,craft brick_stairs and sell a stack,brick_stairs,6x bricks,2929.5,7031.0,64,187488,262496,324.4,41272,48555,B,2.2,20700,0.5,
CRAFT,craft nether_wart_block and sell a stack,nether_wart_block,9x nether_wart,468.0,906.0,64,29952,28032,21.0,40044,80088,C,36.0,21023,0.52,
CRAFT,craft rabbit_stew and sell a stack,rabbit_stew,1x baked_potato + 1x cooked_rabbit + 1x bowl + 1x carrot + 1x brown_mushroom,7464.0,140000.0,1,7464,132536,101.0,39367,78734,C,7.2,19880,0.51,
CRAFT,craft spruce_boat and sell a stack,spruce_boat,5x spruce_planks,160.0,8000.0,1,160,7840,6.0,39200,78400,C,972.0,158760,4.05,
FLIP,"buy tall_dry_grass on /orders at 28, relist a stack",tall_dry_grass,64 x tall_dry_grass,28.0,625.0,64,1792,38208,59.1,38758,38758,A,24.7,39325,1.01,order needs ~0.5h to fill
CRAFT,craft gray_bed and sell a stack,gray_bed,3x gray_wool + 3x spruce_planks,1599.3,20000.0,1,1599,18401,15.0,36916,73832,C,51.6,19781,0.54,
CRAFT,craft mangrove_sign and sell a stack,mangrove_sign,6x mangrove_planks + 1x stick,3435.7,6188.0,16,54971,44037,37.1,35641,71282,C,20.0,18314,0.51,
CRAFT,craft magenta_bed and sell a stack,magenta_bed,3x magenta_wool + 3x spruce_planks,5625.0,20000.0,1,5625,14375,12.1,35507,71014,C,64.6,19346,0.54,
CRAFT,craft dark_oak_wood and sell a stack,dark_oak_wood,4x dark_oak_log,133.3,1738.0,64,8533,102699,87.7,35145,70289,C,8.3,17775,0.51,
FLIP,"buy bone_block on /orders at 445, relist a stack",bone_block,64 x bone_block,445.0,763.0,64,28480,20352,35.0,34889,34889,A,977.7,829115,23.76,order needs ~0.5h to fill
CRAFT,craft orange_harness and sell a stack,orange_harness,3x leather + 2x glass + 1x orange_wool,5721.9,400000.0,1,5722,394278,343.9,34399,68798,C,2.1,17250,0.5,
CRAFT,craft mojang_banner_pattern and sell a stack,mojang_banner_pattern,1x paper + 1x enchanted_golden_apple,1366022.5,1590000.0,1,1366022,223978,195.6,34353,68707,C,3.7,17265,0.5,
CRAFT,craft warped_button and sell a stack,warped_button,1x warped_planks,2049.1,5391.0,64,131139,213885,326.9,33370,39259,B,2.2,16736,0.5,
CRAFT,craft wolf_armor and sell a stack,wolf_armor,6x armadillo_scute,3073.0,10000.0,1,3073,6927,10.7,33046,38878,B,74.3,18228,0.55,
FLIP,"buy totem_of_undying on /orders at 103,000, relist a stack",totem_of_undying,1 x totem_of_undying,103000.0,125000.0,1,103000,22000,35.0,32057,37714,B,2408.3,1876467,58.54,order needs ~0.5h to fill
CRAFT,craft mossy_cobblestone_stairs and sell a stack,mossy_cobblestone_stairs,6x mossy_cobblestone,36.0,625.0,64,2304,37696,35.5,31820,63640,C,20.8,16371,0.51,
CRAFT,craft resin_brick_stairs and sell a stack,resin_brick_stairs,6x resin_bricks,8324.0,15625.0,64,532737,467263,751.5,31711,37307,B,1.0,15877,0.5,
CRAFT,craft birch_planks and sell a stack,birch_planks,1x birch_log,40.0,250.0,64,2560,13440,12.8,31493,62987,C,61.0,17081,0.54,
CRAFT,craft pale_oak_fence_gate and sell a stack,pale_oak_fence_gate,4x stick + 2x pale_oak_planks,1329.9,1563.0,64,85112,14920,14.9,30023,60047,C,51.8,16091,0.54,
CRAFT,craft orange_carpet and sell a stack,orange_carpet,2x orange_wool,2875.3,3125.0,64,184019,15981,27.5,29648,34879,B,27.2,15383,0.52,
CRAFT,craft lime_stained_glass_pane and sell a stack,lime_stained_glass_pane,6x lime_stained_glass,75.0,781.0,64,4800,45184,46.6,29074,58147,C,15.8,14855,0.51,
CRAFT,craft melon_seeds and sell a stack,melon_seeds,1x melon_slice,10.0,800.0,64,640,50560,52.3,29010,58020,C,14.0,14788,0.51,
CRAFT,craft polished_diorite and sell a stack,polished_diorite,4x diorite,1196.9,1250.0,64,76603,3397,6.0,28876,33971,B,261.8,31494,1.09,
CRAFT,craft cherry_fence_gate and sell a stack,cherry_fence_gate,4x stick + 2x cherry_planks,1582.5,3125.0,64,101280,98720,104.5,28352,56704,C,7.0,14313,0.5,
CRAFT,craft dried_kelp and sell a stack,dried_kelp,1x dried_kelp_block,55.6,141.0,64,3556,5468,6.0,27342,54684,C,241.4,27506,1.01,
CRAFT,craft jungle_shelf and sell a stack,jungle_shelf,6x stripped_jungle_log,10742.8,12500.0,64,687539,112461,213.5,26858,31598,B,3.4,13492,0.5,
CRAFT,craft waxed_cut_copper_slab and sell a stack,waxed_cut_copper_slab,3x waxed_cut_copper,3174.5,7000.0,64,203168,244832,468.3,26661,31366,B,1.5,13359,0.5,
CRAFT,craft birch_wood and sell a stack,birch_wood,4x birch_log,213.3,1563.0,64,13653,86379,102.3,25337,50674,C,7.1,12794,0.5,
CRAFT,craft cut_copper and sell a stack,cut_copper,4x copper_block,642.0,3000.0,64,41088,150912,183.6,24653,49307,C,3.9,12394,0.5,
CRAFT,craft furnace and sell a stack,furnace,8x cobbled_deepslate,80.0,156.0,64,5120,4864,6.0,24320,48640,C,707.7,71712,2.95,
FLIP,"buy ender_pearl on /orders at 55, relist a stack",ender_pearl,16 x ender_pearl,55.0,938.0,16,880,14128,35.0,24219,24219,A,3087.7,1817608,75.05,order needs ~0.5h to fill
CRAFT,craft spruce_chest_boat and sell a stack,spruce_chest_boat,1x chest + 1x spruce_boat,8558.2,20000.0,1,8558,11442,24.3,24013,28250,B,30.9,12522,0.52,
CRAFT,craft jungle_planks and sell a stack,jungle_planks,1x jungle_log,16.5,250.0,64,1056,14944,18.7,23980,47959,C,40.7,12667,0.53,
CRAFT,craft polished_granite_stairs and sell a stack,polished_granite_stairs,6x polished_granite,1500.0,2344.0,64,96000,54016,117.9,23361,27483,B,6.2,11780,0.5,
CRAFT,craft crimson_planks and sell a stack,crimson_planks,1x crimson_stem,511.7,625.0,64,32750,7250,16.5,22436,26395,B,46.5,11943,0.53,
CRAFT,craft cherry_fence and sell a stack,cherry_fence,4x cherry_planks + 2x stick,1045.0,1563.0,64,66880,33152,45.7,21753,43506,C,16.1,11120,0.51,
CRAFT,craft jungle_boat and sell a stack,jungle_boat,5x jungle_planks,1250.0,10000.0,1,1250,8750,20.7,21531,25330,B,36.5,11311,0.53,
CRAFT,craft birch_fence_gate and sell a stack,birch_fence_gate,4x stick + 2x birch_planks,332.5,1875.0,64,21280,98720,138.6,21363,42725,C,5.2,10759,0.5,
CRAFT,craft pale_oak_boat and sell a stack,pale_oak_boat,5x pale_oak_planks,3274.7,14000.0,1,3275,10725,25.7,21249,24998,B,29.1,11054,0.52,
CRAFT,craft bamboo_raft and sell a stack,bamboo_raft,5x bamboo_planks,2345.0,10000.0,1,2345,7655,18.6,20985,24688,B,40.9,11089,0.53,
CRAFT,craft magenta_harness and sell a stack,magenta_harness,3x leather + 2x glass + 1x magenta_wool,3252.0,60000.0,1,3252,56748,81.9,20787,41574,C,8.9,10522,0.51,
CRAFT,craft field_masoned_banner_pattern and sell a stack,field_masoned_banner_pattern,1x paper + 1x bricks,2056.0,100000.0,1,2056,97944,145.0,20264,40529,C,5.0,10202,0.5,
CRAFT,craft saddle and sell a stack,saddle,3x leather + 1x iron_ingot,1019.0,5000.0,1,1019,3981,6.0,19905,39810,C,208.1,17259,0.87,
CRAFT,craft sugar and sell a stack,sugar,1x sugar_cane,51.0,234.0,64,3264,11712,18.0,19565,39130,C,42.5,10359,0.53,
CRAFT,craft light_gray_candle and sell a stack,light_gray_candle,1x candle + 1x light_gray_dye,1123.0,4706.0,64,71872,229312,354.1,19428,38855,C,2.0,9741,0.5,
CRAFT,craft birch_sign and sell a stack,birch_sign,6x birch_planks + 1x stick,314.2,625.0,16,5027,4973,7.8,19144,38288,C,106.0,10981,0.57,
CRAFT,craft jungle_slab and sell a stack,jungle_slab,3x jungle_planks,125.0,469.0,64,8000,22016,60.8,18463,21722,B,12.0,9386,0.51,
CRAFT,craft end_stone_brick_slab and sell a stack,end_stone_brick_slab,3x end_stone_bricks,156.5,781.0,64,10016,39968,111.8,18233,21451,B,6.5,9199,0.5,
CRAFT,craft red_harness and sell a stack,red_harness,3x leather + 2x glass + 1x red_wool,4352.5,60000.0,1,4352,55648,93.3,17892,35783,C,7.8,9043,0.51,
CRAFT,craft suspicious_stew and sell a stack,suspicious_stew,1x bowl + 1x brown_mushroom + 1x red_mushroom + 1x allium,3136.2,10000.0,1,3136,6864,11.5,17888,35777,C,68.5,9795,0.55,
CRAFT,craft iron_nugget and sell a stack,iron_nugget,1x iron_ingot,18.9,522.0,64,1209,32199,54.8,17637,35274,C,13.4,8983,0.51,
CRAFT,craft raw_copper_block and sell a stack,raw_copper_block,9x raw_copper,450.0,2000.0,64,28800,99200,169.5,17553,35106,C,4.3,8829,0.5,
CRAFT,craft magenta_carpet and sell a stack,magenta_carpet,2x magenta_wool,1228.7,1563.0,64,78635,21397,65.3,16699,19646,B,11.2,8479,0.51,
FLIP,"buy pink_petals on /orders at 6, relist a stack",pink_petals,64 x pink_petals,6.0,156.0,64,384,9600,35.0,16457,16457,A,169.1,67653,4.11,order needs ~0.5h to fill
CRAFT,craft birch_button and sell a stack,birch_button,1x birch_planks,156.2,391.0,64,10000,15024,47.3,16198,19057,B,15.6,8274,0.51,
CRAFT,craft creeper_banner_pattern and sell a stack,creeper_banner_pattern,1x paper + 1x creeper_head,206103.0,249000.0,1,206103,42897,80.1,16062,32124,C,9.1,8133,0.51,
CRAFT,craft dark_oak_chest_boat and sell a stack,dark_oak_chest_boat,1x chest + 1x dark_oak_boat,5558.2,88000.0,1,5558,82442,267.7,15708,18480,B,2.7,7883,0.5,
CRAFT,craft acacia_planks and sell a stack,acacia_planks,1x acacia_log,35.6,313.0,64,2280,17752,34.7,15365,30731,C,21.4,7911,0.51,
CRAFT,craft stripped_oak_wood and sell a stack,stripped_oak_wood,4x stripped_oak_log,7220.6,7422.0,64,462118,12890,44.2,14873,17497,B,16.7,7608,0.51,
CRAFT,craft acacia_chest_boat and sell a stack,acacia_chest_boat,1x chest + 1x acacia_boat,808.2,100000.0,1,808,99192,201.0,14805,29609,C,3.6,7439,0.5,
CRAFT,craft light_gray_harness and sell a stack,light_gray_harness,3x leather + 2x glass + 1x light_gray_wool,3284.0,90000.0,1,3284,86716,190.5,13658,27316,C,3.8,6865,0.5,
FLIP,"buy spruce_log on /orders at 72, relist a stack",spruce_log,64 x spruce_log,72.0,192.0,64,4608,7680,35.0,13166,13166,A,1389.7,444689,33.78,order needs ~0.5h to fill
CRAFT,craft mangrove_boat and sell a stack,mangrove_boat,5x mangrove_planks,8585.0,30000.0,1,8585,21415,85.7,12743,14992,B,8.5,6447,0.51,
CRAFT,craft granite_stairs and sell a stack,granite_stairs,6x granite,652.2,1172.0,64,41739,33269,142.5,11909,14010,B,5.1,5996,0.5,
CRAFT,craft birch_slab and sell a stack,birch_slab,3x birch_planks,78.1,161.0,64,5000,5304,23.3,11593,13639,B,32.2,6056,0.52,
CRAFT,craft green_harness and sell a stack,green_harness,3x leather + 2x glass + 1x green_wool,1910.1,99000.0,1,1910,97090,258.1,11283,22567,C,2.8,5664,0.5,
CRAFT,craft bowl and sell a stack,bowl,3x spruce_planks,24.0,500.0,64,1536,30464,83.9,10896,21792,C,8.7,5514,0.51,
CRAFT,craft furnace_minecart and sell a stack,furnace_minecart,1x furnace + 1x minecart,555.3,15000.0,1,555,14445,41.4,10455,20909,C,17.8,5357,0.51,
CRAFT,craft cyan_harness and sell a stack,cyan_harness,3x leather + 2x glass + 1x cyan_wool,3752.8,95000.0,1,3753,91247,267.7,10227,20454,C,2.7,5133,0.5,
CRAFT,craft cherry_slab and sell a stack,cherry_slab,3x cherry_planks,390.6,469.0,64,25000,5016,25.1,10203,12004,B,29.9,5314,0.52,
CRAFT,craft mushroom_stew and sell a stack,mushroom_stew,1x brown_mushroom + 1x red_mushroom + 1x bowl,3135.2,7000.0,1,3135,3865,11.6,10032,20064,C,68.2,5491,0.55,
FLIP,"buy short_dry_grass on /orders at 500, relist a stack",short_dry_grass,64 x short_dry_grass,500.0,1164.0,64,32000,42496,256.3,9950,9950,A,4.5,7960,0.8,order needs ~1.6h to fill
FLIP,"buy bamboo on /orders at 14, relist a stack",bamboo,64 x bamboo,14.0,93.8,64,896,5104,35.0,8750,8750,A,548.2,116584,13.32,order needs ~0.5h to fill
CRAFT,craft light_gray_bed and sell a stack,light_gray_bed,3x light_gray_wool + 3x spruce_planks,5721.0,19900.0,1,5721,14179,52.1,8170,16340,C,14.1,4165,0.51,
CRAFT,craft jungle_fence and sell a stack,jungle_fence,4x jungle_planks + 2x stick,336.7,1094.0,64,21547,48469,184.4,7887,15774,C,3.9,3965,0.5,
CRAFT,craft bamboo_chest_raft and sell a stack,bamboo_chest_raft,1x chest + 1x bamboo_raft,10558.2,70000.0,1,10558,59442,401.0,7560,8894,B,1.8,3789,0.5,
CRAFT,craft purple_harness and sell a stack,purple_harness,3x leather + 2x glass + 1x purple_wool,4440.0,70000.0,1,4440,65560,267.7,7348,14696,C,2.7,3688,0.5,
CRAFT,craft lime_harness and sell a stack,lime_harness,3x leather + 2x glass + 1x lime_wool,4534.0,60000.0,1,4534,55466,233.3,7134,14267,C,3.1,3582,0.5,
CRAFT,craft brown_harness and sell a stack,brown_harness,3x leather + 2x glass + 1x brown_wool,5995.2,50000.0,1,5995,44005,190.5,6931,13862,C,3.8,3484,0.5,
CRAFT,craft chiseled_resin_bricks and sell a stack,chiseled_resin_bricks,2x resin_brick_slab,12000.0,14063.0,64,768000,132032,1004.9,6701,7883,B,0.7,3354,0.5,
CRAFT,craft oak_chest_boat and sell a stack,oak_chest_boat,1x chest + 1x oak_boat,15558.2,19000.0,1,15558,3442,26.8,6548,7704,B,27.9,3401,0.52,
CRAFT,craft jungle_fence_gate and sell a stack,jungle_fence_gate,4x stick + 2x jungle_planks,520.0,1563.0,64,33280,66752,312.6,6407,12814,C,2.3,3214,0.5,
CRAFT,craft pale_oak_hanging_sign and sell a stack,pale_oak_hanging_sign,2x iron_chain + 6x stripped_pale_oak_log,4427.2,4688.0,16,70836,4172,33.3,6383,7510,B,22.3,3290,0.52,
CRAFT,craft lever and sell a stack,lever,1x stick + 1x cobblestone,136.4,156.0,64,8727,1257,6.0,6285,12570,C,379.3,9932,1.58,
CRAFT,craft beetroot_soup and sell a stack,beetroot_soup,1x bowl + 6x beetroot,2494.0,39000.0,1,2494,36506,176.6,6201,12402,C,4.1,3118,0.5,
CRAFT,craft copper_nugget and sell a stack,copper_nugget,1x copper_ingot,7.0,1016.0,64,448,64576,326.9,5927,11853,C,2.2,2972,0.5,
CRAFT,craft magenta_stained_glass_pane and sell a stack,magenta_stained_glass_pane,6x magenta_stained_glass,468.8,547.0,64,30000,5008,50.6,5047,5938,B,14.5,2574,0.51,
CRAFT,craft flower_banner_pattern and sell a stack,flower_banner_pattern,1x paper + 1x oxeye_daisy,3228.0,10000.0,1,3228,6772,41.0,4955,9910,C,18.0,2540,0.51,
CRAFT,craft birch_chest_boat and sell a stack,birch_chest_boat,1x chest + 1x birch_boat,10383.2,25000.0,1,10383,14617,168.4,4426,5207,B,4.3,2226,0.5,
CRAFT,craft waxed_oxidized_copper_chest and sell a stack,waxed_oxidized_copper_chest,1x oxidized_copper_chest + 1x honeycomb,9100.0,11328.0,64,582400,142592,973.2,4396,8792,C,0.7,2200,0.5,
CRAFT,craft bamboo_mosaic_slab and sell a stack,bamboo_mosaic_slab,3x bamboo_mosaic,789.0,1172.0,64,50496,24512,305.6,4091,4813,B,2.4,2052,0.5,
CRAFT,craft snow and sell a stack,snow,3x snow_block,302.2,313.0,64,19339,693,9.4,3752,4414,B,85.4,2099,0.56,
CRAFT,craft cut_red_sandstone_slab and sell a stack,cut_red_sandstone_slab,3x cut_red_sandstone,1953.1,2869.0,64,125000,58616,803.8,3719,4375,B,0.9,1862,0.5,
CRAFT,craft orange_bed and sell a stack,orange_bed,3x orange_wool + 3x spruce_planks,13034.8,15000.0,1,13035,1965,31.3,1886,3773,C,23.8,974,0.52,
CRAFT,craft jungle_sign and sell a stack,jungle_sign,6x jungle_planks + 1x stick,501.7,563.0,16,8027,981,19.9,1478,2956,C,38.1,778,0.53,
CRAFT,craft bamboo_slab and sell a stack,bamboo_slab,3x bamboo_planks,234.5,781.0,64,15008,34976,1441.0,1238,1456,B,0.0,0,0.0,
CRAFT,craft acacia_slab and sell a stack,acacia_slab,3x acacia_planks,22.5,109.0,64,1440,5536,233.3,712,1424,C,3.1,358,0.5,
CRAFT,craft purpur_block and sell a stack,purpur_block,4x popped_chorus_fruit,1562.5,1563.0,64,100000,32,6.0,272,320,B,192.8,218,0.8,
CRAFT,craft jungle_pressure_plate and sell a stack,jungle_pressure_plate,2x jungle_planks,500.0,578.0,64,32000,4992,1213.6,210,247,B,0.6,105,0.5,
