item,cls,source,price,lo,hi,pos_in_range,consumed,trades_per_day,units_per_day,basis
granite,RENEWABLE,farmable,781,547,781,100,,708,34103,last-15 spread
polished_granite,RENEWABLE,farmable,1000,750,1547,31,,408,24123,last-15 spread
diorite,RENEWABLE,farmable,5469,1875,7031,70,,2659,159811,last-15 spread
polished_diorite,RENEWABLE,farmable,1250,1250,1563,0,,2656,167527,last-15 spread
andesite,RENEWABLE,farmable,1563,781,2174,56,,1683,96696,last-15 spread
polished_andesite,RENEWABLE,farmable,1547,1547,1719,0,,2356,148049,last-15 spread
deepslate,RENEWABLE,farmable,453,313,453,100,,10414,572821,last-15 spread
cobbled_deepslate,RENEWABLE,farmable,306,234,313,91,,10773,662928,last-15 spread
calcite,RENEWABLE,farmable,1557,1172,1563,98,,3435,208680,last-15 spread
tuff,RENEWABLE,farmable,750,750,781,0,,3465,208020,last-15 spread
tuff_stairs,RENEWABLE,farmable,3906,3125,3906,100,,187,11772,last-15 spread
tuff_wall,RENEWABLE,farmable,3906,2656,15625,10,,224,14023,last-15 spread
chiseled_tuff,RENEWABLE,farmable,2656,1875,6563,17,,377,23016,last-15 spread
polished_tuff,RENEWABLE,farmable,2833,1875,7813,16,,1219,75186,last-15 spread
polished_tuff_slab,RENEWABLE,farmable,6641,4297,7813,67,,177,10202,last-15 spread
polished_tuff_wall,RENEWABLE,farmable,7813,7188,12500,12,,85,5370,last-15 spread
tuff_bricks,RENEWABLE,farmable,4688,3125,4688,100,,1936,118562,last-15 spread
tuff_brick_slab,RENEWABLE,farmable,6234,6234,10938,0,,105,6509,last-15 spread
tuff_brick_stairs,RENEWABLE,farmable,4375,3125,4688,80,,142,8556,last-15 spread
tuff_brick_wall,RENEWABLE,farmable,12500,6250,12500,100,,172,10837,last-15 spread
chiseled_tuff_bricks,RENEWABLE,farmable,3094,1719,3109,99,,709,43277,last-15 spread
dripstone_block,RENEWABLE,farmable,1316,625,10000,7,,526,24862,last-15 spread
grass_block,RENEWABLE,farmable,625,609,50000,0,,5852,323416,last-15 spread
dirt,RENEWABLE,farmable,625,469,781,50,,12938,712590,last-15 spread
coarse_dirt,RENEWABLE,farmable,1172,469,1563,64,,587,31654,last-15 spread
podzol,RENEWABLE,farmable,1172,1132,1547,10,,307,17657,last-15 spread
rooted_dirt,RENEWABLE,farmable,1406,1250,1563,50,,435,23546,last-15 spread
mud,RENEWABLE,farmable,3047,2641,7656,8,,4212,232764,last-15 spread
crimson_nylium,RENEWABLE,farmable,19999,3438,19999,100,,562,34765,last-15 spread
warped_nylium,RENEWABLE,farmable,8333,2344,50000,13,,422,25597,last-15 spread
cobblestone,RENEWABLE,farmable,156,96,200,58,,13874,837194,last-15 spread
oak_planks,RENEWABLE,farmable,305,303,313,20,,3226,197728,last-15 spread
spruce_planks,RENEWABLE,farmable,233,156,313,49,,7303,453483,last-15 spread
birch_planks,RENEWABLE,farmable,625,250,1563,29,,693,39042,last-15 spread
acacia_planks,RENEWABLE,farmable,781,313,1000,68,,237,13690,last-15 spread
cherry_planks,RENEWABLE,farmable,859,734,1563,15,,1292,79676,last-15 spread
dark_oak_planks,RENEWABLE,farmable,1250,234,1563,76,,1167,72454,last-15 spread
pale_oak_planks,RENEWABLE,farmable,781,764,781,100,,2773,175772,last-15 spread
mangrove_planks,RENEWABLE,farmable,1717,781,2058,73,,494,29993,last-15 spread
bamboo_planks,RENEWABLE,farmable,469,234,469,100,,1994,124927,last-15 spread
crimson_planks,RENEWABLE,farmable,1094,625,1563,50,,501,29768,last-15 spread
warped_planks,RENEWABLE,farmable,2188,1292,2344,85,,1063,65932,last-15 spread
bamboo_mosaic,RENEWABLE,farmable,1578,1547,2344,4,,142,8815,last-15 spread
oak_sapling,RENEWABLE,farmable,1000,1000,2308,0,,1085,29903,last-15 spread
spruce_sapling,RENEWABLE,farmable,1406,1391,1406,100,,1661,85482,last-15 spread
birch_sapling,RENEWABLE,farmable,3333,590,15000,19,,255,1763,last-15 spread
jungle_sapling,RENEWABLE,farmable,25000,8750,25000,100,,83,1037,last-15 spread
cherry_sapling,RENEWABLE,farmable,30000,9000,30000,100,,1103,31621,last-15 spread
dark_oak_sapling,RENEWABLE,farmable,4688,667,6731,66,,256,7648,last-15 spread
pale_oak_sapling,RENEWABLE,farmable,50000,8750,100000,45,,595,14080,last-15 spread
mangrove_propagule,RENEWABLE,farmable,6000,3000,10000,43,,416,4818,last-15 spread
sand,RENEWABLE,farmable,313,313,438,0,,9601,577405,last-15 spread
suspicious_sand,RENEWABLE,farmable,1000000,990000,1000000,100,,190,293,last-15 spread
suspicious_gravel,RENEWABLE,farmable,120000,109949,229941,8,,191,452,last-15 spread
gravel,RENEWABLE,farmable,609,313,654,87,,2915,165594,last-15 spread
coal_ore,RENEWABLE,farmable,1875,1429,3077,27,,656,19131,last-15 spread
deepslate_coal_ore,RENEWABLE,farmable,30000,20000,33333,75,,470,2800,last-15 spread
iron_ore,RENEWABLE,farmable,4182,2286,6000,51,,293,3684,last-15 spread
deepslate_iron_ore,RENEWABLE,farmable,5000,2500,5000,100,,327,6655,last-15 spread
copper_ore,RENEWABLE,farmable,1750,1000,2000,75,,168,3745,last-15 spread
deepslate_copper_ore,RENEWABLE,farmable,3759,1333,15000,18,,57,1227,last-15 spread
gold_ore,RENEWABLE,farmable,7500,4286,60000,6,,209,3801,last-15 spread
deepslate_gold_ore,RENEWABLE,farmable,6250,6250,10000,0,,868,15442,last-15 spread
redstone_ore,RENEWABLE,farmable,16667,9099,35000,29,,130,2995,last-15 spread
deepslate_redstone_ore,RENEWABLE,farmable,19000,2656,19000,100,,898,24543,last-15 spread
deepslate_emerald_ore,STRUCTURE,mountain (silk touch),1071000,999000,1071000,100,,769,1933,last-15 spread
lapis_ore,RENEWABLE,farmable,99000,50000,100000,98,,218,5800,last-15 spread
deepslate_lapis_ore,RENEWABLE,farmable,69000,6641,90000,75,,592,15454,last-15 spread
diamond_ore,RENEWABLE,farmable,149000,50000,150000,99,,404,4612,last-15 spread
deepslate_diamond_ore,RENEWABLE,farmable,19444,15217,23333,52,,4755,66587,last-15 spread
nether_gold_ore,RENEWABLE,farmable,4688,2857,15000,15,,213,5555,last-15 spread
nether_quartz_ore,RENEWABLE,farmable,15385,2500,40000,34,,463,16678,last-15 spread
ancient_debris,STRUCTURE,nether (mined),1500000,1200000,3900000,7,,2516,10173,33d candles
coal_block,RENEWABLE,farmable,7031,2000,298000,1,,3264,119166,11d candles
raw_iron_block,RENEWABLE,farmable,8953,7500,17143,15,,336,9111,last-15 spread
raw_copper_block,RENEWABLE,farmable,2500,2000,4138,23,,96,2734,last-15 spread
raw_gold_block,RENEWABLE,farmable,39000,31250,43699,62,,242,5544,last-15 spread
heavy_core,STRUCTURE,trial chamber (ominous vault),3899990,2900000,40000000,3,,758,1055,15d candles
amethyst_block,RENEWABLE,farmable,1563,1563,1786,0,,6112,313852,last-15 spread
iron_block,RENEWABLE,farmable,4688,1600,516000,3,,15090,251217,27d candles
gold_block,RENEWABLE,farmable,26563,9700,240000,13,,5842,151938,27d candles
diamond_block,RENEWABLE,farmable,48422,40000,250000,7,,11476,302490,27d candles
netherite_block,RENEWABLE,farmable,52000000,35500000,90000000,29,,1476,1548,33d candles
exposed_copper,RENEWABLE,farmable,43750,5000,128125,31,,41,1013,last-15 spread
chiseled_copper,RENEWABLE,farmable,7422,3125,9688,65,,26,1141,last-15 spread
exposed_chiseled_copper,RENEWABLE,farmable,70000,50000,400000,6,,8,260,last-15 spread
weathered_chiseled_copper,RENEWABLE,farmable,13000,13000,23600,0,,12,12,last-15 spread
oxidized_chiseled_copper,RENEWABLE,farmable,100000,50000,156250,47,,6,75,last-15 spread
cut_copper,RENEWABLE,farmable,8000,3000,13281,49,,50,2523,last-15 spread
exposed_cut_copper,RENEWABLE,farmable,182813,25000,345000,49,,1,64,last-15 spread
weathered_cut_copper,RENEWABLE,farmable,51724,18000,83333,52,,9,265,last-15 spread
oxidized_cut_copper,RENEWABLE,farmable,43750,31526,124844,13,,77,4130,last-15 spread
cut_copper_stairs,RENEWABLE,farmable,12500,12500,14453,0,,69,4035,last-15 spread
exposed_cut_copper_stairs,RENEWABLE,farmable,100000,50000,200000,33,,4,193,last-15 spread
weathered_cut_copper_stairs,RENEWABLE,farmable,75000,25000,618750,8,,3,123,last-15 spread
oxidized_cut_copper_stairs,RENEWABLE,farmable,20582,18000,32000,18,,40,550,last-15 spread
cut_copper_slab,RENEWABLE,farmable,9375,6818,10938,62,,38,2180,last-15 spread
exposed_cut_copper_slab,RENEWABLE,farmable,100000,10000,300000,31,,0,0,last-15 spread
weathered_cut_copper_slab,RENEWABLE,farmable,457621,120000,937500,41,,4,76,last-15 spread
oxidized_cut_copper_slab,RENEWABLE,farmable,14453,10000,50000,11,,32,983,last-15 spread
waxed_copper_block,RENEWABLE,farmable,3828,2969,7000,21,,601,29434,last-15 spread
waxed_exposed_copper,RENEWABLE,farmable,171875,67188,187500,87,,4,118,last-15 spread
waxed_weathered_copper,RENEWABLE,farmable,60938,19231,77969,71,,115,6714,last-15 spread
waxed_oxidized_copper,RENEWABLE,farmable,5938,1887,7016,79,,1537,70111,last-15 spread
waxed_chiseled_copper,RENEWABLE,farmable,6250,4545,31250,6,,158,2981,last-15 spread
waxed_exposed_chiseled_copper,RENEWABLE,farmable,33333,33000,106452,0,,1,1,last-15 spread
waxed_weathered_chiseled_copper,RENEWABLE,farmable,37292,25000,200000,7,,0,0,last-15 spread
waxed_oxidized_chiseled_copper,RENEWABLE,farmable,14063,3469,54688,21,,39,2067,last-15 spread
waxed_cut_copper,RENEWABLE,farmable,6349,3906,6563,92,,123,5504,last-15 spread
waxed_exposed_cut_copper,RENEWABLE,farmable,49900,49900,390625,0,,3,3,last-15 spread
waxed_cut_copper_stairs,RENEWABLE,farmable,15625,15609,23438,0,,89,3119,last-15 spread
waxed_exposed_cut_copper_stairs,RENEWABLE,farmable,54688,30000,156250,20,,12,388,last-15 spread
waxed_weathered_cut_copper_stairs,RENEWABLE,farmable,31250,31250,60938,0,,20,851,last-15 spread
waxed_oxidized_cut_copper_stairs,RENEWABLE,farmable,4688,4688,7578,0,,391,22659,last-15 spread
waxed_cut_copper_slab,RENEWABLE,farmable,13158,7000,30078,27,,50,986,last-15 spread
waxed_weathered_cut_copper_slab,RENEWABLE,farmable,68750,60938,121951,13,,8,443,last-15 spread
waxed_oxidized_cut_copper_slab,RENEWABLE,farmable,50000,13000,50000,100,,97,5831,last-15 spread
oak_log,RENEWABLE,farmable,625,625,672,0,,5428,292085,last-15 spread
spruce_log,RENEWABLE,farmable,328,100,24900,27,,15463,889378,9d candles
jungle_log,RENEWABLE,farmable,547,547,781,0,,1115,47753,last-15 spread
acacia_log,RENEWABLE,farmable,998,900,998,100,,609,33522,last-15 spread
cherry_log,RENEWABLE,farmable,1500,1500,1563,0,,2686,162749,last-15 spread
dark_oak_log,RENEWABLE,farmable,312,312,313,0,,2799,170443,last-15 spread
mangrove_log,RENEWABLE,farmable,3906,3750,4609,18,,1379,69094,last-15 spread
mangrove_roots,RENEWABLE,farmable,2500,1250,7500,20,,300,11572,last-15 spread
muddy_mangrove_roots,RENEWABLE,farmable,1053,313,2000,44,,224,7567,last-15 spread
crimson_stem,RENEWABLE,farmable,2344,2344,3125,0,,1609,95429,last-15 spread
warped_stem,RENEWABLE,farmable,2188,2188,2547,0,,2384,145634,last-15 spread
bamboo_block,RENEWABLE,farmable,594,500,200000,5,,2235,133218,10d candles
stripped_oak_log,RENEWABLE,farmable,25000,4688,50000,45,,686,40678,last-15 spread
stripped_spruce_log,RENEWABLE,farmable,2344,2313,3891,2,,1370,84906,last-15 spread
stripped_birch_log,RENEWABLE,farmable,5141,1923,5453,91,,660,38798,last-15 spread
stripped_jungle_log,RENEWABLE,farmable,11364,7813,14844,51,,115,6829,last-15 spread
stripped_acacia_log,RENEWABLE,farmable,3920,2344,7813,29,,59,3023,last-15 spread
stripped_cherry_log,RENEWABLE,farmable,4688,2586,5453,73,,252,11538,last-15 spread
stripped_dark_oak_log,RENEWABLE,farmable,7813,6016,7813,100,,400,25009,last-15 spread
stripped_pale_oak_log,RENEWABLE,farmable,6094,3906,6234,94,,927,56395,last-15 spread
stripped_mangrove_log,RENEWABLE,farmable,62500,15686,62500,100,,316,19183,last-15 spread
stripped_crimson_stem,RENEWABLE,farmable,6250,5417,9116,23,,119,7331,last-15 spread
stripped_warped_stem,RENEWABLE,farmable,9375,7813,12500,33,,407,22867,last-15 spread
stripped_oak_wood,RENEWABLE,farmable,8984,7422,15625,19,,173,10666,last-15 spread
stripped_spruce_wood,RENEWABLE,farmable,3125,3125,7021,0,,348,20328,last-15 spread
stripped_birch_wood,RENEWABLE,farmable,2344,2328,2732,4,,147,9016,last-15 spread
stripped_jungle_wood,RENEWABLE,farmable,21277,10938,93750,12,,26,1452,last-15 spread
stripped_acacia_wood,RENEWABLE,farmable,25000,14063,72000,19,,15,353,last-15 spread
stripped_cherry_wood,RENEWABLE,farmable,6250,3968,13281,25,,28,1604,last-15 spread
stripped_dark_oak_wood,RENEWABLE,farmable,14844,13929,23256,10,,66,3976,last-15 spread
stripped_pale_oak_wood,RENEWABLE,farmable,14047,10824,15625,67,,220,13445,last-15 spread
stripped_mangrove_wood,RENEWABLE,farmable,15625,6000,66667,16,,32,1770,last-15 spread
stripped_crimson_hyphae,RENEWABLE,farmable,45156,13781,54688,77,,24,1413,last-15 spread
stripped_warped_hyphae,RENEWABLE,farmable,15609,12500,18750,50,,90,3252,last-15 spread
oak_wood,RENEWABLE,farmable,3438,3125,3906,40,,442,27104,last-15 spread
spruce_wood,RENEWABLE,farmable,1563,1563,3125,0,,527,32882,last-15 spread
jungle_wood,RENEWABLE,farmable,7813,4688,15574,29,,115,6352,last-15 spread
acacia_wood,RENEWABLE,farmable,10000,7656,11719,58,,44,2420,last-15 spread
cherry_wood,RENEWABLE,farmable,4688,1563,12500,29,,159,9136,last-15 spread
pale_oak_wood,RENEWABLE,farmable,7813,3578,31250,15,,132,8101,last-15 spread
dark_oak_wood,RENEWABLE,farmable,15625,1738,23438,64,,89,5317,last-15 spread
crimson_hyphae,RENEWABLE,farmable,4688,3125,4688,100,,284,17585,last-15 spread
warped_hyphae,RENEWABLE,farmable,10906,8594,10906,100,,196,12050,last-15 spread
oak_leaves,RENEWABLE,farmable,469,438,469,100,,5161,317418,last-15 spread
spruce_leaves,RENEWABLE,farmable,547,311,781,50,,848,52445,last-15 spread
birch_leaves,RENEWABLE,farmable,625,313,781,67,,252,14132,last-15 spread
jungle_leaves,RENEWABLE,farmable,827,391,3906,12,,461,28314,last-15 spread
acacia_leaves,RENEWABLE,farmable,4688,1351,12500,30,,75,3945,last-15 spread
dark_oak_leaves,RENEWABLE,farmable,3120,1250,6250,37,,602,37502,last-15 spread
pale_oak_leaves,RENEWABLE,farmable,1923,1422,6250,10,,1068,64919,last-15 spread
mangrove_leaves,RENEWABLE,farmable,859,781,859,100,,377,23535,last-15 spread
azalea_leaves,RENEWABLE,farmable,438,313,625,40,,894,54707,last-15 spread
flowering_azalea_leaves,RENEWABLE,farmable,1875,1328,2679,40,,1152,41910,last-15 spread
sponge,STRUCTURE,ocean monument,339000,200000,745000,25,,2699,20495,14d candles
wet_sponge,STRUCTURE,ocean monument,350000,199000,930000,14,,536,1305,14d candles
glass,RENEWABLE,farmable,688,688,703,0,,17610,806810,last-15 spread
tinted_glass,RENEWABLE,farmable,1528,1528,1719,0,,2035,119018,last-15 spread
lapis_block,RENEWABLE,farmable,1875,600,600000,7,,2051,96025,27d candles
sandstone,RENEWABLE,farmable,313,234,391,50,,3249,200334,last-15 spread
chiseled_sandstone,RENEWABLE,farmable,2931,1563,3125,88,,302,18855,last-15 spread
cut_sandstone,RENEWABLE,farmable,5556,781,7797,68,,477,29015,last-15 spread
cobweb,RENEWABLE,farmable,3906,3125,25000,4,,3002,95898,last-15 spread
short_grass,RENEWABLE,farmable,938,781,2000,13,,488,16230,last-15 spread
fern,RENEWABLE,farmable,781,417,781,100,,562,14193,last-15 spread
bush,RENEWABLE,farmable,31250,391,10000000,24,,10,442,6d candles
azalea,RENEWABLE,farmable,500,200,5000,6,,358,13870,last-15 spread
flowering_azalea,RENEWABLE,farmable,15000,8333,18000,69,,873,27182,last-15 spread
dead_bush,RENEWABLE,farmable,1866,1377,45000,1,,213,8158,last-15 spread
firefly_bush,RENEWABLE,farmable,31250,3109,200000,14,,129,7632,last-15 spread
short_dry_grass,RENEWABLE,farmable,6250,7812,800000000,100,,75,2877,6d candles
tall_dry_grass,RENEWABLE,farmable,2344,7812,15625000,1,,403,15809,5d candles
sea_pickle,RENEWABLE,farmable,156,62,156,100,,5945,369936,last-15 spread
orange_wool,RENEWABLE,farmable,5375,5375,6094,0,,909,49881,last-15 spread
light_blue_wool,RENEWABLE,farmable,6563,6250,6641,80,,1277,79277,last-15 spread
yellow_wool,RENEWABLE,farmable,5469,4375,12500,13,,1041,63047,last-15 spread
lime_wool,RENEWABLE,farmable,3125,3016,3125,100,,912,56047,last-15 spread
pink_wool,RENEWABLE,farmable,2188,1547,3047,43,,1099,64510,last-15 spread
gray_wool,RENEWABLE,farmable,3109,2344,3125,98,,1632,97253,last-15 spread
light_gray_wool,RENEWABLE,farmable,1875,1875,2000,0,,1356,60397,last-15 spread
cyan_wool,RENEWABLE,farmable,3906,2344,6250,40,,561,34651,last-15 spread
purple_wool,RENEWABLE,farmable,3031,2980,3031,100,,804,48764,last-15 spread
brown_wool,RENEWABLE,farmable,5000,4688,12109,4,,621,35931,last-15 spread
red_wool,RENEWABLE,farmable,3906,3891,4656,2,,2125,131282,last-15 spread
black_wool,RENEWABLE,farmable,2969,1703,7797,21,,3041,183946,last-15 spread
dandelion,RENEWABLE,farmable,781,438,10000,4,,616,18316,last-15 spread
open_eyeblossom,RENEWABLE,farmable,40000,35000,80000,11,,144,791,last-15 spread
closed_eyeblossom,RENEWABLE,farmable,80000,6250,100000,79,,65,2621,last-15 spread
poppy,RENEWABLE,farmable,1219,1000,1327,67,,991,42961,last-15 spread
blue_orchid,RENEWABLE,farmable,2969,2344,3125,80,,576,33029,last-15 spread
allium,RENEWABLE,farmable,1000,1000,3125,0,,184,5157,last-15 spread
azure_bluet,RENEWABLE,farmable,1250,781,5000,11,,230,5219,last-15 spread
red_tulip,RENEWABLE,farmable,45000,1816,50000,90,,178,5428,last-15 spread
orange_tulip,RENEWABLE,farmable,1563,781,5000,19,,216,5500,last-15 spread
white_tulip,RENEWABLE,farmable,2000,1094,4609,26,,202,5486,last-15 spread
pink_tulip,RENEWABLE,farmable,45000,4625,50000,89,,178,4809,last-15 spread
oxeye_daisy,RENEWABLE,farmable,4531,3333,10000,18,,221,2641,last-15 spread
cornflower,RENEWABLE,farmable,24000,4636,39000,56,,592,9960,last-15 spread
lily_of_the_valley,RENEWABLE,farmable,30000,2000,39000,76,,259,1583,last-15 spread
wither_rose,RENEWABLE,farmable,30000,20000,40000,50,,967,27363,last-15 spread
torchflower,RENEWABLE,farmable,97000,12500,400000,22,,428,4924,last-15 spread
pitcher_plant,RENEWABLE,farmable,69000,25000,70000,98,,174,1550,last-15 spread
spore_blossom,RENEWABLE,farmable,70000,69000,99000,3,,571,3639,last-15 spread
brown_mushroom,RENEWABLE,farmable,4000,761,4000,100,,1172,32223,last-15 spread
red_mushroom,RENEWABLE,farmable,800,250,10000,6,,302,6243,last-15 spread
crimson_fungus,RENEWABLE,farmable,333,156,375,81,,330,18329,last-15 spread
crimson_roots,RENEWABLE,farmable,62,47,78,50,,781,48102,last-15 spread
warped_roots,RENEWABLE,farmable,156,78,188,71,,246,13786,last-15 spread
nether_sprouts,RENEWABLE,farmable,615385,3000,897000,68,,4,47,last-15 spread
weeping_vines,RENEWABLE,farmable,4688,1639,7000,57,,335,18828,last-15 spread
twisting_vines,RENEWABLE,farmable,3390,3125,3750,42,,379,19421,last-15 spread
sugar_cane,RENEWABLE,farmable,810,547,1563,26,,8684,467440,last-15 spread
pink_petals,RENEWABLE,farmable,297,40,1000000,1,,1779,108244,11d candles
wildflowers,RENEWABLE,farmable,2344,1563,7734,13,,48,2269,last-15 spread
leaf_litter,RENEWABLE,farmable,1563,78,1500000,100,,97,5206,4d candles
moss_block,RENEWABLE,farmable,448,187,547,72,,7930,494994,last-15 spread
pale_moss_carpet,RENEWABLE,farmable,1639,594,9677,12,,306,17682,last-15 spread
pale_hanging_moss,RENEWABLE,farmable,5938,4688,6207,82,,196,10572,last-15 spread
pale_moss_block,RENEWABLE,farmable,4531,3438,4531,100,,892,53791,last-15 spread
hanging_roots,RENEWABLE,farmable,4348,3906,5714,24,,22,973,last-15 spread
big_dripleaf,RENEWABLE,farmable,2344,1250,5882,24,,270,5613,last-15 spread
small_dripleaf,RENEWABLE,farmable,78000,49000,100000,57,,131,161,last-15 spread
bamboo,RENEWABLE,farmable,125,40,30000,13,,5824,350849,10d candles
oak_slab,RENEWABLE,farmable,7813,547,9000,86,,1613,98000,last-15 spread
spruce_slab,RENEWABLE,farmable,155,155,159,0,,9551,598430,last-15 spread
birch_slab,RENEWABLE,farmable,313,161,405,62,,343,20633,last-15 spread
jungle_slab,RENEWABLE,farmable,3125,469,3125,100,,128,7704,last-15 spread
acacia_slab,RENEWABLE,farmable,1042,109,15594,6,,40,1984,last-15 spread
cherry_slab,RENEWABLE,farmable,609,469,609,100,,316,19143,last-15 spread
pale_oak_slab,RENEWABLE,farmable,5469,3125,5469,100,,724,45255,last-15 spread
mangrove_slab,RENEWABLE,farmable,1786,1563,3125,14,,370,22792,last-15 spread
bamboo_slab,RENEWABLE,farmable,859,781,859,100,,0,0,last-15 spread
bamboo_mosaic_slab,RENEWABLE,farmable,1578,1172,2344,35,,38,1513,last-15 spread
crimson_slab,RENEWABLE,farmable,13000,3125,46875,23,,289,17602,last-15 spread
warped_slab,RENEWABLE,farmable,1547,1531,1563,50,,458,28142,last-15 spread
stone_slab,RENEWABLE,farmable,3125,2344,3125,100,,1791,112900,last-15 spread
smooth_stone_slab,RENEWABLE,farmable,391,391,469,0,,3557,222467,last-15 spread
sandstone_slab,RENEWABLE,farmable,4688,3906,5469,50,,288,17375,last-15 spread
cut_sandstone_slab,RENEWABLE,farmable,2344,156,3906,58,,94,5503,last-15 spread
cobblestone_slab,RENEWABLE,farmable,234,156,1094,8,,4664,292692,last-15 spread
stone_brick_slab,RENEWABLE,farmable,3125,531,15609,17,,923,58251,last-15 spread
mud_brick_slab,RENEWABLE,farmable,7143,6250,7813,57,,197,11637,last-15 spread
nether_brick_slab,RENEWABLE,farmable,22000,4167,31250,66,,97,6075,last-15 spread
quartz_slab,RENEWABLE,farmable,6250,781,9148,65,,975,55766,last-15 spread
red_sandstone_slab,RENEWABLE,farmable,8065,7813,27778,1,,62,3106,last-15 spread
cut_red_sandstone_slab,RENEWABLE,farmable,11719,2869,20833,49,,12,574,last-15 spread
purpur_slab,RENEWABLE,farmable,14063,6166,15625,83,,130,7438,last-15 spread
prismarine_slab,RENEWABLE,farmable,3125,3125,7813,0,,115,7203,last-15 spread
prismarine_brick_slab,RENEWABLE,farmable,3125,3125,3906,0,,169,9610,last-15 spread
dark_prismarine_slab,RENEWABLE,farmable,4688,4688,12500,0,,131,8315,last-15 spread
smooth_quartz,RENEWABLE,farmable,3563,3516,3578,76,,2249,135301,last-15 spread
smooth_sandstone,RENEWABLE,farmable,3750,3750,3906,0,,1955,122906,last-15 spread
smooth_stone,RENEWABLE,farmable,303,303,313,0,,8271,522372,last-15 spread
bricks,RENEWABLE,farmable,1953,1953,3905,0,,679,39817,last-15 spread
bamboo_shelf,RENEWABLE,farmable,15000,1667,15313,98,,114,6367,last-15 spread
birch_shelf,RENEWABLE,farmable,25000,15469,90000,13,,81,1412,last-15 spread
cherry_shelf,RENEWABLE,farmable,6234,6234,10967,0,,133,5488,last-15 spread
crimson_shelf,RENEWABLE,farmable,12500,3906,62500,15,,66,2087,last-15 spread
dark_oak_shelf,RENEWABLE,farmable,6250,3125,15625,25,,223,10099,last-15 spread
jungle_shelf,RENEWABLE,farmable,12500,12500,62500,0,,52,2168,last-15 spread
mangrove_shelf,RENEWABLE,farmable,11719,10938,23438,6,,163,5942,last-15 spread
pale_oak_shelf,RENEWABLE,farmable,7813,5469,31250,9,,762,34954,last-15 spread
spruce_shelf,RENEWABLE,farmable,6250,6250,54688,0,,1086,46955,last-15 spread
warped_shelf,RENEWABLE,farmable,10938,9375,28125,8,,231,11733,last-15 spread
chiseled_bookshelf,RENEWABLE,farmable,2875,1406,2891,99,,1046,48952,last-15 spread
decorated_pot,RENEWABLE,farmable,10000,6234,79000,5,,694,19027,last-15 spread
mossy_cobblestone,RENEWABLE,farmable,781,78,781,100,,2071,129014,last-15 spread
obsidian,RENEWABLE,farmable,6250,500,100000,3,,23728,630640,33d candles
torch,RENEWABLE,farmable,781,547,2727,11,,10737,580034,last-15 spread
end_rod,RENEWABLE,farmable,4286,703,4286,100,,2989,101245,last-15 spread
chorus_flower,RENEWABLE,farmable,10000,5246,15000,49,,108,941,last-15 spread
purpur_pillar,RENEWABLE,farmable,1484,1484,1547,0,,246,13628,last-15 spread
purpur_stairs,RENEWABLE,farmable,7813,5882,7813,100,,141,7009,last-15 spread
creaking_heart,RENEWABLE,farmable,4531,1562,10000000,1,,246,4927,6d candles
chest,RENEWABLE,farmable,781,781,40000,0,,21030,717651,last-15 spread
crafting_table,RENEWABLE,farmable,1172,625,7059,9,,13912,383443,last-15 spread
furnace,RENEWABLE,farmable,5000,156,6400,78,,8022,452920,last-15 spread
ladder,RENEWABLE,farmable,547,306,30000,1,,9835,587225,last-15 spread
cobblestone_stairs,RENEWABLE,farmable,1250,1250,2109,0,,2114,133875,last-15 spread
snow,RENEWABLE,farmable,313,313,781,0,,882,54687,last-15 spread
snow_block,RENEWABLE,farmable,781,297,781,100,,3513,213897,last-15 spread
cactus,RENEWABLE,farmable,422,422,453,0,,2477,143851,last-15 spread
cactus_flower,RENEWABLE,farmable,10000,5000,29000,21,,331,2631,last-15 spread
clay,RENEWABLE,farmable,1667,455,3125,45,,921,54778,last-15 spread
jukebox,RENEWABLE,farmable,30000,30000,40000,0,,1502,5808,last-15 spread
spruce_fence,RENEWABLE,farmable,8000,1563,20000,35,,4528,207028,last-15 spread
birch_fence,RENEWABLE,farmable,3125,2222,15625,7,,265,11725,last-15 spread
jungle_fence,RENEWABLE,farmable,3571,1094,9375,30,,75,2513,last-15 spread
acacia_fence,RENEWABLE,farmable,10000,8000,10000,100,,48,1399,last-15 spread
cherry_fence,RENEWABLE,farmable,3125,1563,3125,100,,220,10304,last-15 spread
dark_oak_fence,RENEWABLE,farmable,6042,2292,6250,95,,432,14121,last-15 spread
mangrove_fence,RENEWABLE,farmable,31250,23438,31250,100,,75,4252,last-15 spread
bamboo_fence,RENEWABLE,farmable,3906,1875,3906,100,,386,22535,last-15 spread
crimson_fence,RENEWABLE,farmable,15625,6250,9000000,0,,84,2582,last-15 spread
warped_fence,RENEWABLE,farmable,50000,12500,50000,100,,96,3660,last-15 spread
pumpkin,RENEWABLE,farmable,1250,1172,1703,15,,2148,97016,last-15 spread
carved_pumpkin,RENEWABLE,farmable,32500,3438,39000,82,,4421,65344,last-15 spread
jack_o_lantern,RENEWABLE,farmable,40000,19355,150000,16,,233,3000,last-15 spread
netherrack,RENEWABLE,farmable,594,313,594,100,,4677,291894,last-15 spread
soul_sand,RENEWABLE,farmable,3720,30,250000,0,,12778,282456,33d candles
soul_soil,RENEWABLE,farmable,1094,1016,7813,1,,1343,70922,last-15 spread
basalt,RENEWABLE,farmable,62,62,78,0,,4551,288433,last-15 spread
polished_basalt,RENEWABLE,farmable,1094,1094,1172,0,,1612,102307,last-15 spread
smooth_basalt,RENEWABLE,farmable,1111,609,1563,53,,1118,66423,last-15 spread
soul_torch,RENEWABLE,farmable,6250,1563,15000,35,,252,10730,last-15 spread
copper_torch,RENEWABLE,farmable,1563,1563,2344,0,,163,7357,last-15 spread
glowstone,RENEWABLE,farmable,8333,7813,10625,18,,10157,288488,last-15 spread
mossy_stone_bricks,RENEWABLE,farmable,1047,1047,1234,0,,1155,71658,last-15 spread
cracked_stone_bricks,RENEWABLE,farmable,2969,2500,2969,100,,574,36079,last-15 spread
chiseled_stone_bricks,RENEWABLE,farmable,766,766,781,0,,961,60212,last-15 spread
packed_mud,RENEWABLE,farmable,4672,3906,4672,100,,725,44923,last-15 spread
deepslate_bricks,RENEWABLE,farmable,781,719,781,100,,5621,353645,last-15 spread
cracked_deepslate_tiles,RENEWABLE,farmable,3125,2967,3166,79,,236,14892,last-15 spread
chiseled_deepslate,RENEWABLE,farmable,2563,688,3906,58,,569,34467,last-15 spread
brown_mushroom_block,RENEWABLE,farmable,4000,3125,4531,62,,314,18671,last-15 spread
red_mushroom_block,RENEWABLE,farmable,1184,781,1250,86,,370,21950,last-15 spread
mushroom_stem,RENEWABLE,farmable,6000,2500,7797,66,,298,16918,last-15 spread
iron_bars,RENEWABLE,farmable,625,469,625,100,,2922,181866,last-15 spread
copper_bars,RENEWABLE,farmable,1563,1094,1563,100,,191,10864,last-15 spread
exposed_copper_bars,RENEWABLE,farmable,20000,8000,66667,20,,5,13,last-15 spread
weathered_copper_bars,RENEWABLE,farmable,20000,5000,125000,12,,1,8,last-15 spread
oxidized_copper_bars,RENEWABLE,farmable,31094,15000,42188,59,,25,1333,last-15 spread
waxed_copper_bars,RENEWABLE,farmable,78125,16129,200000,34,,44,1041,last-15 spread
waxed_weathered_copper_bars,RENEWABLE,farmable,200000,70000,500000,30,,1,1,last-15 spread
waxed_oxidized_copper_bars,RENEWABLE,farmable,1000000,90000,2599999,36,,12,75,last-15 spread
iron_chain,RENEWABLE,farmable,5429,1563,30000,14,,2698,84228,last-15 spread
copper_chain,RENEWABLE,farmable,2656,2344,3125,40,,205,11526,last-15 spread
exposed_copper_chain,RENEWABLE,farmable,20000,5000,50000,33,,1,4,last-15 spread
weathered_copper_chain,RENEWABLE,farmable,300000,78125,300000,100,,2,4,last-15 spread
oxidized_copper_chain,RENEWABLE,farmable,166667,100000,325000,30,,71,401,last-15 spread
waxed_copper_chain,RENEWABLE,farmable,56250,45313,189000,8,,9,450,last-15 spread
waxed_exposed_copper_chain,RENEWABLE,farmable,85938,85938,156250,0,,0,0,last-15 spread
waxed_oxidized_copper_chain,RENEWABLE,farmable,1000000,999999,9900000,0,,10,78,last-15 spread
melon,RENEWABLE,farmable,1563,1484,3125,5,,628,35758,last-15 spread
vine,RENEWABLE,farmable,1563,1406,1641,67,,1183,41506,last-15 spread
glow_lichen,RENEWABLE,farmable,25000,1563,30000,82,,7910,405230,last-15 spread
resin_clump,RENEWABLE,farmable,1016,1016,1172,0,,226,10187,last-15 spread
resin_block,RENEWABLE,farmable,4063,3906,4063,100,,265,15707,last-15 spread
resin_bricks,RENEWABLE,farmable,7797,6250,7813,99,,371,20768,last-15 spread
resin_brick_stairs,RENEWABLE,farmable,15625,15625,17188,0,,14,614,last-15 spread
resin_brick_slab,RENEWABLE,farmable,15625,6349,31094,37,,14,573,last-15 spread
resin_brick_wall,RENEWABLE,farmable,15625,12000,15625,100,,10,497,last-15 spread
chiseled_resin_bricks,RENEWABLE,farmable,16667,14063,33333,14,,13,459,last-15 spread
brick_stairs,RENEWABLE,farmable,8594,7031,14063,22,,30,1425,last-15 spread
stone_brick_stairs,RENEWABLE,farmable,1563,1047,1563,100,,1205,76148,last-15 spread
mud_brick_stairs,RENEWABLE,farmable,7031,3109,20313,23,,211,13203,last-15 spread
mycelium,RENEWABLE,farmable,391,313,391,100,,220,12622,last-15 spread
lily_pad,RENEWABLE,farmable,30000,30000,49900,0,,1324,14127,last-15 spread
nether_bricks,RENEWABLE,farmable,5797,4688,10000,21,,1575,96572,last-15 spread
cracked_nether_bricks,RENEWABLE,farmable,15625,9804,25000,38,,7,372,last-15 spread
chiseled_nether_bricks,RENEWABLE,farmable,10000,10000,13700,0,,55,2871,last-15 spread
nether_brick_fence,RENEWABLE,farmable,6250,6250,7813,0,,158,7634,last-15 spread
nether_brick_stairs,RENEWABLE,farmable,15594,15594,15609,0,,104,6326,last-15 spread
sculk,RENEWABLE,farmable,1547,1516,1561,69,,2855,174018,last-15 spread
sculk_vein,RENEWABLE,farmable,6000,2000,14844,31,,406,22469,last-15 spread
sculk_catalyst,RENEWABLE,farmable,11000,10000,35000,4,,393,5632,last-15 spread
sculk_shrieker,RENEWABLE,farmable,25000,20000,33000,38,,391,1611,last-15 spread
enchanting_table,RENEWABLE,farmable,89995,79000,89995,100,,2581,3992,last-15 spread
end_stone,RENEWABLE,farmable,625,517,781,41,,3931,242892,last-15 spread
end_stone_bricks,RENEWABLE,farmable,313,313,1328,0,,492,29635,last-15 spread
sandstone_stairs,RENEWABLE,farmable,3125,1563,3125,100,,462,29151,last-15 spread
ender_chest,RENEWABLE,farmable,38000,4500,498000,1,,19648,67561,33d candles
emerald_block,RENEWABLE,farmable,37500,12500,138000,14,,6385,230120,27d candles
oak_stairs,RENEWABLE,farmable,3125,1563,3125,100,,679,41853,last-15 spread
spruce_stairs,RENEWABLE,farmable,780,469,781,100,,2615,163778,last-15 spread
birch_stairs,RENEWABLE,farmable,6234,4086,6234,100,,392,24677,last-15 spread
jungle_stairs,RENEWABLE,farmable,7000,7000,78125,0,,101,6217,last-15 spread
acacia_stairs,RENEWABLE,farmable,7812,7797,10000,1,,38,1960,last-15 spread
cherry_stairs,RENEWABLE,farmable,2250,1563,3125,44,,377,21829,last-15 spread
dark_oak_stairs,RENEWABLE,farmable,2656,2656,3125,0,,823,50792,last-15 spread
bamboo_stairs,RENEWABLE,farmable,6250,5000,7797,45,,227,14239,last-15 spread
bamboo_mosaic_stairs,RENEWABLE,farmable,14453,10766,107813,4,,41,1442,last-15 spread
crimson_stairs,RENEWABLE,farmable,7797,3125,11719,54,,156,9643,last-15 spread
beacon,RENEWABLE,farmable,250000,120000,1000000,5,,1835,31906,14d candles
cobblestone_wall,RENEWABLE,farmable,333,313,1094,3,,5824,369449,last-15 spread
mossy_cobblestone_wall,RENEWABLE,farmable,3891,2344,3906,99,,110,6850,last-15 spread
brick_wall,RENEWABLE,farmable,11111,8594,15625,36,,32,1914,last-15 spread
prismarine_wall,RENEWABLE,farmable,12344,11391,13281,50,,93,5191,last-15 spread
red_sandstone_wall,RENEWABLE,farmable,46875,29688,5000000,0,,22,1079,last-15 spread
mossy_stone_brick_wall,RENEWABLE,farmable,5938,3125,14063,26,,58,3711,last-15 spread
granite_wall,RENEWABLE,farmable,4688,3906,6250,33,,103,6262,last-15 spread
mud_brick_wall,RENEWABLE,farmable,13033,1875,31248,38,,251,15878,last-15 spread
nether_brick_wall,RENEWABLE,farmable,7813,5833,10922,39,,59,3485,last-15 spread
andesite_wall,RENEWABLE,farmable,5938,5469,5938,100,,307,19553,last-15 spread
red_nether_brick_wall,RENEWABLE,farmable,15453,14063,39063,6,,48,2919,last-15 spread
sandstone_wall,RENEWABLE,farmable,6667,2344,7813,79,,373,23518,last-15 spread
end_stone_brick_wall,RENEWABLE,farmable,10938,4688,26563,29,,65,4066,last-15 spread
blackstone_wall,RENEWABLE,farmable,1563,1563,1662,0,,365,22518,last-15 spread
polished_blackstone_wall,RENEWABLE,farmable,4688,3125,4688,100,,236,14872,last-15 spread
polished_blackstone_brick_wall,RENEWABLE,farmable,6094,3906,7071,69,,145,9089,last-15 spread
cobbled_deepslate_wall,RENEWABLE,farmable,25000,1111,40000,61,,184,11065,last-15 spread
polished_deepslate_wall,RENEWABLE,farmable,7813,7797,9375,1,,252,15553,last-15 spread
deepslate_tile_wall,RENEWABLE,farmable,2344,1563,2344,100,,460,29132,last-15 spread
anvil,RENEWABLE,farmable,20000,17000,29500,24,,9110,34190,last-15 spread
chipped_anvil,RENEWABLE,farmable,13906,10000,25000,26,,645,27016,last-15 spread
damaged_anvil,RENEWABLE,farmable,30000,10000,30000,100,,248,7268,last-15 spread
chiseled_quartz_block,RENEWABLE,farmable,13000,5100,20000,53,,595,36327,last-15 spread
quartz_bricks,RENEWABLE,farmable,3386,3109,3738,44,,1139,53403,last-15 spread
quartz_pillar,RENEWABLE,farmable,5714,1600,100000,4,,1659,91017,last-15 spread
white_terracotta,RENEWABLE,farmable,859,781,1000,36,,1045,63018,last-15 spread
orange_terracotta,RENEWABLE,farmable,703,156,1484,41,,649,37243,last-15 spread
light_blue_terracotta,RENEWABLE,farmable,6250,6250,7797,0,,495,31226,last-15 spread
yellow_terracotta,RENEWABLE,farmable,2778,1650,2813,97,,1012,61385,last-15 spread
lime_terracotta,RENEWABLE,farmable,4297,3891,14844,4,,432,27017,last-15 spread
pink_terracotta,RENEWABLE,farmable,15625,6219,15625,100,,379,24191,last-15 spread
gray_terracotta,RENEWABLE,farmable,4828,4813,6250,1,,674,42327,last-15 spread
light_gray_terracotta,RENEWABLE,farmable,781,625,859,67,,505,28925,last-15 spread
purple_terracotta,RENEWABLE,farmable,4688,3495,7813,28,,266,16702,last-15 spread
blue_terracotta,RENEWABLE,farmable,2344,1471,6094,19,,611,38240,last-15 spread
brown_terracotta,RENEWABLE,farmable,1172,781,1531,52,,814,50422,last-15 spread
green_terracotta,RENEWABLE,farmable,3109,3109,4688,0,,1072,66215,last-15 spread
black_terracotta,RENEWABLE,farmable,13594,9219,15594,69,,475,29909,last-15 spread
hay_block,RENEWABLE,farmable,35000,13265,40000,81,,680,24944,last-15 spread
white_carpet,RENEWABLE,farmable,2031,1563,3750,21,,4753,284479,last-15 spread
orange_carpet,RENEWABLE,farmable,3594,3125,3594,100,,282,17395,last-15 spread
magenta_carpet,RENEWABLE,farmable,3906,1563,15625,17,,127,7161,last-15 spread
light_blue_carpet,RENEWABLE,farmable,3125,1547,6042,35,,248,14662,last-15 spread
yellow_carpet,RENEWABLE,farmable,4998,625,7656,62,,446,26178,last-15 spread
lime_carpet,RENEWABLE,farmable,8065,7745,9219,22,,162,9936,last-15 spread
pink_carpet,RENEWABLE,farmable,4688,2857,4688,100,,646,38904,last-15 spread
gray_carpet,RENEWABLE,farmable,10859,1953,10859,100,,679,41360,last-15 spread
light_gray_carpet,RENEWABLE,farmable,6203,4688,6219,99,,355,20448,last-15 spread
cyan_carpet,RENEWABLE,farmable,5469,3514,6172,74,,204,11711,last-15 spread
purple_carpet,RENEWABLE,farmable,6234,6234,6250,0,,469,27963,last-15 spread
blue_carpet,RENEWABLE,farmable,5245,4636,5313,90,,767,47303,last-15 spread
brown_carpet,RENEWABLE,farmable,5203,1563,5453,94,,329,20281,last-15 spread
red_carpet,RENEWABLE,farmable,3406,2891,4531,31,,2511,151635,last-15 spread
black_carpet,RENEWABLE,farmable,1547,1484,1547,100,,1710,104317,last-15 spread
terracotta,RENEWABLE,farmable,469,313,703,40,,1082,63301,last-15 spread
packed_ice,RENEWABLE,farmable,438,313,455,88,,8782,548781,last-15 spread
lilac,RENEWABLE,farmable,313,313,417,0,,585,32440,last-15 spread
rose_bush,RENEWABLE,farmable,313,219,313,100,,1955,118414,last-15 spread
peony,RENEWABLE,farmable,781,625,3333,6,,312,12953,last-15 spread
tall_grass,RENEWABLE,farmable,484995,375000,500000,88,,285,702,last-15 spread
large_fern,RENEWABLE,farmable,1700000,1000000,3500000,28,,235,262,last-15 spread
white_stained_glass,RENEWABLE,farmable,1250,1250,1563,0,,6964,434788,last-15 spread
orange_stained_glass,RENEWABLE,farmable,3594,2813,3594,100,,1690,103973,last-15 spread
magenta_stained_glass,RENEWABLE,farmable,1250,1250,1561,0,,1626,96906,last-15 spread
light_blue_stained_glass,RENEWABLE,farmable,2500,1563,3125,60,,2011,125887,last-15 spread
yellow_stained_glass,RENEWABLE,farmable,1094,1094,2344,0,,2155,135576,last-15 spread
lime_stained_glass,RENEWABLE,farmable,1719,1688,1719,100,,2330,145539,last-15 spread
pink_stained_glass,RENEWABLE,farmable,1406,1250,2500,12,,1618,97750,last-15 spread
gray_stained_glass,RENEWABLE,farmable,3976,2813,11656,13,,1542,94745,last-15 spread
light_gray_stained_glass,RENEWABLE,farmable,2328,2031,2344,95,,1675,105102,last-15 spread
cyan_stained_glass,RENEWABLE,farmable,1531,1172,1563,92,,1624,102490,last-15 spread
purple_stained_glass,RENEWABLE,farmable,1531,1406,2172,16,,3629,222331,last-15 spread
blue_stained_glass,RENEWABLE,farmable,1531,1531,1547,0,,3707,222329,last-15 spread
brown_stained_glass,RENEWABLE,farmable,3734,3125,3734,100,,1238,75790,last-15 spread
green_stained_glass,RENEWABLE,farmable,1250,1250,1563,0,,2666,163885,last-15 spread
red_stained_glass,RENEWABLE,farmable,2266,2188,2266,100,,3544,223708,last-15 spread
black_stained_glass,RENEWABLE,farmable,3125,2250,4688,36,,5674,347192,last-15 spread
white_stained_glass_pane,RENEWABLE,farmable,3109,3109,3125,0,,1017,59628,last-15 spread
orange_stained_glass_pane,RENEWABLE,farmable,3125,2344,3125,100,,113,6763,last-15 spread
magenta_stained_glass_pane,RENEWABLE,farmable,781,547,781,100,,176,9289,last-15 spread
light_blue_stained_glass_pane,RENEWABLE,farmable,2344,2344,4375,0,,236,14337,last-15 spread
yellow_stained_glass_pane,RENEWABLE,farmable,7031,3125,7813,83,,220,13190,last-15 spread
lime_stained_glass_pane,RENEWABLE,farmable,5995,781,6078,98,,168,10100,last-15 spread
pink_stained_glass_pane,RENEWABLE,farmable,1563,1563,1953,0,,200,12512,last-15 spread
gray_stained_glass_pane,RENEWABLE,farmable,9375,3594,10156,88,,209,12148,last-15 spread
light_gray_stained_glass_pane,RENEWABLE,farmable,7813,3594,9328,74,,247,15027,last-15 spread
cyan_stained_glass_pane,RENEWABLE,farmable,7031,6984,7813,6,,137,8116,last-15 spread
purple_stained_glass_pane,RENEWABLE,farmable,4688,2344,7813,43,,493,30647,last-15 spread
brown_stained_glass_pane,RENEWABLE,farmable,4677,4672,4688,31,,40,2218,last-15 spread
green_stained_glass_pane,RENEWABLE,farmable,3125,2344,3125,100,,298,18536,last-15 spread
red_stained_glass_pane,RENEWABLE,farmable,3125,1563,11719,15,,429,25197,last-15 spread
prismarine,RENEWABLE,farmable,4688,4188,5469,39,,1349,78812,last-15 spread
prismarine_bricks,RENEWABLE,farmable,3906,3750,10000,2,,1542,90385,last-15 spread
dark_prismarine,RENEWABLE,farmable,5469,3571,6844,58,,1012,51265,last-15 spread
prismarine_stairs,RENEWABLE,farmable,13281,13281,17782,0,,188,11790,last-15 spread
prismarine_brick_stairs,RENEWABLE,farmable,11980,6234,13281,82,,187,11583,last-15 spread
dark_prismarine_stairs,RENEWABLE,farmable,7797,7797,13281,0,,152,9300,last-15 spread
sea_lantern,RENEWABLE,farmable,30000,9375,42857,62,,6277,185042,last-15 spread
red_sandstone,RENEWABLE,farmable,4297,2500,4297,100,,210,12869,last-15 spread
chiseled_red_sandstone,RENEWABLE,farmable,3000,3000,1900000,0,,4,256,last-15 spread
cut_red_sandstone,RENEWABLE,farmable,15625,3906,15625,100,,15,801,last-15 spread
red_sandstone_stairs,RENEWABLE,farmable,15609,7813,100000,8,,20,1105,last-15 spread
magma_block,RENEWABLE,farmable,467,391,1063,11,,3410,189409,last-15 spread
nether_wart_block,RENEWABLE,farmable,938,906,1563,5,,410,23039,last-15 spread
warped_wart_block,RENEWABLE,farmable,1563,1355,1563,100,,680,41423,last-15 spread
red_nether_bricks,RENEWABLE,farmable,7109,7109,7813,0,,941,59457,last-15 spread
bone_block,RENEWABLE,farmable,844,458,125000,5,,11476,625747,27d candles
shulker_box,RENEWABLE,farmable,49900,1800,50000,9,,26223,26223,5d candles
white_shulker_box,RENEWABLE,farmable,60000,29900,60000,100,,2530,2530,last-15 spread
orange_shulker_box,RENEWABLE,farmable,40000,40000,80000,0,,625,625,last-15 spread
magenta_shulker_box,RENEWABLE,farmable,39000,39000,40000,0,,297,297,last-15 spread
light_blue_shulker_box,RENEWABLE,farmable,50000,49999,101000,0,,824,824,last-15 spread
yellow_shulker_box,RENEWABLE,farmable,45000,40000,50000,50,,1342,1342,last-15 spread
lime_shulker_box,RENEWABLE,farmable,40000,29900,50000,50,,610,610,last-15 spread
pink_shulker_box,RENEWABLE,farmable,50000,50000,100000,0,,922,922,last-15 spread
gray_shulker_box,RENEWABLE,farmable,185000,185000,200000,0,,340,340,last-15 spread
light_gray_shulker_box,RENEWABLE,farmable,100000,29900,150000,58,,358,358,last-15 spread
blue_shulker_box,RENEWABLE,farmable,75000,75000,100000,0,,1619,1619,last-15 spread
brown_shulker_box,RENEWABLE,farmable,95000,28000,200000,39,,347,347,last-15 spread
green_shulker_box,RENEWABLE,farmable,80000,80000,89000,0,,1094,1094,last-15 spread
red_shulker_box,RENEWABLE,farmable,65000,60000,70000,50,,2033,2033,last-15 spread
black_shulker_box,RENEWABLE,farmable,95000,95000,99000,0,,3594,3594,last-15 spread
white_glazed_terracotta,RENEWABLE,farmable,3516,1563,10000,23,,347,19669,last-15 spread
orange_glazed_terracotta,RENEWABLE,farmable,1547,1547,1563,0,,353,19771,last-15 spread
magenta_glazed_terracotta,RENEWABLE,farmable,3125,1406,3859,70,,101,5509,last-15 spread
light_blue_glazed_terracotta,RENEWABLE,farmable,12366,7813,15625,58,,523,32061,last-15 spread
yellow_glazed_terracotta,RENEWABLE,farmable,4688,2857,7813,37,,431,24400,last-15 spread
lime_glazed_terracotta,RENEWABLE,farmable,4688,3125,6938,41,,179,10363,last-15 spread
pink_glazed_terracotta,RENEWABLE,farmable,4297,4297,4688,0,,306,18408,last-15 spread
gray_glazed_terracotta,RENEWABLE,farmable,8856,7500,15469,17,,301,18381,last-15 spread
light_gray_glazed_terracotta,RENEWABLE,farmable,7797,4688,8258,87,,460,26323,last-15 spread
cyan_glazed_terracotta,RENEWABLE,farmable,5078,4688,6667,20,,186,11211,last-15 spread
blue_glazed_terracotta,RENEWABLE,farmable,4219,4141,7344,2,,428,24675,last-15 spread
brown_glazed_terracotta,RENEWABLE,farmable,1391,1359,1547,17,,102,5463,last-15 spread
green_glazed_terracotta,RENEWABLE,farmable,15625,14844,15625,100,,490,25973,last-15 spread
red_glazed_terracotta,RENEWABLE,farmable,3516,2969,3516,100,,613,33469,last-15 spread
black_glazed_terracotta,RENEWABLE,farmable,3594,2344,3594,100,,745,41310,last-15 spread
white_concrete,RENEWABLE,farmable,1613,1455,4063,6,,6834,409545,last-15 spread
orange_concrete,RENEWABLE,farmable,3125,2500,3422,68,,1321,81795,last-15 spread
magenta_concrete,RENEWABLE,farmable,2031,1250,2266,77,,364,22070,last-15 spread
light_blue_concrete,RENEWABLE,farmable,2813,1563,2813,100,,3206,197705,last-15 spread
lime_concrete,RENEWABLE,farmable,3438,2109,3906,74,,1832,108282,last-15 spread
pink_concrete,RENEWABLE,farmable,1953,1938,1953,100,,1231,74257,last-15 spread
gray_concrete,RENEWABLE,farmable,4578,3528,4594,98,,2847,176123,last-15 spread
light_gray_concrete,RENEWABLE,farmable,3281,3109,3281,100,,1393,85427,last-15 spread
cyan_concrete,RENEWABLE,farmable,6406,6250,7406,13,,1516,94026,last-15 spread
purple_concrete,RENEWABLE,farmable,4688,4359,7813,10,,1955,120570,last-15 spread
blue_concrete,RENEWABLE,farmable,1547,1547,1563,0,,2918,157005,last-15 spread
brown_concrete,RENEWABLE,farmable,3906,3125,3906,100,,521,31972,last-15 spread
green_concrete,RENEWABLE,farmable,3125,3125,3891,0,,1628,90233,last-15 spread
red_concrete,RENEWABLE,farmable,3906,3125,15625,6,,3253,181723,last-15 spread
black_concrete,RENEWABLE,farmable,2564,2125,5625,13,,7859,466544,last-15 spread
white_concrete_powder,RENEWABLE,farmable,1516,1484,1531,68,,1360,82301,last-15 spread
orange_concrete_powder,RENEWABLE,farmable,2031,1953,2031,100,,289,18088,last-15 spread
magenta_concrete_powder,RENEWABLE,farmable,1250,859,1563,56,,350,21654,last-15 spread
light_blue_concrete_powder,RENEWABLE,farmable,1250,1250,2292,0,,389,24360,last-15 spread
yellow_concrete_powder,RENEWABLE,farmable,3125,2683,5000,19,,441,27664,last-15 spread
pink_concrete_powder,RENEWABLE,farmable,2344,2059,2344,100,,250,15356,last-15 spread
gray_concrete_powder,RENEWABLE,farmable,3906,2813,3906,100,,368,23376,last-15 spread
light_gray_concrete_powder,RENEWABLE,farmable,1094,1094,1429,0,,336,21317,last-15 spread
cyan_concrete_powder,RENEWABLE,farmable,4297,3906,7656,10,,360,22722,last-15 spread
purple_concrete_powder,RENEWABLE,farmable,4688,3003,4688,100,,969,61841,last-15 spread
blue_concrete_powder,RENEWABLE,farmable,1563,1563,2688,0,,679,42865,last-15 spread
brown_concrete_powder,RENEWABLE,farmable,3906,3906,4688,0,,147,9120,last-15 spread
green_concrete_powder,RENEWABLE,farmable,1250,1250,2734,0,,1062,57868,last-15 spread
red_concrete_powder,RENEWABLE,farmable,2344,2031,2578,57,,1235,76902,last-15 spread
black_concrete_powder,RENEWABLE,farmable,1563,1094,1563,100,,1047,59593,last-15 spread
turtle_egg,RENEWABLE,farmable,30000,9375,30000,100,,3444,45457,last-15 spread
sniffer_egg,RENEWABLE,farmable,50000,40000,50000,100,,976,8090,last-15 spread
dried_ghast,RENEWABLE,farmable,10000,5000,15000,50,,756,15357,last-15 spread
dead_tube_coral_block,RENEWABLE,farmable,29000,6250,60000,42,,72,536,last-15 spread
dead_brain_coral_block,RENEWABLE,farmable,11628,4531,23438,38,,119,2234,last-15 spread
dead_bubble_coral_block,RENEWABLE,farmable,3704,2344,10000,18,,52,577,last-15 spread
dead_fire_coral_block,RENEWABLE,farmable,15000,6250,15000,100,,112,586,last-15 spread
dead_horn_coral_block,RENEWABLE,farmable,4688,3600,10000,17,,71,2633,last-15 spread
tube_coral_block,RENEWABLE,farmable,4688,3373,5556,60,,538,18621,last-15 spread
brain_coral_block,RENEWABLE,farmable,6250,3750,20000,15,,347,9701,last-15 spread
bubble_coral_block,RENEWABLE,farmable,1579,938,4688,17,,474,10416,last-15 spread
fire_coral_block,RENEWABLE,farmable,2734,2031,5000,24,,784,19552,last-15 spread
horn_coral_block,RENEWABLE,farmable,3750,2813,5000,43,,346,8248,last-15 spread
tube_coral,RENEWABLE,farmable,20000,9949,80000,14,,130,690,last-15 spread
brain_coral,RENEWABLE,farmable,50000,9949,60000,80,,120,593,last-15 spread
bubble_coral,RENEWABLE,farmable,25000,10000,80000,21,,83,523,last-15 spread
fire_coral,RENEWABLE,farmable,50000,25000,80000,45,,141,1033,last-15 spread
horn_coral,RENEWABLE,farmable,56572,9949,80000,67,,121,612,last-15 spread
dead_brain_coral,RENEWABLE,farmable,50000,50000,70000,0,,19,19,last-15 spread
dead_bubble_coral,RENEWABLE,farmable,60000,50000,70000,50,,14,15,last-15 spread
dead_fire_coral,RENEWABLE,farmable,75000,69000,80000,55,,49,182,last-15 spread
dead_horn_coral,RENEWABLE,farmable,70000,50000,70000,100,,35,60,last-15 spread
dead_tube_coral,RENEWABLE,farmable,50000,10000,75000,62,,11,25,last-15 spread
tube_coral_fan,RENEWABLE,farmable,4241,3906,14286,3,,301,9648,last-15 spread
brain_coral_fan,RENEWABLE,farmable,60000,35000,60000,100,,341,7495,last-15 spread
bubble_coral_fan,RENEWABLE,farmable,3906,3906,75000,0,,315,7763,last-15 spread
fire_coral_fan,RENEWABLE,farmable,60000,4688,75000,79,,761,25384,last-15 spread
horn_coral_fan,RENEWABLE,farmable,3906,3906,15000,0,,370,11060,last-15 spread
dead_brain_coral_fan,RENEWABLE,farmable,185000,13333,599000,29,,672,12438,last-15 spread
dead_bubble_coral_fan,RENEWABLE,farmable,70000,12500,100000,66,,366,8605,last-15 spread
dead_fire_coral_fan,RENEWABLE,farmable,12109,12109,79000,0,,1055,8644,last-15 spread
dead_horn_coral_fan,RENEWABLE,farmable,99900,80000,99900,100,,799,8830,last-15 spread
blue_ice,RENEWABLE,farmable,3438,3125,4584,21,,4970,205137,last-15 spread
conduit,RENEWABLE,farmable,219000,73386,374000,48,,445,3629,last-15 spread
polished_granite_stairs,RENEWABLE,farmable,4688,2344,7813,43,,65,3941,last-15 spread
smooth_red_sandstone_stairs,RENEWABLE,farmable,62500,54688,132000,10,,2,65,last-15 spread
mossy_stone_brick_stairs,RENEWABLE,farmable,3125,3125,3281,0,,119,7360,last-15 spread
end_stone_brick_stairs,RENEWABLE,farmable,7812,1563,14000,50,,95,5514,last-15 spread
smooth_sandstone_stairs,RENEWABLE,farmable,3125,2381,6250,19,,379,23873,last-15 spread
granite_stairs,RENEWABLE,farmable,1172,1172,4375,0,,52,3257,last-15 spread
andesite_stairs,RENEWABLE,farmable,3828,3828,7734,0,,387,24658,last-15 spread
red_nether_brick_stairs,RENEWABLE,farmable,18750,17188,18750,100,,119,6843,last-15 spread
polished_andesite_stairs,RENEWABLE,farmable,7031,7031,15432,0,,1016,62835,last-15 spread
diorite_stairs,RENEWABLE,farmable,5469,5469,14844,0,,303,18305,last-15 spread
cobbled_deepslate_stairs,RENEWABLE,farmable,1250,1172,1250,100,,475,27854,last-15 spread
deepslate_brick_stairs,RENEWABLE,farmable,1563,1172,3906,14,,1599,101277,last-15 spread
deepslate_tile_stairs,RENEWABLE,farmable,2266,2266,9136,0,,946,55512,last-15 spread
polished_granite_slab,RENEWABLE,farmable,938,96,1234,74,,53,3208,last-15 spread
smooth_red_sandstone_slab,RENEWABLE,farmable,23438,10156,80000,19,,4,130,last-15 spread
mossy_stone_brick_slab,RENEWABLE,farmable,11703,3125,31250,30,,63,3589,last-15 spread
polished_diorite_slab,RENEWABLE,farmable,7688,3125,12500,49,,365,22795,last-15 spread
mossy_cobblestone_slab,RENEWABLE,farmable,7813,2586,7813,100,,153,8928,last-15 spread
end_stone_brick_slab,RENEWABLE,farmable,1429,781,2558,36,,70,4159,last-15 spread
smooth_sandstone_slab,RENEWABLE,farmable,4688,2328,5469,75,,226,13663,last-15 spread
smooth_quartz_slab,RENEWABLE,farmable,4688,4359,4688,100,,413,25296,last-15 spread
granite_slab,RENEWABLE,farmable,6250,2273,9375,56,,120,7555,last-15 spread
andesite_slab,RENEWABLE,farmable,1563,1207,1953,48,,192,12207,last-15 spread
red_nether_brick_slab,RENEWABLE,farmable,23438,15558,76563,13,,88,5082,last-15 spread
polished_andesite_slab,RENEWABLE,farmable,4390,4390,4688,0,,398,25061,last-15 spread
diorite_slab,RENEWABLE,farmable,2344,1563,3422,42,,307,19133,last-15 spread
deepslate_brick_slab,RENEWABLE,farmable,1953,1797,2188,40,,752,47428,last-15 spread
deepslate_tile_slab,RENEWABLE,farmable,1563,781,7813,11,,756,47004,last-15 spread
scaffolding,RENEWABLE,farmable,594,594,859,0,,7179,441509,last-15 spread
redstone,RENEWABLE,farmable,467,431,1313,4,,17641,727721,last-15 spread
redstone_block,RENEWABLE,farmable,12999,2000,168000,5,,9687,154981,27d candles
repeater,RENEWABLE,farmable,15000,1000,100000,7,,13457,240365,33d candles
comparator,RENEWABLE,farmable,20000,1000,450000,1,,8689,122328,33d candles
piston,RENEWABLE,farmable,3438,979,250000,4,,15960,413236,32d candles
sticky_piston,RENEWABLE,farmable,15999,984,280000,1,,11586,214402,32d candles
slime_block,RENEWABLE,farmable,45000,30000,45000,100,,8925,265477,last-15 spread
honey_block,RENEWABLE,farmable,5625,5625,5781,0,,7113,65103,last-15 spread
observer,RENEWABLE,farmable,25000,1000,110000,18,,22683,494942,23d candles
hopper,RENEWABLE,farmable,6250,833,97600,6,,32414,870368,33d candles
dispenser,RENEWABLE,farmable,4500,920,340000,1,,12189,190276,33d candles
dropper,RENEWABLE,farmable,1250,206,794000,2,,6550,219275,33d candles
lectern,RENEWABLE,farmable,70000,44999,70000,100,,3027,28005,last-15 spread
target,RENEWABLE,farmable,8000,4375,10000,64,,2558,56323,last-15 spread
lever,RENEWABLE,farmable,5000,278,5000,100,,13620,242744,last-15 spread
lightning_rod,RENEWABLE,farmable,3109,3109,143000,0,,765,15101,last-15 spread
exposed_lightning_rod,RENEWABLE,farmable,75000,56000,100000,43,,13,24,last-15 spread
weathered_lightning_rod,RENEWABLE,farmable,75000,25000,200000,29,,26,176,last-15 spread
oxidized_lightning_rod,RENEWABLE,farmable,15609,5000,200000,5,,201,1373,last-15 spread
waxed_lightning_rod,RENEWABLE,farmable,666000,78125,700000,95,,40,1195,last-15 spread
waxed_exposed_lightning_rod,RENEWABLE,farmable,750000,100000,750000,100,,0,0,last-15 spread
waxed_weathered_lightning_rod,RENEWABLE,farmable,500000,125000,999000,43,,8,8,last-15 spread
waxed_oxidized_lightning_rod,RENEWABLE,farmable,1000000,154688,2000000,46,,12,201,last-15 spread
sculk_sensor,RENEWABLE,farmable,10000,10000,12500,0,,719,5023,last-15 spread
calibrated_sculk_sensor,RENEWABLE,farmable,100000,100000,300000,0,,274,916,last-15 spread
tripwire_hook,RENEWABLE,farmable,5938,1547,50000,9,,3150,90120,last-15 spread
trapped_chest,RENEWABLE,farmable,200000,100000,350000,40,,402,12381,last-15 spread
tnt,RENEWABLE,farmable,3906,1383,250000,2,yes,22975,871838,33d candles
redstone_lamp,RENEWABLE,farmable,27000,4688,89000,26,,2814,44953,last-15 spread
note_block,RENEWABLE,farmable,14200,1250,14200,100,,7826,193919,last-15 spread
stone_button,RENEWABLE,farmable,5078,3906,7813,30,,1282,45783,last-15 spread
polished_blackstone_button,RENEWABLE,farmable,19500,17949,20000,76,,1862,12630,last-15 spread
oak_button,RENEWABLE,farmable,6500,391,10000,64,,1013,34331,last-15 spread
birch_button,RENEWABLE,farmable,938,391,1000,90,,467,9952,last-15 spread
jungle_button,RENEWABLE,farmable,4700,1000,8000,53,,240,11188,last-15 spread
dark_oak_button,RENEWABLE,farmable,10000,531,10000,100,,172,8731,last-15 spread
pale_oak_button,RENEWABLE,farmable,7813,3333,45313,11,,241,7583,last-15 spread
bamboo_button,RENEWABLE,farmable,3750,3750,5469,0,,114,4693,last-15 spread
crimson_button,RENEWABLE,farmable,35000,20000,37000,88,,118,5297,last-15 spread
warped_button,RENEWABLE,farmable,15625,5391,500000,2,,51,1414,last-15 spread
stone_pressure_plate,RENEWABLE,farmable,4688,4672,19231,0,,931,15858,last-15 spread
polished_blackstone_pressure_plate,RENEWABLE,farmable,35950,34880,43055,13,,145,1886,last-15 spread
light_weighted_pressure_plate,RENEWABLE,farmable,39999,20000,39999,100,,1356,11314,last-15 spread
heavy_weighted_pressure_plate,RENEWABLE,farmable,7143,4688,98989,3,,856,24979,last-15 spread
oak_pressure_plate,RENEWABLE,farmable,10000,1563,20000,46,,530,20136,last-15 spread
spruce_pressure_plate,RENEWABLE,farmable,781,469,781,100,,3284,174843,last-15 spread
birch_pressure_plate,RENEWABLE,farmable,4000,4000,24500,0,,481,2046,last-15 spread
jungle_pressure_plate,RENEWABLE,farmable,578,578,688,0,,46,380,last-15 spread
acacia_pressure_plate,RENEWABLE,farmable,15000,7813,199000,4,,45,705,last-15 spread
cherry_pressure_plate,RENEWABLE,farmable,3125,3125,10000,0,,43,606,last-15 spread
dark_oak_pressure_plate,RENEWABLE,farmable,3571,625,20000,15,,119,3238,last-15 spread
pale_oak_pressure_plate,RENEWABLE,farmable,285000,20000,299000,95,,123,6115,last-15 spread
mangrove_pressure_plate,RENEWABLE,farmable,200000,43600,500000,34,,15,152,last-15 spread
bamboo_pressure_plate,RENEWABLE,farmable,30000,12433,60000,37,,61,355,last-15 spread
crimson_pressure_plate,RENEWABLE,farmable,194000,20000,299000,62,,31,158,last-15 spread
warped_pressure_plate,RENEWABLE,farmable,225000,23438,250000,89,,34,634,last-15 spread
iron_door,RENEWABLE,farmable,19000,17000,19000,100,,1105,11245,last-15 spread
oak_door,RENEWABLE,farmable,15000,15000,80000,0,,868,13254,last-15 spread
spruce_door,RENEWABLE,farmable,15000,625,25000,59,,4195,108947,last-15 spread
birch_door,RENEWABLE,farmable,9677,1563,20000,44,,418,2644,last-15 spread
jungle_door,RENEWABLE,farmable,40000,5000,100000,37,,158,1241,last-15 spread
cherry_door,RENEWABLE,farmable,5000,4667,20000,2,,258,1940,last-15 spread
dark_oak_door,RENEWABLE,farmable,26000,15000,30000,73,,772,15482,last-15 spread
bamboo_door,RENEWABLE,farmable,16667,4688,42500,32,,194,2203,last-15 spread
crimson_door,RENEWABLE,farmable,2783,1563,40000,3,,263,2128,last-15 spread
warped_door,RENEWABLE,farmable,40000,33333,195000,4,,291,2081,last-15 spread
copper_door,RENEWABLE,farmable,50000,6172,50000,100,,54,1207,last-15 spread
exposed_copper_door,RENEWABLE,farmable,100000,29167,190000,44,,3,66,last-15 spread
weathered_copper_door,RENEWABLE,farmable,300000,100000,500000,50,,4,4,last-15 spread
waxed_copper_door,RENEWABLE,farmable,90000,50000,100000,80,,3,5,last-15 spread
waxed_weathered_copper_door,RENEWABLE,farmable,989800,130000,1000000,99,,0,0,last-15 spread
waxed_oxidized_copper_door,RENEWABLE,farmable,69207,68830,200000,0,,87,96,last-15 spread
iron_trapdoor,RENEWABLE,farmable,14600,13000,19500,25,,3057,41602,last-15 spread
oak_trapdoor,RENEWABLE,farmable,1250,703,8000,7,,3198,80148,last-15 spread
spruce_trapdoor,RENEWABLE,farmable,3667,547,7000,48,,11906,333873,last-15 spread
acacia_trapdoor,RENEWABLE,farmable,4000,4000,7016,0,,397,4286,last-15 spread
cherry_trapdoor,RENEWABLE,farmable,4219,3937,4688,38,,437,15569,last-15 spread
dark_oak_trapdoor,RENEWABLE,farmable,8000,6800,8000,100,,1156,46449,last-15 spread
pale_oak_trapdoor,RENEWABLE,farmable,3906,3906,60000,0,,1654,58730,last-15 spread
mangrove_trapdoor,RENEWABLE,farmable,7031,7031,7813,0,,554,14420,last-15 spread
bamboo_trapdoor,RENEWABLE,farmable,2891,2344,3125,70,,658,24342,last-15 spread
crimson_trapdoor,RENEWABLE,farmable,9063,6819,9219,94,,260,7495,last-15 spread
copper_trapdoor,RENEWABLE,farmable,3594,3542,4297,7,,369,20902,last-15 spread
exposed_copper_trapdoor,RENEWABLE,farmable,99875,50000,140625,55,,13,350,last-15 spread
weathered_copper_trapdoor,RENEWABLE,farmable,140469,100000,299500,20,,41,639,last-15 spread
oxidized_copper_trapdoor,RENEWABLE,farmable,62250,62250,295999,0,,237,4246,last-15 spread
waxed_copper_trapdoor,RENEWABLE,farmable,15625,1571,15625,100,,63,2111,last-15 spread
waxed_exposed_copper_trapdoor,RENEWABLE,farmable,139063,70313,2500000,3,,2,128,last-15 spread
waxed_weathered_copper_trapdoor,RENEWABLE,farmable,125000,75000,5000000,1,,20,887,last-15 spread
waxed_oxidized_copper_trapdoor,RENEWABLE,farmable,180000,180000,249500,0,,245,4755,last-15 spread
oak_fence_gate,RENEWABLE,farmable,9375,9375,30000,0,,2477,101909,last-15 spread
spruce_fence_gate,RENEWABLE,farmable,547,469,625,50,,5634,219848,last-15 spread
birch_fence_gate,RENEWABLE,farmable,1875,1875,15574,0,,270,3348,last-15 spread
jungle_fence_gate,RENEWABLE,farmable,8750,1563,14063,57,,57,1479,last-15 spread
acacia_fence_gate,RENEWABLE,farmable,50000,19999,55000,86,,244,733,last-15 spread
cherry_fence_gate,RENEWABLE,farmable,7813,3125,20000,28,,93,4454,last-15 spread
dark_oak_fence_gate,RENEWABLE,farmable,22000,22000,29900,0,,448,10181,last-15 spread
pale_oak_fence_gate,RENEWABLE,farmable,9375,1563,9375,100,,829,33132,last-15 spread
mangrove_fence_gate,RENEWABLE,farmable,50000,40000,50000,100,,47,1016,last-15 spread
bamboo_fence_gate,RENEWABLE,farmable,18750,17114,29688,13,,118,4968,last-15 spread
crimson_fence_gate,RENEWABLE,farmable,100000,78000,125000,47,,453,1476,last-15 spread
warped_fence_gate,RENEWABLE,farmable,80000,75000,89000,36,,259,2550,last-15 spread
powered_rail,RENEWABLE,farmable,40000,40000,50000,0,,10102,262086,last-15 spread
detector_rail,RENEWABLE,farmable,20000,14000,44800,19,,1065,18336,last-15 spread
activator_rail,RENEWABLE,farmable,29000,3125,29000,100,,1457,60202,last-15 spread
white_harness,RENEWABLE,farmable,60000,60000,70000,0,,639,639,last-15 spread
orange_harness,RENEWABLE,farmable,3000000,400000,4000000,72,,21,21,last-15 spread
light_blue_harness,RENEWABLE,farmable,500000,70000,1000000,46,,15,15,last-15 spread
yellow_harness,RENEWABLE,farmable,40000,29000,150000,9,,9,9,last-15 spread
lime_harness,RENEWABLE,farmable,120000,60000,120000,100,,31,31,last-15 spread
pink_harness,RENEWABLE,farmable,750000,500000,1000000,50,,20,20,last-15 spread
gray_harness,RENEWABLE,farmable,100000,40000,975000,6,,14,14,last-15 spread
light_gray_harness,RENEWABLE,farmable,100000,90000,900000,1,,38,38,last-15 spread
cyan_harness,RENEWABLE,farmable,400000,95000,1000000,34,,27,27,last-15 spread
purple_harness,RENEWABLE,farmable,96000,70000,800000,4,,27,27,last-15 spread
brown_harness,RENEWABLE,farmable,54000,50000,54000,100,,38,38,last-15 spread
red_harness,RENEWABLE,farmable,100000,60000,1900000,2,,78,78,last-15 spread
black_harness,RENEWABLE,farmable,100000,100000,200000,0,,160,160,last-15 spread
minecart,RENEWABLE,farmable,12000,11000,12000,100,,7727,7727,last-15 spread
chest_minecart,RENEWABLE,farmable,50000,50000,99000,0,,8192,8192,last-15 spread
furnace_minecart,RENEWABLE,farmable,15000,15000,45289,0,,178,178,last-15 spread
tnt_minecart,RENEWABLE,farmable,35000,33000,35000,100,,9090,9090,last-15 spread
hopper_minecart,RENEWABLE,farmable,50000,50000,100000,0,,9248,9248,last-15 spread
carrot_on_a_stick,RENEWABLE,farmable,300000,199999,305000,95,,227,227,last-15 spread
warped_fungus_on_a_stick,RENEWABLE,farmable,150000,80000,150000,100,,337,337,last-15 spread
phantom_membrane,RENEWABLE,farmable,6600,4900,8000,55,,511,3847,last-15 spread
elytra,STRUCTURE,end city,358999982,210000000,650000000,33,,3510,3510,33d candles
oak_boat,RENEWABLE,farmable,25000,15000,100000,12,,3012,3012,last-15 spread
oak_chest_boat,RENEWABLE,farmable,1000000,19000,1000000,100,,279,279,last-15 spread
spruce_boat,RENEWABLE,farmable,8000,8000,10000,0,,9720,9720,last-15 spread
spruce_chest_boat,RENEWABLE,farmable,67000,20000,70000,94,,309,309,last-15 spread
birch_boat,RENEWABLE,farmable,20000,19000,20000,100,,1183,1183,last-15 spread
birch_chest_boat,RENEWABLE,farmable,35000,25000,85000,17,,43,43,last-15 spread
jungle_boat,RENEWABLE,farmable,25000,10000,50000,38,,365,365,last-15 spread
jungle_chest_boat,RENEWABLE,farmable,100000,100000,1000000,0,,10,10,last-15 spread
acacia_chest_boat,RENEWABLE,farmable,100000,100000,200000,0,,36,36,last-15 spread
cherry_boat,RENEWABLE,farmable,500000,250000,1000000,33,,701,701,last-15 spread
cherry_chest_boat,RENEWABLE,farmable,1500000,250000,3000000,45,,67,67,last-15 spread
dark_oak_boat,RENEWABLE,farmable,5000,5000,8000,0,,866,866,last-15 spread
dark_oak_chest_boat,RENEWABLE,farmable,110000,88000,125000,59,,27,27,last-15 spread
pale_oak_boat,RENEWABLE,farmable,14000,14000,20000,0,,291,291,last-15 spread
pale_oak_chest_boat,RENEWABLE,farmable,150000,75000,800000,10,,7,7,last-15 spread
mangrove_boat,RENEWABLE,farmable,100000,30000,200000,41,,85,85,last-15 spread
mangrove_chest_boat,RENEWABLE,farmable,200000,100000,200000,100,,45,45,last-15 spread
bamboo_raft,RENEWABLE,farmable,98000,10000,100000,98,,409,409,last-15 spread
bamboo_chest_raft,RENEWABLE,farmable,100000,70000,44999997,0,,18,18,last-15 spread
turtle_helmet,RENEWABLE,farmable,120000,120000,170000,0,,3767,3767,last-15 spread
turtle_scute,RENEWABLE,farmable,22000,22000,30000,0,,993,15955,last-15 spread
armadillo_scute,RENEWABLE,farmable,4000,1000,5000,75,,327,6418,last-15 spread
wolf_armor,RENEWABLE,farmable,10000,10000,15000,0,,743,743,last-15 spread
flint_and_steel,RENEWABLE,farmable,70000,55000,70000,100,,14523,14523,last-15 spread
bowl,RENEWABLE,farmable,2344,500,3125,70,,172,5560,last-15 spread
apple,RENEWABLE,farmable,2813,1563,2969,89,,3801,210916,last-15 spread
bow,RENEWABLE,farmable,250000,200000,700000,10,,23823,23823,last-15 spread
arrow,RENEWABLE,farmable,250,250,313,0,yes,10800,673991,last-15 spread
coal,RENEWABLE,farmable,623,623,1563,0,,6826,400411,last-15 spread
charcoal,RENEWABLE,farmable,703,625,703,100,,7819,494965,last-15 spread
diamond,RENEWABLE,farmable,7000,6579,8750,19,,17301,426121,last-15 spread
emerald,RENEWABLE,farmable,3740,3438,18000,2,,6250,247593,last-15 spread
quartz,RENEWABLE,farmable,12500,1719,30000,38,,3110,161932,last-15 spread
amethyst_shard,RENEWABLE,farmable,625,625,781,0,,2770,126915,last-15 spread
raw_iron,RENEWABLE,farmable,1406,1094,3333,14,,1526,41400,last-15 spread
iron_ingot,RENEWABLE,farmable,1818,677,8000,16,,12891,614588,last-15 spread
raw_copper,RENEWABLE,farmable,259,203,328,45,,1817,86657,last-15 spread
copper_ingot,RENEWABLE,farmable,625,469,625,100,,2552,144234,last-15 spread
raw_gold,RENEWABLE,farmable,3333,2500,5000,33,,1631,42592,last-15 spread
gold_ingot,RENEWABLE,farmable,2813,2813,4900,0,,5897,196989,last-15 spread
netherite_ingot,RENEWABLE,farmable,6000000,4000000,10000000,27,,4726,6212,33d candles
netherite_scrap,RENEWABLE,farmable,1500000,1500000,1600000,0,,1467,1605,last-15 spread
wooden_sword,RENEWABLE,farmable,50000,20000,99999,38,,1110,1110,last-15 spread
wooden_shovel,RENEWABLE,farmable,100000,10000,100000,100,,463,463,last-15 spread
wooden_pickaxe,RENEWABLE,farmable,30000,10000,30000,100,,575,575,last-15 spread
wooden_axe,RENEWABLE,farmable,10000,5000,30000,20,,230,230,last-15 spread
wooden_hoe,RENEWABLE,farmable,25000,4000,89000,25,,219,219,last-15 spread
copper_shovel,RENEWABLE,farmable,19000,17000,60000,5,,115,115,last-15 spread
copper_axe,RENEWABLE,farmable,20000,10000,22000,83,,471,471,last-15 spread
copper_hoe,RENEWABLE,farmable,200000,150000,200000,100,,303,303,last-15 spread
stone_pickaxe,RENEWABLE,farmable,10000,8000,10000,100,,7270,7270,last-15 spread
stone_axe,RENEWABLE,farmable,12000,9900,40000,7,,3948,3948,last-15 spread
golden_sword,RENEWABLE,farmable,34000,20000,60000,35,,773,773,last-15 spread
golden_shovel,RENEWABLE,farmable,65000,30000,100000,50,,189,189,last-15 spread
golden_pickaxe,RENEWABLE,farmable,40000,20000,50000,67,,283,283,last-15 spread
golden_axe,RENEWABLE,farmable,28000,10000,50000,45,,265,265,last-15 spread
golden_hoe,RENEWABLE,farmable,40000,25000,100000,20,,214,214,last-15 spread
iron_shovel,RENEWABLE,farmable,15000,11000,19999,44,,1809,1809,last-15 spread
iron_pickaxe,RENEWABLE,farmable,10000,10000,20000,0,,13585,13585,last-15 spread
iron_axe,RENEWABLE,farmable,25000,15000,98000,12,,5651,5651,last-15 spread
iron_hoe,RENEWABLE,farmable,50000,5000,99000,48,,774,774,last-15 spread
diamond_sword,RENEWABLE,farmable,200000,108000,500000,23,,58039,58039,last-15 spread
diamond_shovel,RENEWABLE,farmable,240000,240000,399000,0,,30304,30304,last-15 spread
diamond_pickaxe,RENEWABLE,farmable,250000,49000,360000,65,,82327,82327,last-15 spread
diamond_axe,RENEWABLE,farmable,350000,250000,749000,20,,27512,27512,last-15 spread
diamond_hoe,RENEWABLE,farmable,200000,25000,500000,37,,4262,4262,last-15 spread
netherite_sword,RENEWABLE,farmable,7000000,6999900,7000000,100,,4461,4461,last-15 spread
netherite_shovel,RENEWABLE,farmable,4399000,4200000,12000000,3,,1205,1205,last-15 spread
netherite_pickaxe,RENEWABLE,farmable,20100000,6767676,23000000,82,,31033,31033,last-15 spread
netherite_axe,RENEWABLE,farmable,2399000,2350000,3000000,8,,13293,13293,last-15 spread
netherite_hoe,RENEWABLE,farmable,1099000,1002000,1099000,100,,2325,2325,last-15 spread
stick,RENEWABLE,farmable,313,313,10000,0,,8234,466981,last-15 spread
string,RENEWABLE,farmable,625,625,1406,0,,3226,167401,last-15 spread
feather,RENEWABLE,farmable,600,234,5000,8,,1018,45634,last-15 spread
wheat_seeds,RENEWABLE,farmable,1563,391,1563,100,,5771,340584,last-15 spread
wheat,RENEWABLE,farmable,1859,1563,1859,100,,3800,228627,last-15 spread
bread,RENEWABLE,farmable,2563,2547,3063,3,,6565,320708,last-15 spread
leather_helmet,RENEWABLE,farmable,170000,100000,1000000,8,,1594,1594,last-15 spread
leather_chestplate,RENEWABLE,farmable,150000,150000,200000,0,,2784,2784,last-15 spread
leather_leggings,RENEWABLE,farmable,100000,89000,850000,1,,1406,1406,last-15 spread
leather_boots,RENEWABLE,farmable,30000,29900,34000,2,,8357,8357,last-15 spread
copper_helmet,RENEWABLE,farmable,12000,10000,45000,6,,375,375,last-15 spread
copper_chestplate,RENEWABLE,farmable,10000,10000,15000,0,,584,584,last-15 spread
copper_leggings,RENEWABLE,farmable,15000,10000,25000,33,,352,352,last-15 spread
copper_boots,RENEWABLE,farmable,14000,5900,50000,18,,337,337,last-15 spread
chainmail_helmet,RENEWABLE,farmable,39000,10000,40000,97,,593,593,last-15 spread
chainmail_chestplate,RENEWABLE,farmable,20000,20000,45000,0,,638,638,last-15 spread
chainmail_leggings,RENEWABLE,farmable,50000,49000,50000,100,,740,740,last-15 spread
chainmail_boots,RENEWABLE,farmable,89000,20000,99700,87,,736,736,last-15 spread
iron_helmet,RENEWABLE,farmable,10000,9000,30000,5,,1292,1292,last-15 spread
iron_chestplate,RENEWABLE,farmable,111000,37000,111000,100,,3273,3273,last-15 spread
iron_leggings,RENEWABLE,farmable,9000,9000,50000,0,,1804,1804,last-15 spread
iron_boots,RENEWABLE,farmable,298000,100000,298000,100,,2481,2481,last-15 spread
diamond_helmet,RENEWABLE,farmable,125000,80000,399000,14,,26294,26294,last-15 spread
diamond_chestplate,RENEWABLE,farmable,155000,100000,340000,23,,25401,25401,last-15 spread
diamond_leggings,RENEWABLE,farmable,194000,100000,290000,49,,30636,30636,last-15 spread
diamond_boots,RENEWABLE,farmable,300000,300000,500000,0,,31356,31356,last-15 spread
golden_helmet,RENEWABLE,farmable,80000,30000,90000,83,,1046,1046,last-15 spread
golden_chestplate,RENEWABLE,farmable,50000,30000,80000,40,,737,737,last-15 spread
golden_leggings,RENEWABLE,farmable,35000,20000,90000,21,,590,590,last-15 spread
golden_boots,RENEWABLE,farmable,40000,40000,60000,0,,1295,1295,last-15 spread
netherite_chestplate,RENEWABLE,farmable,6700000,6600000,7300000,14,,6067,6067,last-15 spread
netherite_leggings,RENEWABLE,farmable,6500000,6300000,6790000,41,,5650,5650,last-15 spread
netherite_boots,RENEWABLE,farmable,6690000,6600000,6900000,30,,5342,5342,last-15 spread
flint,RENEWABLE,farmable,1563,1053,3125,25,,1749,46833,last-15 spread
porkchop,RENEWABLE,farmable,1667,1328,10000,4,,944,50784,last-15 spread
cooked_porkchop,RENEWABLE,farmable,938,933,938,100,,13847,840873,last-15 spread
painting,RENEWABLE,farmable,40000,20000,40000,100,,1683,17920,last-15 spread
golden_apple,RENEWABLE,farmable,23688,2800,127000,14,yes,13709,303957,33d candles
enchanted_golden_apple,STRUCTURE,structure chest only,1700000,899000,9000000,7,yes,2378,16384,33d candles
oak_sign,RENEWABLE,farmable,9000,2000,10000,88,,7071,63466,last-15 spread
spruce_sign,RENEWABLE,farmable,625,624,9900,0,,19912,192701,last-15 spread
birch_sign,RENEWABLE,farmable,875,625,2438,14,,1805,16957,last-15 spread
jungle_sign,RENEWABLE,farmable,938,563,1250,55,,634,6089,last-15 spread
acacia_sign,RENEWABLE,farmable,4000,2500,4000,100,,497,2133,last-15 spread
cherry_sign,RENEWABLE,farmable,6250,6188,6250,100,,847,9808,last-15 spread
dark_oak_sign,RENEWABLE,farmable,2500,625,2500,100,,1302,13538,last-15 spread
pale_oak_sign,RENEWABLE,farmable,10188,10188,12538,0,,2611,35707,last-15 spread
mangrove_sign,RENEWABLE,farmable,6188,6188,6250,0,,259,3194,last-15 spread
crimson_sign,RENEWABLE,farmable,6188,6188,100000,0,,259,3834,last-15 spread
warped_sign,RENEWABLE,farmable,6188,6188,75000,0,,917,10797,last-15 spread
spruce_hanging_sign,RENEWABLE,farmable,37449,25000,39828,84,,455,3374,last-15 spread
jungle_hanging_sign,RENEWABLE,farmable,100000,5000,125000,79,,22,268,last-15 spread
acacia_hanging_sign,RENEWABLE,farmable,245313,95000,437500,44,,38,173,last-15 spread
cherry_hanging_sign,RENEWABLE,farmable,15625,15574,295000,0,,121,914,last-15 spread
dark_oak_hanging_sign,RENEWABLE,farmable,37375,37375,50000,0,,94,765,last-15 spread
pale_oak_hanging_sign,RENEWABLE,farmable,14688,4688,18750,71,,506,3563,last-15 spread
mangrove_hanging_sign,RENEWABLE,farmable,440000,40446,440000,100,,97,408,last-15 spread
bamboo_hanging_sign,RENEWABLE,farmable,167000,26000,249900,63,,137,1467,last-15 spread
crimson_hanging_sign,RENEWABLE,farmable,93750,28500,250000,29,,67,663,last-15 spread
warped_hanging_sign,RENEWABLE,farmable,159000,35663,200000,75,,225,1180,last-15 spread
water_bucket,RENEWABLE,farmable,25000,23600,30000,22,,31117,31117,last-15 spread
snowball,RENEWABLE,farmable,219,219,250,0,,6497,103131,last-15 spread
leather,RENEWABLE,farmable,1719,1719,2031,0,,5488,240201,last-15 spread
milk_bucket,RENEWABLE,farmable,30000,29900,100000,0,,8353,8353,last-15 spread
salmon_bucket,RENEWABLE,farmable,50000,50000,105000,0,,164,164,last-15 spread
cod_bucket,RENEWABLE,farmable,99000,50000,299000,20,,117,117,last-15 spread
tropical_fish_bucket,RENEWABLE,farmable,35000,34000,60000,4,,8026,8026,last-15 spread
axolotl_bucket,RENEWABLE,farmable,100000,100000,200000,0,,8642,8642,last-15 spread
brick,RENEWABLE,farmable,2719,2719,2891,0,,484,27135,last-15 spread
clay_ball,RENEWABLE,farmable,547,313,781,50,,1609,96168,last-15 spread
dried_kelp_block,RENEWABLE,farmable,2000,2000,2500,0,,3947,113748,last-15 spread
paper,RENEWABLE,farmable,781,391,781,100,,8072,494320,last-15 spread
slime_ball,RENEWABLE,farmable,469,469,625,0,,1882,107749,last-15 spread
blue_egg,RENEWABLE,farmable,1125,438,1875,48,,1472,23006,last-15 spread
brown_egg,RENEWABLE,farmable,1250,625,1250,100,,1670,26089,last-15 spread
compass,RENEWABLE,farmable,60000,30000,95000,46,,2260,20766,last-15 spread
recovery_compass,RENEWABLE,farmable,115000,50000,245000,33,,249,431,last-15 spread
bundle,RENEWABLE,farmable,99000,99000,250000,0,,4165,4165,last-15 spread
white_bundle,RENEWABLE,farmable,150000,75000,150000,100,,25,25,last-15 spread
orange_bundle,RENEWABLE,farmable,29000,29000,500000,0,,22,22,last-15 spread
magenta_bundle,RENEWABLE,farmable,69000,50000,5000000,0,,29,29,last-15 spread
light_blue_bundle,RENEWABLE,farmable,200000,150000,650000,10,,8,8,last-15 spread
yellow_bundle,RENEWABLE,farmable,50000,50000,100000,0,,17,17,last-15 spread
lime_bundle,RENEWABLE,farmable,1000000,150000,15000000,6,,7,7,last-15 spread
pink_bundle,RENEWABLE,farmable,1000000,70000,12990001,7,,25,25,last-15 spread
gray_bundle,RENEWABLE,farmable,300000,200000,400000,50,,24,24,last-15 spread
light_gray_bundle,RENEWABLE,farmable,295000,140000,415000,56,,22,22,last-15 spread
cyan_bundle,RENEWABLE,farmable,49000,49000,999000,0,,5,5,last-15 spread
purple_bundle,RENEWABLE,farmable,1000000,199000,7000000,12,,25,25,last-15 spread
brown_bundle,RENEWABLE,farmable,250000,99800,9000000,2,,14,14,last-15 spread
green_bundle,RENEWABLE,farmable,395000,199000,465000,74,,27,27,last-15 spread
red_bundle,RENEWABLE,farmable,99000,70000,100000,97,,171,171,last-15 spread
black_bundle,RENEWABLE,farmable,250000,200000,500000,17,,60,60,last-15 spread
fishing_rod,RENEWABLE,farmable,35000,35000,90000,0,,3983,3983,last-15 spread
clock,RENEWABLE,farmable,60000,35000,60000,100,,581,1072,last-15 spread
spyglass,RENEWABLE,farmable,20000,20000,29000,0,,1964,1964,last-15 spread
glowstone_dust,RENEWABLE,farmable,1563,781,5000,19,,2295,95056,last-15 spread
cod,RENEWABLE,farmable,388,388,3906,0,,728,40209,last-15 spread
salmon,RENEWABLE,farmable,33333,6641,50000,62,,323,14056,last-15 spread
tropical_fish,RENEWABLE,farmable,89000,9240,90000,99,,381,12172,last-15 spread
pufferfish,RENEWABLE,farmable,21875,21875,66667,0,,743,16412,last-15 spread
cooked_cod,RENEWABLE,farmable,3169,2344,4297,42,,200,10176,last-15 spread
cooked_salmon,RENEWABLE,farmable,6074,4762,6094,98,,113,3431,last-15 spread
ink_sac,RENEWABLE,farmable,3422,3370,7500,1,,1325,48651,last-15 spread
glow_ink_sac,RENEWABLE,farmable,1547,1328,15000,2,,4531,59963,last-15 spread
cocoa_beans,RENEWABLE,farmable,400,167,7000,3,,661,28474,last-15 spread
white_dye,RENEWABLE,farmable,781,469,938,67,,3544,216041,last-15 spread
orange_dye,RENEWABLE,farmable,3125,3000,4641,8,,1632,99015,last-15 spread
magenta_dye,RENEWABLE,farmable,156,155,234,1,,1684,100429,last-15 spread
light_blue_dye,RENEWABLE,farmable,1247,1210,1247,100,,1308,78181,last-15 spread
lime_dye,RENEWABLE,farmable,1847,1719,2031,41,,1837,115827,last-15 spread
gray_dye,RENEWABLE,farmable,3906,938,3906,100,,1071,65983,last-15 spread
light_gray_dye,RENEWABLE,farmable,1023,1022,1156,1,,811,41765,last-15 spread
cyan_dye,RENEWABLE,farmable,2328,2273,2344,77,,1278,68518,last-15 spread
purple_dye,RENEWABLE,farmable,984,781,1563,26,,1699,102779,last-15 spread
brown_dye,RENEWABLE,farmable,1406,1176,1406,100,,1023,59100,last-15 spread
green_dye,RENEWABLE,farmable,781,781,938,0,,2676,165745,last-15 spread
black_dye,RENEWABLE,farmable,3000,2969,50000,0,,3101,129661,last-15 spread
bone_meal,RENEWABLE,farmable,469,141,547,81,,23437,1443928,last-15 spread
bone,RENEWABLE,farmable,766,175,500000,4,,4790,286684,11d candles
sugar,RENEWABLE,farmable,357,234,625,31,,537,27172,last-15 spread
cake,RENEWABLE,farmable,150000,99000,198000,52,,1808,1808,last-15 spread
orange_bed,RENEWABLE,farmable,50001,15000,78000,56,,238,238,last-15 spread
magenta_bed,RENEWABLE,farmable,30000,20000,39900,50,,646,646,last-15 spread
light_blue_bed,RENEWABLE,farmable,100000,50000,300000,20,,330,330,last-15 spread
pink_bed,RENEWABLE,farmable,66641,40000,99000,45,,696,696,last-15 spread
light_gray_bed,RENEWABLE,farmable,19900,19900,20000,0,,141,141,last-15 spread
purple_bed,RENEWABLE,farmable,179000,170000,180000,90,,320,320,last-15 spread
blue_bed,RENEWABLE,farmable,28900,28000,200000,1,,807,807,last-15 spread
brown_bed,RENEWABLE,farmable,111430,100000,250000,8,,188,188,last-15 spread
red_bed,RENEWABLE,farmable,85000,80000,150000,7,,2104,2104,last-15 spread
black_bed,RENEWABLE,farmable,90000,88000,99000,18,,1962,1962,last-15 spread
cookie,RENEWABLE,farmable,700,688,703,80,,1195,72952,last-15 spread
crafter,RENEWABLE,farmable,7500,2000,600000,10,,8329,234042,32d candles
filled_map,RENEWABLE,farmable,100000,1200,25000,16,,237966,293982,6d candles
shears,RENEWABLE,farmable,15000,15000,399000,0,,7534,7534,last-15 spread
melon_slice,RENEWABLE,farmable,1250,469,1250,100,,1525,83226,last-15 spread
dried_kelp,RENEWABLE,farmable,156,141,313,9,,2506,154520,last-15 spread
pumpkin_seeds,RENEWABLE,farmable,703,703,1250,0,,932,49780,last-15 spread
melon_seeds,RENEWABLE,farmable,1563,800,5000,18,,290,8985,last-15 spread
cooked_beef,RENEWABLE,farmable,938,930,938,100,,21660,795032,last-15 spread
chicken,RENEWABLE,farmable,3000,1000,5000,50,,385,11641,last-15 spread
cooked_chicken,RENEWABLE,farmable,2344,1561,4849,24,,1942,105849,last-15 spread
rotten_flesh,RENEWABLE,farmable,1250,1016,2000,24,,2956,168642,last-15 spread
ender_pearl,RENEWABLE,farmable,938,28,50000,5,yes,35849,494027,33d candles
ghast_tear,RENEWABLE,farmable,27188,3000,4300000,2,,634,18820,10d candles
gold_nugget,RENEWABLE,farmable,1133,750,2174,27,,1040,53189,last-15 spread
nether_wart,RENEWABLE,farmable,1703,1563,1703,100,,3899,221178,last-15 spread
glass_bottle,RENEWABLE,farmable,1094,1016,1178,48,,3619,220067,last-15 spread
potion,RENEWABLE,farmable,100000,85000,200000,13,yes,39566,39566,last-15 spread
spider_eye,RENEWABLE,farmable,1453,1406,1563,30,,1935,101201,last-15 spread
blaze_powder,RENEWABLE,farmable,1000,781,1250,47,,1883,111079,last-15 spread
magma_cream,RENEWABLE,farmable,3438,2969,3438,100,,711,38984,last-15 spread
brewing_stand,RENEWABLE,farmable,25000,2328,25000,100,,5488,93261,last-15 spread
ender_eye,RENEWABLE,farmable,30000,3109,30000,100,,2025,94772,last-15 spread
glistering_melon_slice,RENEWABLE,farmable,2083,1563,6234,11,,282,9897,last-15 spread
experience_bottle,RENEWABLE,farmable,10000,3000,89000,5,yes,37910,1030863,18d candles
fire_charge,RENEWABLE,farmable,50000,1563,50000,100,,761,19186,last-15 spread
wind_charge,RENEWABLE,farmable,7328,6250,20000,8,yes,9159,366527,last-15 spread
writable_book,RENEWABLE,farmable,67000,65000,70000,40,,6389,6389,last-15 spread
written_book,RENEWABLE,farmable,50000,50000,5000000,0,,4606,6814,last-15 spread
breeze_rod,STRUCTURE,trial chamber (breeze spawner),31250,26563,49000,21,,2099,48775,last-15 spread
mace,RENEWABLE,farmable,5500000,500000,6200000,58,,11164,11164,33d candles
item_frame,RENEWABLE,farmable,13000,5800,13000,100,,15166,331371,last-15 spread
glow_item_frame,RENEWABLE,farmable,8800,8700,10328,6,,2177,40823,last-15 spread
flower_pot,RENEWABLE,farmable,39000,20000,40000,95,,2348,26983,last-15 spread
potato,RENEWABLE,farmable,3125,2344,3125,100,,1917,115246,last-15 spread
baked_potato,RENEWABLE,farmable,1563,1328,1563,100,,955,51905,last-15 spread
poisonous_potato,RENEWABLE,farmable,5000,2714,5000,100,,185,1137,last-15 spread
map,RENEWABLE,farmable,9375,4800,189000,7,,37807,785373,10d candles
golden_carrot,RENEWABLE,farmable,2953,2953,3125,0,,5325,211048,last-15 spread
skeleton_skull,STRUCTURE,charged creeper,261000,110000,10000000,1,,1411,6719,33d candles
zombie_head,STRUCTURE,charged creeper,424000,30000,999000,31,,1407,8211,33d candles
creeper_head,STRUCTURE,charged creeper,262500,117000,1000000,29,,1606,10836,33d candles
dragon_head,STRUCTURE,end ship,51800003,38900000,100000000,20,,1400,1440,33d candles
piglin_head,STRUCTURE,charged creeper,478125,200000,2900000,9,,2882,23798,33d candles
nether_star,RENEWABLE,farmable,180000,170000,184000,71,,1199,4745,last-15 spread
pumpkin_pie,RENEWABLE,farmable,1763,1563,3630,10,,216,10185,last-15 spread
firework_rocket,RENEWABLE,farmable,1094,469,1562,57,yes,9410,532862,last-15 spread
firework_star,RENEWABLE,farmable,10781,10781,10922,0,,551,34775,last-15 spread
nether_brick,RENEWABLE,farmable,1053,469,1406,62,,292,14124,last-15 spread
resin_brick,RENEWABLE,farmable,2328,2252,2328,100,,1325,49461,last-15 spread
prismarine_shard,RENEWABLE,farmable,1176,234,1563,71,,241,13677,last-15 spread
prismarine_crystals,RENEWABLE,farmable,2031,1172,24000,4,,277,11085,last-15 spread
rabbit,RENEWABLE,farmable,10000,3000,10000,100,,151,1140,last-15 spread
cooked_rabbit,RENEWABLE,farmable,5000,3125,25000,9,,43,868,last-15 spread
rabbit_stew,RENEWABLE,farmable,150000,140000,150000,100,,72,72,last-15 spread
rabbit_foot,RENEWABLE,farmable,99900,50000,160000,45,,286,2050,last-15 spread
rabbit_hide,RENEWABLE,farmable,2333,825,3400,59,,167,865,last-15 spread
armor_stand,RENEWABLE,farmable,1813,1250,1875,90,,12908,195139,last-15 spread
copper_horse_armor,RENEWABLE,farmable,80000,20000,99000,76,,680,680,last-15 spread
iron_horse_armor,RENEWABLE,farmable,90000,60000,100000,75,,858,858,last-15 spread
golden_horse_armor,RENEWABLE,farmable,97000,90000,100000,70,,1022,1022,last-15 spread
diamond_horse_armor,RENEWABLE,farmable,45000,15000,50000,86,,1772,1772,last-15 spread
netherite_horse_armor,RENEWABLE,farmable,8000000,6999999,10000000,33,,19,19,last-15 spread
leather_horse_armor,RENEWABLE,farmable,1000000,500000,1000000,100,,114,114,last-15 spread
lead,RENEWABLE,farmable,29000,29000,34999,0,,4075,48402,last-15 spread
name_tag,RENEWABLE,farmable,95000,66900,100000,85,,4565,14536,last-15 spread
mutton,RENEWABLE,farmable,3000,2000,5000,33,,215,3206,last-15 spread
cooked_mutton,RENEWABLE,farmable,5000,3125,5000,100,,168,7643,last-15 spread
white_banner,RENEWABLE,farmable,80000,80000,99900,0,,7234,38704,last-15 spread
magenta_banner,RENEWABLE,farmable,95000,25000,200000,40,,218,308,last-15 spread
light_blue_banner,RENEWABLE,farmable,200000,99990,250000,67,,279,723,last-15 spread
yellow_banner,RENEWABLE,farmable,100000,100000,200000,0,,137,198,last-15 spread
pink_banner,RENEWABLE,farmable,200000,100000,570000,21,,385,478,last-15 spread
gray_banner,RENEWABLE,farmable,42999,18000,500000,5,,27,60,last-15 spread
light_gray_banner,RENEWABLE,farmable,100000,60000,400000,12,,149,149,last-15 spread
cyan_banner,RENEWABLE,farmable,463000,150000,463000,100,,227,358,last-15 spread
purple_banner,RENEWABLE,farmable,199999,50000,1000000,16,,368,508,last-15 spread
green_banner,RENEWABLE,farmable,124000,100000,144000,55,,110,130,last-15 spread
red_banner,RENEWABLE,farmable,199999,150000,250000,50,,1198,3540,last-15 spread
black_banner,RENEWABLE,farmable,250000,200000,250000,100,,2501,9145,last-15 spread
end_crystal,RENEWABLE,farmable,27500,2500,150000,23,yes,18141,423402,33d candles
chorus_fruit,RENEWABLE,farmable,234,156,234,100,,2577,145890,last-15 spread
popped_chorus_fruit,RENEWABLE,farmable,7813,1406,8333,92,,102,4401,last-15 spread
torchflower_seeds,RENEWABLE,farmable,2344,2344,7031,0,,358,14145,last-15 spread
pitcher_pod,RENEWABLE,farmable,2578,2578,9000,0,,169,6160,last-15 spread
beetroot,RENEWABLE,farmable,1563,1172,1563,100,,178,9728,last-15 spread
beetroot_seeds,RENEWABLE,farmable,833,781,1340,9,,255,11731,last-15 spread
beetroot_soup,RENEWABLE,farmable,42000,39000,46000,43,,41,41,last-15 spread
dragon_breath,RENEWABLE,farmable,11719,11094,79000,1,,917,35356,last-15 spread
splash_potion,RENEWABLE,farmable,25000,20000,40000,25,yes,94383,94383,last-15 spread
spectral_arrow,RENEWABLE,farmable,1172,1094,1172,100,yes,931,54827,last-15 spread
tipped_arrow,RENEWABLE,farmable,7333,2188,9756,68,yes,7859,414925,last-15 spread
lingering_potion,RENEWABLE,farmable,50000,50000,100000,0,yes,1698,1698,last-15 spread
shield,RENEWABLE,farmable,19000,19000,500000,0,,14720,14720,last-15 spread
wooden_spear,RENEWABLE,farmable,50000,5000,499000,9,,197,197,last-15 spread
stone_spear,RENEWABLE,farmable,6000,4000,19000,13,,317,317,last-15 spread
copper_spear,RENEWABLE,farmable,10000,9999,20000,0,,145,145,last-15 spread
golden_spear,RENEWABLE,farmable,99000,20000,120000,79,,76,76,last-15 spread
diamond_spear,RENEWABLE,farmable,250000,30000,270000,92,,6514,6514,last-15 spread
netherite_spear,RENEWABLE,farmable,5499999,5499999,6000000,0,,903,903,last-15 spread
totem_of_undying,RENEWABLE,farmable,150000,28900,299000,29,yes,24083,24083,33d candles
shulker_shell,RENEWABLE,farmable,4688,5000,669000,7,,2180,126728,5d candles
iron_nugget,RENEWABLE,farmable,1000,522,1563,46,,240,8570,last-15 spread
copper_nugget,RENEWABLE,farmable,1563,1016,2953,28,,42,1414,last-15 spread
music_disc_13,RENEWABLE,farmable,20000,8000,25000,71,,1079,1079,last-15 spread
music_disc_cat,RENEWABLE,farmable,30000,10000,30000,100,,1124,1124,last-15 spread
music_disc_blocks,RENEWABLE,farmable,235119,199000,749000,7,,155,155,last-15 spread
music_disc_chirp,RENEWABLE,farmable,500000,15000,699000,71,,211,211,last-15 spread
music_disc_creator,STRUCTURE,trial chamber,100000,50000,100000,100,,521,521,last-15 spread
music_disc_creator_music_box,RENEWABLE,farmable,121741,80000,150000,60,,290,290,last-15 spread
music_disc_far,RENEWABLE,farmable,200000,99000,800000,14,,95,95,last-15 spread
music_disc_lava_chicken,RENEWABLE,farmable,249999,249999,298000,0,,1005,1005,last-15 spread
music_disc_mall,RENEWABLE,farmable,200000,200000,300000,0,,301,301,last-15 spread
music_disc_mellohi,RENEWABLE,farmable,595000,200000,899000,57,,237,237,last-15 spread
music_disc_stal,RENEWABLE,farmable,150000,25000,3000000,4,,182,182,last-15 spread
music_disc_strad,RENEWABLE,farmable,199000,100000,299000,50,,255,255,last-15 spread
music_disc_ward,RENEWABLE,farmable,499000,75000,800000,58,,125,125,last-15 spread
music_disc_11,RENEWABLE,farmable,400000,398000,450000,4,,220,220,last-15 spread
music_disc_wait,RENEWABLE,farmable,159750,127546,211000,39,,191,191,last-15 spread
music_disc_otherside,RENEWABLE,farmable,100000,50000,100000,100,,439,439,last-15 spread
music_disc_relic,STRUCTURE,trail ruins,3499999,3000000,3599999,83,,74,74,last-15 spread
music_disc_5,RENEWABLE,farmable,300000,249000,449000,26,,200,200,last-15 spread
music_disc_pigstep,STRUCTURE,bastion,500000,450000,500000,100,,563,563,last-15 spread
music_disc_precipice,STRUCTURE,trial chamber,95000,30000,105000,87,,321,321,last-15 spread
music_disc_tears,RENEWABLE,farmable,400000,200000,500000,67,,330,330,last-15 spread
disc_fragment_5,RENEWABLE,farmable,25000,24950,49000,0,,217,1882,last-15 spread
nautilus_shell,STRUCTURE,drowned/fishing,8333,4900,18000,26,,338,3349,last-15 spread
iron_nautilus_armor,RENEWABLE,farmable,10000,10000,30000,0,,124,124,last-15 spread
golden_nautilus_armor,RENEWABLE,farmable,29000,10000,35000,76,,142,142,last-15 spread
diamond_nautilus_armor,RENEWABLE,farmable,70000,40000,90000,60,,137,137,last-15 spread
netherite_nautilus_armor,RENEWABLE,farmable,5000000,4899999,6500000,6,,20,20,last-15 spread
copper_nautilus_armor,RENEWABLE,farmable,10000,8000,10000,100,,254,254,last-15 spread
heart_of_the_sea,STRUCTURE,buried treasure,48386,45000,50000,68,,454,1239,last-15 spread
crossbow,RENEWABLE,farmable,15000,10000,25000,33,,3070,3070,last-15 spread
suspicious_stew,RENEWABLE,farmable,26000,10000,30000,80,,685,685,last-15 spread
loom,RENEWABLE,farmable,55000,50000,68999,26,,900,11117,last-15 spread
flower_banner_pattern,RENEWABLE,farmable,50000,10000,150000,29,,180,180,last-15 spread
skull_banner_pattern,RENEWABLE,farmable,500000,320000,1800000,12,,135,135,last-15 spread
globe_banner_pattern,STRUCTURE,n/a (crafted),90000,40000,199999,31,,106,106,last-15 spread
piglin_banner_pattern,RENEWABLE,farmable,899000,899000,999000,0,,182,182,last-15 spread
flow_banner_pattern,STRUCTURE,trial chamber,19000,17000,30000,15,,403,403,last-15 spread
guster_banner_pattern,STRUCTURE,trial chamber,19000,15000,20000,80,,215,215,last-15 spread
field_masoned_banner_pattern,RENEWABLE,farmable,400000,100000,400000,100,,50,50,last-15 spread
bordure_indented_banner_pattern,RENEWABLE,farmable,100000,99000,140000,2,,218,218,last-15 spread
goat_horn,RENEWABLE,farmable,200000,200000,355000,0,,897,897,last-15 spread
composter,RENEWABLE,farmable,6250,6250,20000,0,,4192,97830,last-15 spread
barrel,RENEWABLE,farmable,30000,15000,30000,100,,6782,170346,last-15 spread
smoker,RENEWABLE,farmable,2266,2188,4516,3,,3841,186957,last-15 spread
blast_furnace,RENEWABLE,farmable,30000,25000,38000,38,,3495,41752,last-15 spread
cartography_table,RENEWABLE,farmable,20000,20000,29000,0,,1274,4830,last-15 spread
fletching_table,RENEWABLE,farmable,35000,35000,40000,0,,1534,26306,last-15 spread
grindstone,RENEWABLE,farmable,45000,37500,60000,33,,2127,12618,last-15 spread
smithing_table,RENEWABLE,farmable,25000,25000,34900,0,,3460,18122,last-15 spread
stonecutter,RENEWABLE,farmable,40000,2031,49900,79,,2217,12955,last-15 spread
bell,RENEWABLE,farmable,70000,49999,124000,27,,642,3839,last-15 spread
lantern,RENEWABLE,farmable,15000,2344,49500,27,,4204,87367,last-15 spread
soul_lantern,RENEWABLE,farmable,3125,3109,50000,0,,2362,43698,last-15 spread
copper_lantern,RENEWABLE,farmable,6250,6250,7031,0,,194,7135,last-15 spread
exposed_copper_lantern,RENEWABLE,farmable,100000,50000,400000,14,,3,35,last-15 spread
weathered_copper_lantern,RENEWABLE,farmable,200000,180000,200000,100,,8,63,last-15 spread
oxidized_copper_lantern,RENEWABLE,farmable,78074,66667,200000,9,,126,1246,last-15 spread
waxed_copper_lantern,RENEWABLE,farmable,31250,2492,69999,43,,84,1167,last-15 spread
waxed_exposed_copper_lantern,RENEWABLE,farmable,195652,185000,1300000,1,,11,64,last-15 spread
waxed_weathered_copper_lantern,RENEWABLE,farmable,250000,200000,500000,17,,30,84,last-15 spread
waxed_oxidized_copper_lantern,RENEWABLE,farmable,185000,78125,185000,100,,52,416,last-15 spread
sweet_berries,RENEWABLE,farmable,313,234,556,25,,6378,381030,last-15 spread
glow_berries,RENEWABLE,farmable,1667,1547,3333,7,,971,52500,last-15 spread
campfire,RENEWABLE,farmable,40000,30000,99000,14,,2082,29423,last-15 spread
soul_campfire,RENEWABLE,farmable,75000,23810,83900,85,,1626,15040,last-15 spread
shroomlight,RENEWABLE,farmable,1563,781,1563,100,,1958,93015,last-15 spread
honeycomb,RENEWABLE,farmable,1724,1547,20000,1,,1877,104145,last-15 spread
beehive,RENEWABLE,farmable,5469,5469,350000,0,,1647,42077,last-15 spread
honey_bottle,RENEWABLE,farmable,10000,4444,15000,53,,364,2125,last-15 spread
honeycomb_block,RENEWABLE,farmable,2956,1953,3125,86,,302,8114,last-15 spread
lodestone,RENEWABLE,farmable,70000,14063,245000,24,,1510,39160,last-15 spread
crying_obsidian,RENEWABLE,farmable,5469,4375,11250,16,,2526,85871,last-15 spread
blackstone,RENEWABLE,farmable,3125,1000,300000,67,,5850,351546,6d candles
blackstone_slab,RENEWABLE,farmable,3906,3906,4688,0,,666,41663,last-15 spread
gilded_blackstone,STRUCTURE,bastion,1250000,1180000,1800000,11,,3188,41679,last-15 spread
polished_blackstone,RENEWABLE,farmable,3125,3125,3438,0,,3942,241585,last-15 spread
polished_blackstone_slab,RENEWABLE,farmable,1172,1079,2188,8,,536,32364,last-15 spread
polished_blackstone_stairs,RENEWABLE,farmable,3125,3109,23367,0,,1000,56698,last-15 spread
chiseled_polished_blackstone,RENEWABLE,farmable,7031,7031,30000,0,,1550,79272,last-15 spread
polished_blackstone_bricks,RENEWABLE,farmable,3078,2797,3078,100,,4832,286112,last-15 spread
polished_blackstone_brick_slab,RENEWABLE,farmable,1563,1563,6047,0,,436,26892,last-15 spread
polished_blackstone_brick_stairs,RENEWABLE,farmable,5469,4219,38750,4,,876,48493,last-15 spread
cracked_polished_blackstone_bricks,RENEWABLE,farmable,4444,3855,6250,25,,1991,122427,last-15 spread
respawn_anchor,RENEWABLE,farmable,21875,18000,99900,10,yes,5522,164388,6d candles
candle,RENEWABLE,farmable,1094,1094,1406,0,,836,29622,last-15 spread
white_candle,RENEWABLE,farmable,4688,4688,5922,0,,777,28616,last-15 spread
orange_candle,RENEWABLE,farmable,15594,12698,31250,16,,66,2008,last-15 spread
magenta_candle,RENEWABLE,farmable,14063,12500,20000,21,,53,1277,last-15 spread
light_blue_candle,RENEWABLE,farmable,15625,14063,21875,20,,83,1858,last-15 spread
yellow_candle,RENEWABLE,farmable,100000,6611,299000,32,,101,3281,last-15 spread
lime_candle,RENEWABLE,farmable,14047,13281,99999,1,,119,4855,last-15 spread
pink_candle,RENEWABLE,farmable,13875,2813,15625,86,,133,7187,last-15 spread
gray_candle,RENEWABLE,farmable,14063,12500,399000,0,,40,1470,last-15 spread
light_gray_candle,RENEWABLE,farmable,14063,4706,18750,67,,43,1305,last-15 spread
cyan_candle,RENEWABLE,farmable,23438,15522,95000,10,,160,7580,last-15 spread
blue_candle,RENEWABLE,farmable,9375,6250,10938,67,,121,4932,last-15 spread
brown_candle,RENEWABLE,farmable,15625,10000,450000,1,,71,2957,last-15 spread
green_candle,RENEWABLE,farmable,18750,13281,18750,100,,135,5465,last-15 spread
red_candle,RENEWABLE,farmable,10000,1250,35000,26,,705,26247,last-15 spread
black_candle,RENEWABLE,farmable,7813,7813,14047,0,,406,15978,last-15 spread
small_amethyst_bud,RENEWABLE,farmable,60000,30000,75000,67,,398,1629,last-15 spread
medium_amethyst_bud,RENEWABLE,farmable,100000,71429,200000,22,,649,2962,last-15 spread
large_amethyst_bud,RENEWABLE,farmable,40000,20000,65000,44,,294,2977,last-15 spread
amethyst_cluster,RENEWABLE,farmable,18000,6234,25000,63,,2287,35875,last-15 spread
pointed_dripstone,RENEWABLE,farmable,3333,938,10000,26,,4222,137534,last-15 spread
ochre_froglight,RENEWABLE,farmable,30000,3094,30000,100,,2004,97728,last-15 spread
pearlescent_froglight,RENEWABLE,farmable,1359,1202,1547,46,,2502,106502,last-15 spread
echo_shard,STRUCTURE,ancient city,15000,10000,31250,24,,351,7175,last-15 spread
brush,RENEWABLE,farmable,60000,59900,100000,0,,1690,1690,last-15 spread
netherite_upgrade_smithing_template,STRUCTURE,bastion,49800,48000,65000,11,,4147,15842,last-15 spread
sentry_armor_trim_smithing_template,STRUCTURE,pillager outpost,99000,89000,125000,28,,291,795,last-15 spread
dune_armor_trim_smithing_template,STRUCTURE,desert temple,140000,100000,150000,80,,1077,1456,last-15 spread
coast_armor_trim_smithing_template,STRUCTURE,shipwreck,90000,89000,98000,11,,1144,5100,last-15 spread
wild_armor_trim_smithing_template,STRUCTURE,jungle temple,95000,78125,210000,13,,610,901,last-15 spread
ward_armor_trim_smithing_template,STRUCTURE,ancient city,95000,95000,100000,0,,456,1323,last-15 spread
vex_armor_trim_smithing_template,STRUCTURE,woodland mansion,190000,150000,245000,42,,656,762,last-15 spread
tide_armor_trim_smithing_template,STRUCTURE,ocean monument,90000,82000,100000,44,,518,1011,last-15 spread
snout_armor_trim_smithing_template,STRUCTURE,bastion,119999,119000,120000,100,,412,606,last-15 spread
rib_armor_trim_smithing_template,STRUCTURE,nether fortress,95000,95000,97000,0,,1412,2364,last-15 spread
spire_armor_trim_smithing_template,STRUCTURE,end city,90000,90000,110000,0,,397,621,last-15 spread
wayfinder_armor_trim_smithing_template,STRUCTURE,trail ruins,199000,170000,230000,48,,228,349,last-15 spread
shaper_armor_trim_smithing_template,STRUCTURE,trail ruins,200000,170000,200000,100,,177,230,last-15 spread
silence_armor_trim_smithing_template,STRUCTURE,ancient city,100000,46719,160000,47,,9278,48805,last-15 spread
raiser_armor_trim_smithing_template,STRUCTURE,trail ruins,200000,99000,230000,77,,238,422,last-15 spread
host_armor_trim_smithing_template,STRUCTURE,trail ruins,200000,107000,225000,79,,233,281,last-15 spread
bolt_armor_trim_smithing_template,STRUCTURE,trial chamber,98000,31250,100000,97,,886,1855,last-15 spread
angler_pottery_sherd,STRUCTURE,ocean ruin,40000,25000,500000,3,,8,8,last-15 spread
archer_pottery_sherd,STRUCTURE,ocean ruin,50000,21000,500000,6,,2,2,last-15 spread
arms_up_pottery_sherd,STRUCTURE,desert well/temple,500000,10000,1000000,49,,0,0,last-15 spread
blade_pottery_sherd,STRUCTURE,ocean ruin,50000,20000,100000,38,,12,12,last-15 spread
brewer_pottery_sherd,STRUCTURE,desert temple,150000,50000,1900000,5,,2,2,last-15 spread
burn_pottery_sherd,STRUCTURE,trail ruins,50000,50000,199999,0,,7,7,last-15 spread
danger_pottery_sherd,STRUCTURE,desert temple,99000,45000,100000,98,,7,7,last-15 spread
explorer_pottery_sherd,STRUCTURE,ocean ruin,100000,20000,120000,80,,9,14,last-15 spread
flow_pottery_sherd,STRUCTURE,trial chamber,12500,5000,25000,38,,57,1552,last-15 spread
friend_pottery_sherd,STRUCTURE,trail ruins,100000,75000,500000,6,,5,6,last-15 spread
guster_pottery_sherd,STRUCTURE,trial chamber,10000,5000,14844,51,,58,385,last-15 spread
heart_pottery_sherd,STRUCTURE,desert temple/ocean ruin,75000,50000,166667,21,,10,16,last-15 spread
heartbreak_pottery_sherd,STRUCTURE,ocean ruin,98000,50000,100000,96,,6,6,last-15 spread
howl_pottery_sherd,STRUCTURE,trail ruins,100000,50000,399000,14,,6,6,last-15 spread
miner_pottery_sherd,STRUCTURE,trail ruins,200000,40000,500000,35,,0,0,last-15 spread
mourner_pottery_sherd,STRUCTURE,trail ruins,99999,40000,100000,100,,9,14,last-15 spread
plenty_pottery_sherd,STRUCTURE,trail ruins,99000,20000,100000,99,,7,7,last-15 spread
prize_pottery_sherd,STRUCTURE,trail ruins,50000,40000,500000,2,,2,2,last-15 spread
scrape_pottery_sherd,STRUCTURE,trial chamber,18750,8000,25000,63,,44,311,last-15 spread
sheaf_pottery_sherd,STRUCTURE,trail ruins,50000,40000,199999,6,,5,5,last-15 spread
shelter_pottery_sherd,STRUCTURE,trail ruins,180000,25000,300000,56,,10,10,last-15 spread
skull_pottery_sherd,STRUCTURE,desert temple,200000,200000,700000,0,,8,9,last-15 spread
snort_pottery_sherd,STRUCTURE,trail ruins,40000,25000,50000,60,,10,10,last-15 spread
copper_grate,RENEWABLE,farmable,15625,5469,400000,3,,124,6200,last-15 spread
exposed_copper_grate,RENEWABLE,farmable,31250,9375,200000,11,,3,49,last-15 spread
weathered_copper_grate,RENEWABLE,farmable,26667,15000,150000,9,,1,10,last-15 spread
oxidized_copper_grate,RENEWABLE,farmable,25000,10000,200000,8,,39,1174,last-15 spread
waxed_copper_grate,RENEWABLE,farmable,6250,3734,11333,33,,264,13081,last-15 spread
waxed_exposed_copper_grate,RENEWABLE,farmable,150000,90000,150000,100,,0,0,last-15 spread
waxed_weathered_copper_grate,RENEWABLE,farmable,618750,16667,618750,100,,0,0,last-15 spread
waxed_oxidized_copper_grate,RENEWABLE,farmable,12141,6834,12141,100,,278,14840,last-15 spread
copper_bulb,RENEWABLE,farmable,1953,1953,20000,0,,2415,55262,last-15 spread
exposed_copper_bulb,RENEWABLE,farmable,66615,50000,94999,37,,21,174,last-15 spread
weathered_copper_bulb,RENEWABLE,farmable,100000,45000,800000,7,,91,157,last-15 spread
oxidized_copper_bulb,RENEWABLE,farmable,80000,70000,99000,34,,802,6937,last-15 spread
waxed_copper_bulb,RENEWABLE,farmable,49998,2813,70000,70,,877,16910,last-15 spread
waxed_exposed_copper_bulb,RENEWABLE,farmable,40000,5000,40000,100,,173,799,last-15 spread
waxed_weathered_copper_bulb,RENEWABLE,farmable,35000,20000,75000,27,,143,909,last-15 spread
waxed_oxidized_copper_bulb,RENEWABLE,farmable,12500,12500,79990,0,,1008,18772,last-15 spread
copper_chest,RENEWABLE,farmable,72000,60000,72000,100,,737,15426,last-15 spread
exposed_copper_chest,RENEWABLE,farmable,75000,37500,135938,38,,22,205,last-15 spread
weathered_copper_chest,RENEWABLE,farmable,200000,50000,200000,100,,8,12,last-15 spread
oxidized_copper_chest,RENEWABLE,farmable,12750,10000,30000,14,,112,2730,last-15 spread
waxed_copper_chest,RENEWABLE,farmable,51000,51000,60000,0,,45,371,last-15 spread
waxed_exposed_copper_chest,RENEWABLE,farmable,87500,31250,100000,82,,2,3,last-15 spread
waxed_weathered_copper_chest,RENEWABLE,farmable,90000,75000,200000,12,,12,15,last-15 spread
waxed_oxidized_copper_chest,RENEWABLE,farmable,156250,11328,300000,50,,40,474,last-15 spread
copper_golem_statue,RENEWABLE,farmable,100000,50000,200000,33,,320,1053,last-15 spread
exposed_copper_golem_statue,RENEWABLE,farmable,250000,100000,750000,23,,10,11,last-15 spread
weathered_copper_golem_statue,RENEWABLE,farmable,500000,100000,999000,44,,10,10,last-15 spread
oxidized_copper_golem_statue,RENEWABLE,farmable,120000,100000,350000,8,,339,1031,last-15 spread
waxed_copper_golem_statue,RENEWABLE,farmable,150000,150000,285000,0,,55,57,last-15 spread
waxed_exposed_copper_golem_statue,RENEWABLE,farmable,150000,100000,400000,17,,3,3,last-15 spread
waxed_weathered_copper_golem_statue,RENEWABLE,farmable,250000,100000,800000,21,,5,5,last-15 spread
waxed_oxidized_copper_golem_statue,RENEWABLE,farmable,60000,50000,150000,10,,24,194,last-15 spread
trial_key,STRUCTURE,trial chamber vault,58900,49000,60000,90,yes,2224,11384,last-15 spread
ominous_trial_key,STRUCTURE,trial chamber (ominous vault),544999,540000,544999,100,yes,4249,7804,last-15 spread
ominous_bottle,RENEWABLE,farmable,150000,78125,150000,100,yes,18773,211097,last-15 spread
