item,stack,order_bid,bid_src,ah_sell_unit,sell_basis,spread,spread_pct,ah_units_per_day,ah_trades_per_day,spread_x_daily_volume,per_stack_profit
netherite_pickaxe,1,200000.0,finance_jun25,20100000.0,tx_median,19900000.0,9950.0,31033,31033,617556700000,19900000
elytra,1,350000000.0,lootseller,358999982.0,tx_median,8999982.0,2.6,3510,3510,31589936820,8999982
netherite_axe,1,50000.0,finance_jun25,2399000.0,tx_median,2349000.0,4698.0,13293,13293,31225257000,2349000
gilded_blackstone,64,401000.0,finance_jun25,1140624.0,tx_median,739624.0,184.4,41679,3188,30826788696,47335936
filled_map,64,1200.0,lootseller,100000.0,tx_median,98800.0,8233.3,293982,237966,29045421600,6323200
trident,1,316000.0,finance_jun25,1790000.0,tx_median,1474000.0,466.5,14697,14697,21663378000,1474000
diamond_pickaxe,1,5300.0,finance_jun25,250000.0,tx_median,244700.0,4617.0,82327,82327,20145416900,244700
netherite_helmet,1,3300000.0,finance_jun25,7000000.0,tx_median,3700000.0,112.1,5398,5398,19972600000,3700000
ominous_bottle,64,1000.0,finance_jun25,78125.0,tx_median,77125.0,7712.5,211097,18773,16280856125,4936000
netherite_leggings,1,4099999.9999999995,finance_jun25,6500000.0,tx_median,2400000.0,58.5,5650,5650,13560000000,2400000
netherite_chestplate,1,5000000.0,finance_jun25,6700000.0,tx_median,1700000.0,34.0,6067,6067,10313900000,1700000
diamond_axe,1,100.0,finance_jun25,350000.0,tx_median,349900.0,349900.0,27512,27512,9626448800,349900
diamond_shovel,1,100.99,finance_jun25,240000.0,tx_median,239899.0,237547.3,30304,30304,7269899599,239899
bow,1,70.0,finance_jun25,250000.0,tx_median,249930.0,357042.9,23823,23823,5954082390,249930
end_crystal,64,15400.0,lootseller,27500.0,tx_median,12100.0,78.6,423402,18141,5123164200,774400
ominous_trial_key,64,200000.0,finance_jun25,544999.0,tx_median,344999.0,172.5,7804,4249,2692372196,22079936
experience_bottle,64,7500.0,lootseller,10000.0,tx_median,2500.0,33.3,1030863,37910,2577157500,160000
netherite_ingot,64,5600000.0,lootseller,6000000.0,tx_median,400000.0,7.1,6212,4726,2484800000,25600000
map,64,3900.0,lootseller,6953.0,tx_median,3053.0,78.3,785373,37807,2397743769,195392
netherite_block,64,50600000.0,lootseller,52000000.0,tx_median,1400000.0,2.8,1548,1476,2167200000,89600000
ender_chest,64,6000.0,lootseller,38000.0,tx_median,32000.0,533.3,67561,19648,2161952000,2048000
netherite_hoe,1,180000.0,finance_jun25,1099000.0,tx_median,919000.0,510.6,2325,2325,2136675000,919000
ancient_debris,64,1300000.0,lootseller,1500000.0,tx_median,200000.0,15.4,10173,2516,2034600000,12800000
tnt,64,1700.0,lootseller,3906.0,tx_median,2206.0,129.8,871838,22975,1923274628,141184
lava_bucket,1,4900.0,finance_jun25,90000.0,tx_median,85100.0,1736.7,20618,20618,1754591800,85100
dragon_head,64,50600000.0,lootseller,51800003.0,tx_median,1200003.0,2.4,1440,1400,1728004320,76800192
emerald_block,64,21100.0,lootseller,27969.0,tx_median,6869.0,32.6,230120,6385,1580694280,439616
sea_lantern,64,1000.0,finance_jun25,9375.0,tx_median,8375.0,837.5,185042,6277,1549726750,536000
item_frame,64,33.0,finance_jun25,4688.0,tx_median,4655.0,14106.1,331371,15166,1542532005,297920
enchanted_golden_apple,64,1500000.0,lootseller,1593750.0,tx_median,93750.0,6.2,16384,2378,1536000000,6000000
lead,64,75.0,finance_jun25,29000.0,tx_median,28925.0,38566.7,48402,4075,1400027850,1851200
beacon,64,149000.0,lootseller,188875.0,tx_median,39875.0,26.8,31906,1835,1272251750,2552000
silence_armor_trim_smithing_template,64,21000.0,finance_jun25,46719.0,tx_median,25719.0,122.5,48805,9278,1255215795,1646016
powered_rail,64,85.0,finance_jun25,4688.0,tx_median,4603.0,5415.3,262086,10102,1206381858,294592
white_banner,16,102.0,finance_jun25,31250.0,tx_median,31148.0,30537.3,38704,7234,1205552192,498368
shulker_box,1,5000.0,lootseller,49900.0,tx_median,44900.0,898.0,26223,26223,1177412700,44900
bookshelf,64,50.0,finance_jun25,8438.0,tx_median,8388.0,16776.0,139465,9926,1169832420,536832
diamond_block,64,44600.0,lootseller,48422.0,tx_median,3822.0,8.6,302490,11476,1156116780,244608
totem_of_undying,1,103000.0,lootseller,150000.0,tx_median,47000.0,45.6,24083,24083,1131901000,47000
flower_pot,64,101.0,finance_jun25,39000.0,tx_median,38899.0,38513.9,26983,2348,1049611717,2489536
deepslate_emerald_ore,64,530000.0,finance_jun25,1071000.0,tx_median,541000.0,102.1,1933,769,1045753000,34624000
flint_and_steel,1,10.0,finance_jun25,70000.0,tx_median,69990.0,699900.0,14523,14523,1016464770,69990
flow_armor_trim_smithing_template,64,22000.0,finance_jun25,100000.0,tx_median,78000.0,354.5,11009,2812,858702000,4992000
axolotl_bucket,1,1100.0,finance_jun25,100000.0,tx_median,98900.0,8990.9,8642,8642,854693800,98900
black_concrete,64,300.0,finance_jun25,2125.0,tx_median,1825.0,608.3,466544,7859,851442800,116800
black_stained_glass,64,690.0,finance_jun25,3125.0,tx_median,2435.0,352.9,347192,5674,845412520,155840
sponge,64,250000.0,lootseller,290469.0,tx_median,40469.0,16.2,20495,2699,829412155,2590016
hay_block,64,2100.0,finance_jun25,35000.0,tx_median,32900.0,1566.7,24944,680,820657600,2105600
polished_blackstone_bricks,64,215.0,finance_jun25,3078.0,tx_median,2863.0,1331.6,286112,4832,819138656,183232
blackstone,64,850.0,lootseller,3125.0,tx_median,2275.0,267.6,351546,5850,799767150,145600
fermented_spider_eye,64,147.1,finance_jun25,9313.0,tx_median,9165.9,6231.1,86755,1752,795187654,586618
hopper,64,1900.0,lootseller,2797.0,tx_median,897.0,47.2,870368,32414,780720096,57408
cooked_porkchop,64,12.2,finance_jun25,935.0,tx_median,922.8,7563.9,840873,13847,775957604,59059
water_bucket,1,571.0,finance_jun25,25000.0,tx_median,24429.0,4278.3,31117,31117,760157193,24429
bread,64,250.0,finance_jun25,2547.0,tx_median,2297.0,918.8,320708,6565,736666276,147008
gray_concrete,64,500.0,finance_jun25,4578.0,tx_median,4078.0,815.6,176123,2847,718229594,260992
wind_charge,64,4300.0,finance_jun25,6250.0,tx_median,1950.0,45.3,366527,9159,714727650,124800
emerald,64,556.0,finance_jun25,3438.0,tx_median,2882.0,518.3,247593,6250,713563026,184448
mud,64,1.0,finance_jun25,3031.0,tx_median,3030.0,303000.0,232764,4212,705274920,193920
glowstone,64,430.0,finance_jun25,2831.0,tx_median,2401.0,558.4,288488,10157,692659688,153664
cooked_beef,64,67.0,finance_jun25,938.0,tx_median,871.0,1300.0,795032,21660,692472872,55744
respawn_anchor,64,17700.0,lootseller,21873.0,tx_median,4173.0,23.6,164388,5522,685991124,267072
polished_blackstone,64,312.0,finance_jun25,3125.0,tx_median,2813.0,901.6,241585,3942,679578605,180032
trial_key,64,1.0,finance_jun25,58900.0,tx_median,58899.0,5889900.0,11384,2224,670506216,3769536
zombie_head,64,230000.0,lootseller,310938.0,tx_median,80938.0,35.2,8211,1407,664581918,5180032
barrel,64,13.0,finance_jun25,3906.0,tx_median,3893.0,29946.2,170346,6782,663156978,249152
coal_block,64,1600.0,lootseller,7031.0,tx_median,5431.0,339.4,119166,3264,647190546,347584
piglin_head,64,408000.0,lootseller,435156.0,tx_median,27156.0,6.7,23798,2882,646258488,1737984
netherite_upgrade_smithing_template,64,9100.0,finance_jun25,49800.0,tx_median,40700.0,447.3,15842,4147,644769400,2604800
carrot,64,90.0,finance_jun25,1406.0,tx_median,1316.0,1462.2,475252,7649,625431632,84224
deepslate_diamond_ore,64,6100.0,finance_jun25,15469.0,tx_median,9369.0,153.6,66587,4755,623853603,599616
breeze_rod,64,15700.0,finance_jun25,27969.0,tx_median,12269.0,78.1,48775,2099,598420475,785216
apple,64,90.0,finance_jun25,2813.0,tx_median,2723.0,3025.6,210916,3801,574324268,174272
cyan_concrete,64,300.0,finance_jun25,6406.0,tx_median,6106.0,2035.3,94026,1516,574122756,390784
white_carpet,64,15.0,finance_jun25,2031.0,tx_median,2016.0,13440.0,284479,4753,573509664,129024
lapis_ore,64,201.0,finance_jun25,99000.0,tx_median,98799.0,49153.7,5800,218,573034200,6323136
oxidized_copper,64,1000.0,finance_jun25,30000.0,tx_median,29000.0,2900.0,19451,380,564079000,1856000
creeper_head,64,206000.0,lootseller,257813.0,tx_median,51813.0,25.2,10836,1606,561445668,3316032
purple_concrete,64,51.0,finance_jun25,4688.0,tx_median,4637.0,9092.2,120570,1955,559083090,296768
chiseled_polished_blackstone,64,30.0,finance_jun25,7031.0,tx_median,7001.0,23336.7,79272,1550,554983272,448064
iron_block,64,2500.0,lootseller,4688.0,tx_median,2188.0,87.5,251217,15090,549662796,140032
black_wool,64,30.0,finance_jun25,2969.0,tx_median,2939.0,9796.7,183946,3041,540617294,188096
golden_carrot,64,400.0,finance_jun25,2953.0,tx_median,2553.0,638.2,211048,5325,538805544,163392
white_concrete,64,152.0,finance_jun25,1462.0,tx_median,1310.0,861.8,409545,6834,536503950,83840
glow_lichen,64,11.0,finance_jun25,1328.0,tx_median,1317.0,11972.7,405230,7910,533687910,84288
wheat_seeds,64,2.4,finance_jun25,1563.0,tx_median,1560.6,65025.0,340584,5771,531515390,99878
red_stained_glass,64,18.0,finance_jun25,2266.0,tx_median,2248.0,12488.9,223708,3544,502895584,143872
netherite_scrap,64,1200000.0,finance_jun25,1500000.0,tx_median,300000.0,25.0,1605,1467,481500000,19200000
name_tag,64,3700.0,finance_jun25,36633.0,tx_median,32933.0,890.1,14536,4565,478714088,2107712
light_blue_concrete,64,400.0,finance_jun25,2813.0,tx_median,2413.0,603.2,197705,3206,477062165,154432
firework_rocket,64,200.0,finance_jun25,1094.0,tx_median,894.0,447.0,532862,9410,476378628,57216
anvil,64,4900.0,finance_jun25,18750.0,tx_median,13850.0,282.7,34190,9110,473531500,886400
red_carpet,64,40.0,finance_jun25,3141.0,tx_median,3101.0,7752.5,151635,2511,470220135,198464
smooth_sandstone,64,31.0,finance_jun25,3750.0,tx_median,3719.0,11996.8,122906,1955,457087414,238016
lapis_lazuli,64,22.0,finance_jun25,1563.0,tx_median,1541.0,7004.5,290225,5179,447236725,98624
gold_block,64,20500.0,lootseller,23438.0,tx_median,2938.0,14.3,151938,5842,446393844,188032
hopper_minecart,1,2000.0,finance_jun25,50000.0,tx_median,48000.0,2400.0,9248,9248,443904000,48000
ender_pearl,16,55.0,lootseller,938.0,tx_median,883.0,1605.5,494027,35849,436225841,14128
gold_ingot,64,600.0,finance_jun25,2813.0,tx_median,2213.0,368.8,196989,5897,435936657,141632
cracked_polished_blackstone_bricks,64,376.0,finance_jun25,3906.0,tx_median,3530.0,938.8,122427,1991,432167310,225920
smoker,64,1.0,finance_jun25,2266.0,tx_median,2265.0,226500.0,186957,3841,423457605,144960
heavy_core,64,3500000.0,lootseller,3899990.0,tx_median,399990.0,11.4,1055,758,421989450,25599360
red_nether_bricks,64,30.0,finance_jun25,7109.0,tx_median,7079.0,23596.7,59457,941,420896103,453056
white_stained_glass,64,310.0,finance_jun25,1250.0,tx_median,940.0,303.2,434788,6964,408700720,60160
black_terracotta,64,11.0,finance_jun25,13594.0,tx_median,13583.0,123481.8,29909,475,406253947,869312
green_glazed_terracotta,64,99.0,finance_jun25,15625.0,tx_median,15526.0,15682.8,25973,490,403256798,993664
chest_minecart,1,1000.0,finance_jun25,50000.0,tx_median,49000.0,4900.0,8192,8192,401408000,49000
white_wool,64,103.0,finance_jun25,1563.0,tx_median,1460.0,1417.5,274007,5798,400050220,93440
dirt,64,12.0,finance_jun25,570.0,tx_median,558.0,4650.0,712590,12938,397625220,35712
amethyst_block,64,300.0,finance_jun25,1563.0,tx_median,1263.0,421.0,313852,6112,396395076,80832
stone,64,14.0,finance_jun25,547.0,tx_median,533.0,3807.1,737837,11820,393267121,34112
pink_terracotta,64,105.0,finance_jun25,15625.0,tx_median,15520.0,14781.0,24191,379,375444320,993280
chipped_anvil,64,1.0,finance_jun25,13855.0,tx_median,13854.0,1385400.0,27016,645,374279664,886656
wheat,64,225.0,finance_jun25,1859.0,tx_median,1634.0,726.2,228627,3800,373576518,104576
black_dye,64,90.0,finance_jun25,2969.0,tx_median,2879.0,3198.9,129661,3101,373294019,184256
nether_wart,64,52.0,finance_jun25,1703.0,tx_median,1651.0,3175.0,221178,3899,365164878,105664
iron_chestplate,1,106.0,finance_jun25,111000.0,tx_median,110894.0,104617.0,3273,3273,362956062,110894
glow_item_frame,64,15.0,finance_jun25,8800.0,tx_median,8785.0,58566.7,40823,2177,358630055,562240
crying_obsidian,64,201.0,finance_jun25,4375.0,tx_median,4174.0,2076.6,85871,2526,358425554,267136
dragon_breath,64,1000.0,finance_jun25,11094.0,tx_median,10094.0,1009.4,35356,917,356883464,646016
potato,64,38.1,finance_jun25,3125.0,tx_median,3086.9,8102.1,115246,1917,355752877,197562
sugar_cane,64,51.0,finance_jun25,810.0,tx_median,759.0,1488.2,467440,8684,354786960,48576
prismarine_bricks,64,1.51,finance_jun25,3906.0,tx_median,3904.5,258575.5,90385,1542,352907329,249887
leather,64,283.0,finance_jun25,1719.0,tx_median,1436.0,507.4,240201,5488,344928636,91904
pufferfish,64,867.0,finance_jun25,21875.0,tx_median,21008.0,2423.1,16412,743,344783296,1344512
crafter,64,3700.0,lootseller,5156.0,tx_median,1456.0,39.4,234042,8329,340765152,93184
blue_ice,64,1300.0,finance_jun25,2961.0,tx_median,1661.0,127.8,205137,4970,340732557,106304
large_fern,64,401000.0,finance_jun25,1700000.0,tx_median,1299000.0,323.9,262,235,340338000,83136000
enchanting_table,64,5000.0,finance_jun25,89995.0,tx_median,84995.0,1699.9,3992,2581,339300040,5439680
armor_stand,16,75.0,finance_jun25,1813.0,tx_median,1738.0,2317.3,195139,12908,339151582,27808
golden_apple,64,14500.0,lootseller,15609.0,tx_median,1109.0,7.6,303957,13709,337088313,70976
smooth_quartz,64,1100.0,finance_jun25,3563.0,tx_median,2463.0,223.9,135301,2249,333246363,157632
black_shulker_box,1,3000.0,finance_jun25,95000.0,tx_median,92000.0,3066.7,3594,3594,330648000,92000
glass,64,280.0,finance_jun25,688.0,tx_median,408.0,145.7,806810,17610,329178480,26112
nether_star,64,111000.0,finance_jun25,180000.0,tx_median,69000.0,62.2,4745,1199,327405000,4416000
cyan_terracotta,64,60.0,finance_jun25,3125.0,tx_median,3065.0,5108.3,105525,1664,323434125,196160
iron_ingot,64,170.0,finance_jun25,677.0,tx_median,507.0,298.2,614588,12891,311596116,32448
torch,64,10.0,finance_jun25,547.0,tx_median,537.0,5370.0,580034,10737,311478258,34368
obsidian,64,601.0,lootseller,1094.0,tx_median,493.0,82.0,630640,23728,310905520,31552
blue_wool,64,70.0,finance_jun25,4688.0,tx_median,4618.0,6597.1,66517,1139,307175506,295552
blue_stained_glass,64,150.0,finance_jun25,1531.0,tx_median,1381.0,920.7,222329,3707,307036349,88384
gray_carpet,64,300.0,finance_jun25,7591.0,tx_median,7291.0,2430.3,41360,679,301555760,466624
charcoal,64,100.0,finance_jun25,703.0,tx_median,603.0,603.0,494965,7819,298463895,38592
purple_stained_glass,64,200.0,finance_jun25,1531.0,tx_median,1331.0,665.5,222331,3629,295922561,85184
medium_amethyst_bud,64,250.0,finance_jun25,100000.0,tx_median,99750.0,39900.0,2962,649,295459500,6384000
turtle_helmet,1,42000.0,finance_jun25,120000.0,tx_median,78000.0,185.7,3767,3767,293826000,78000
ender_eye,64,10.0,finance_jun25,3109.0,tx_median,3099.0,30990.0,94772,2025,293698428,198336
diamond_ore,64,15000.0,finance_jun25,78125.0,tx_median,63125.0,420.8,4612,404,291132500,4040000
warped_stem,64,201.0,finance_jun25,2188.0,tx_median,1987.0,988.6,145634,2384,289374758,127168
purple_concrete_powder,64,25.0,finance_jun25,4688.0,tx_median,4663.0,18652.0,61841,969,288364583,298432
eye_armor_trim_smithing_template,64,6000.0,finance_jun25,84000.0,tx_median,78000.0,1300.0,3673,1478,286494000,4992000
tnt_minecart,1,3500.0,finance_jun25,35000.0,tx_median,31500.0,900.0,9090,9090,286335000,31500
dispenser,64,3000.0,lootseller,4500.0,tx_median,1500.0,50.0,190276,12189,285414000,96000
shield,1,100.0,finance_jun25,19000.0,tx_median,18900.0,18900.0,14720,14720,278208000,18900
deepslate_bricks,64,10.0,finance_jun25,781.0,tx_median,771.0,7710.0,353645,5621,272660295,49344
cake,1,370.0,finance_jun25,150000.0,tx_median,149630.0,40440.5,1808,1808,270531040,149630
ochre_froglight,64,340.0,finance_jun25,3055.0,tx_median,2715.0,798.5,97728,2004,265331520,173760
dark_prismarine,64,350.0,finance_jun25,5469.0,tx_median,5119.0,1462.6,51265,1012,262425535,327616
honey_block,64,1600.0,finance_jun25,5625.0,tx_median,4025.0,251.6,65103,7113,262039575,257600
paper,64,103.0,finance_jun25,625.0,tx_median,522.0,506.8,494320,8072,258035040,33408
bell,64,3000.0,finance_jun25,70000.0,tx_median,67000.0,2233.3,3839,642,257213000,4288000
gray_wool,64,501.1,finance_jun25,3109.0,tx_median,2607.9,520.4,97253,1632,253626099,166906
music_disc_pigstep,1,51000.0,finance_jun25,500000.0,tx_median,449000.0,880.4,563,563,252787000,449000
cobweb,64,500.0,finance_jun25,3125.0,tx_median,2625.0,525.0,95898,3002,251732250,168000
light_gray_concrete,64,350.0,finance_jun25,3281.0,tx_median,2931.0,837.4,85427,1393,250386537,187584
milk_bucket,1,400.0,finance_jun25,30000.0,tx_median,29600.0,7400.0,8353,8353,247248800,29600
music_disc_relic,1,211000.0,finance_jun25,3499999.0,tx_median,3288999.0,1558.8,74,74,243385926,3288999
slime_block,64,160.0,finance_jun25,1075.0,tx_median,915.0,571.9,265477,8925,242911455,58560
tropical_fish_bucket,1,5000.0,finance_jun25,35000.0,tx_median,30000.0,600.0,8026,8026,240780000,30000
shulker_shell,64,2800.0,lootseller,4688.0,tx_median,1888.0,67.4,126728,2180,239262464,120832
powder_snow_bucket,1,2500.0,finance_jun25,25000.0,tx_median,22500.0,900.0,10605,10605,238612500,22500
stone_bricks,64,5.0,finance_jun25,469.0,tx_median,464.0,9280.0,504609,7949,234138576,29696
leather_boots,1,2000.0,finance_jun25,30000.0,tx_median,28000.0,1400.0,8357,8357,233996000,28000
white_bed,1,220.0,finance_jun25,20000.0,tx_median,19780.0,8990.9,11825,11825,233898500,19780
observer,64,1700.0,lootseller,2172.0,tx_median,472.0,27.8,494942,22683,233612624,30208
blue_carpet,64,50.0,finance_jun25,4966.0,tx_median,4916.0,9832.0,47303,767,232541548,314624
campfire,64,750.0,finance_jun25,8594.0,tx_median,7844.0,1045.9,29423,2082,230794012,502016
crafting_table,64,25.0,finance_jun25,625.0,tx_median,600.0,2400.0,383443,13912,230065800,38400
blast_furnace,64,210.0,finance_jun25,5703.0,tx_median,5493.0,2615.7,41752,3495,229343736,351552
waxed_oxidized_copper_bulb,64,305.0,finance_jun25,12500.0,tx_median,12195.0,3998.4,18772,1008,228924540,780480
spruce_log,64,72.0,lootseller,328.0,tx_median,256.0,355.6,889378,15463,227680768,16384
cherry_log,64,128.0,finance_jun25,1500.0,tx_median,1372.0,1071.9,162749,2686,223291628,87808
lime_stained_glass,64,200.0,finance_jun25,1719.0,tx_median,1519.0,759.5,145539,2330,221073741,97216
turtle_scute,64,8200.0,finance_jun25,21873.0,tx_median,13673.0,166.7,15955,993,218152715,875072
quartz,64,310.0,finance_jun25,1641.0,tx_median,1331.0,429.4,161932,3110,215531492,85184
carved_pumpkin,64,142.0,finance_jun25,3438.0,tx_median,3296.0,2321.1,65344,4421,215373824,210944
orange_concrete,64,506.0,finance_jun25,3125.0,tx_median,2619.0,517.6,81795,1321,214221105,167616
iron_door,64,1.0,finance_jun25,19000.0,tx_median,18999.0,1899900.0,11245,1105,213643755,1215936
rib_armor_trim_smithing_template,64,5000.0,finance_jun25,95000.0,tx_median,90000.0,1800.0,2364,1412,212760000,5760000
rotten_flesh,64,1.1,finance_jun25,1250.0,tx_median,1248.9,113536.4,168642,2956,210616994,79930
lime_dye,64,50.0,finance_jun25,1847.0,tx_median,1797.0,3594.0,115827,1837,208141119,115008
amethyst_cluster,64,450.0,finance_jun25,6234.0,tx_median,5784.0,1285.3,35875,2287,207501000,370176
redstone_lamp,64,90.0,finance_jun25,4688.0,tx_median,4598.0,5108.9,44953,2814,206693894,294272
green_terracotta,64,11.0,finance_jun25,3109.0,tx_median,3098.0,28163.6,66215,1072,205134070,198272
bone_block,64,445.0,lootseller,771.0,tx_median,326.0,73.3,625747,11476,203993522,20864
egg,16,28.0,finance_jun25,1250.0,tx_median,1222.0,4364.3,166002,10548,202854444,19552
seagrass,64,10.0,finance_jun25,1078.0,tx_median,1068.0,10680.0,188138,3019,200931384,68352
dune_armor_trim_smithing_template,64,2600.0,finance_jun25,140000.0,tx_median,137400.0,5284.6,1456,1077,200054400,8793600
mud_bricks,64,50.0,finance_jun25,3125.0,tx_median,3075.0,6150.0,64542,1080,198466650,196800
soul_sand,64,85.0,lootseller,781.0,tx_median,696.0,818.8,282456,12778,196589376,44544
piston,64,853.0,lootseller,1328.0,tx_median,475.0,55.7,413236,15960,196287100,30400
cobbled_deepslate,64,10.0,finance_jun25,306.0,tx_median,296.0,2960.0,662928,10773,196226688,18944
light_blue_terracotta,64,20.0,finance_jun25,6250.0,tx_median,6230.0,31150.0,31226,495,194537980,398720
grass_block,64,9.0,finance_jun25,609.0,tx_median,600.0,6666.7,323416,5852,194049600,38400
raw_gold_block,64,2800.0,finance_jun25,37475.0,tx_median,34675.0,1238.4,5544,242,192238200,2219200
copper_block,64,642.0,finance_jun25,4688.0,tx_median,4046.0,630.2,47485,949,192124310,258944
packed_mud,64,400.0,finance_jun25,4672.0,tx_median,4272.0,1068.0,44923,725,191911056,273408
activator_rail,64,1.0,finance_jun25,3125.0,tx_median,3124.0,312400.0,60202,1457,188071048,199936
glass_bottle,64,250.0,finance_jun25,1094.0,tx_median,844.0,337.6,220067,3619,185736548,54016
bucket,16,210.0,finance_jun25,2813.0,tx_median,2603.0,1239.5,70599,5624,183769197,41648
blaze_rod,64,400.0,finance_jun25,773.0,tx_median,373.0,93.2,479819,8004,178972487,23872
goat_horn,1,701.0,finance_jun25,200000.0,tx_median,199299.0,28430.7,897,897,178771203,199299
ladder,64,10.0,finance_jun25,313.0,tx_median,303.0,3030.0,587225,9835,177929175,19392
gray_terracotta,64,670.0,finance_jun25,4828.0,tx_median,4158.0,620.6,42327,674,175995666,266112
bolt_armor_trim_smithing_template,64,4000.0,finance_jun25,98000.0,tx_median,94000.0,2350.0,1855,886,174370000,6016000
green_stained_glass,64,190.0,finance_jun25,1250.0,tx_median,1060.0,557.9,163885,2666,173718100,67840
light_gray_stained_glass,64,701.0,finance_jun25,2328.0,tx_median,1627.0,232.1,105102,1675,171000954,104128
dried_kelp_block,64,500.0,finance_jun25,2000.0,tx_median,1500.0,300.0,113748,3947,170622000,96000
coal,64,200.0,finance_jun25,623.0,tx_median,423.0,211.5,400411,6826,169373853,27072
red_terracotta,64,10.0,finance_jun25,3125.0,tx_median,3115.0,31150.0,53725,890,167353375,199360
tinted_glass,64,122.0,finance_jun25,1528.0,tx_median,1406.0,1152.5,119018,2035,167339308,89984
redstone_block,64,1900.0,lootseller,2969.0,tx_median,1069.0,56.3,154981,9687,165674689,68416
cooked_chicken,64,1.0,finance_jun25,1563.0,tx_median,1562.0,156200.0,105849,1942,165336138,99968
blue_concrete,64,500.0,finance_jun25,1547.0,tx_median,1047.0,209.4,157005,2918,164384235,67008
jukebox,64,2000.0,finance_jun25,30000.0,tx_median,28000.0,1400.0,5808,1502,162624000,1792000
bone,64,137.0,lootseller,703.0,tx_median,566.0,413.1,286684,4790,162263144,36224
gray_glazed_terracotta,64,56.7,finance_jun25,8856.0,tx_median,8799.3,15519.0,18381,301,161739933,563155
ink_sac,64,151.0,finance_jun25,3422.0,tx_median,3271.0,2166.2,48651,1325,159137421,209344
oak_log,64,85.06,finance_jun25,625.0,tx_median,539.9,634.8,292085,5428,157708375,34556
cyan_dye,64,50.01,finance_jun25,2328.0,tx_median,2278.0,4555.1,68518,1278,156083319,145791
tuff,64,1.0,finance_jun25,750.0,tx_median,749.0,74900.0,208020,3465,155806980,47936
piglin_banner_pattern,1,62000.0,finance_jun25,899000.0,tx_median,837000.0,1350.0,182,182,152334000,837000
honeycomb,64,100.0,finance_jun25,1555.0,tx_median,1455.0,1455.0,104145,1877,151530975,93120
andesite,64,11.0,finance_jun25,1563.0,tx_median,1552.0,14109.1,96696,1683,150072192,99328
white_shulker_box,1,805.0,finance_jun25,60000.0,tx_median,59195.0,7353.4,2530,2530,149763350,59195
cauldron,64,101.0,finance_jun25,4375.0,tx_median,4274.0,4231.7,34990,1896,149547260,273536
cyan_candle,64,61.0,finance_jun25,19480.0,tx_median,19419.0,31834.4,7580,160,147196020,1242816
oak_leaves,64,6.0,finance_jun25,469.0,tx_median,463.0,7716.7,317418,5161,146964534,29632
dead_horn_coral_fan,64,650.0,finance_jun25,17188.0,tx_median,16538.0,2544.3,8830,799,146030540,1058432
cracked_deepslate_bricks,64,70.0,finance_jun25,4688.0,tx_median,4618.0,6597.1,31168,494,143933824,295552
stick,64,5.0,finance_jun25,313.0,tx_median,308.0,6160.0,466981,8234,143830148,19712
black_glazed_terracotta,64,1.0,finance_jun25,3477.0,tx_median,3476.0,347600.0,41310,745,143593560,222464
wet_sponge,64,241000.0,lootseller,350000.0,tx_median,109000.0,45.2,1305,536,142245000,6976000
chiseled_bookshelf,64,1.0,finance_jun25,2875.0,tx_median,2874.0,287400.0,48952,1046,140688048,183936
emerald_ore,64,3100.0,finance_jun25,39000.0,tx_median,35900.0,1158.1,3882,358,139363800,2297600
raw_gold,64,100.0,finance_jun25,3333.0,tx_median,3233.0,3233.0,42592,1631,137699936,206912
tripwire_hook,64,51.0,finance_jun25,1547.0,tx_median,1496.0,2933.3,90120,3150,134819520,95744
iron_pickaxe,1,101.0,finance_jun25,10000.0,tx_median,9899.0,9801.0,13585,13585,134477915,9899
bee_nest,64,15000.0,finance_jun25,100000.0,tx_median,85000.0,566.7,1571,1341,133535000,5440000
magma_cream,64,37.0,finance_jun25,3438.0,tx_median,3401.0,9191.9,38984,711,132584584,217664
white_candle,64,80.0,finance_jun25,4688.0,tx_median,4608.0,5760.0,28616,777,131862528,294912
red_shulker_box,1,555.0,finance_jun25,65000.0,tx_median,64445.0,11611.7,2033,2033,131016685,64445
pink_wool,64,160.0,finance_jun25,2188.0,tx_median,2028.0,1267.5,64510,1099,130826280,129792
soul_lantern,64,250.0,finance_jun25,3109.0,tx_median,2859.0,1143.6,43698,2362,124932582,182976
blue_shulker_box,1,1000.0,finance_jun25,75000.0,tx_median,74000.0,7400.0,1619,1619,119806000,74000
dropper,64,236.0,lootseller,780.0,tx_median,544.0,230.5,219275,6550,119285600,34816
rail,64,1.0,finance_jun25,309.0,tx_median,308.0,30800.0,386155,8657,118935740,19712
smooth_quartz_stairs,64,125.0,finance_jun25,4672.0,tx_median,4547.0,3637.6,25995,538,118199265,291008
smooth_stone,64,80.0,finance_jun25,303.0,tx_median,223.0,278.8,522372,8271,116488956,14272
black_candle,64,650.0,finance_jun25,7813.0,tx_median,7163.0,1102.0,15978,406,114450414,458432
shears,1,11.0,finance_jun25,15000.0,tx_median,14989.0,136263.6,7534,7534,112927126,14989
lapis_block,64,700.0,lootseller,1875.0,tx_median,1175.0,167.9,96025,2051,112829375,75200
dark_oak_leaves,64,150.0,finance_jun25,3115.0,tx_median,2965.0,1976.7,37502,602,111193430,189760
pumpkin,64,70.0,finance_jun25,1203.0,tx_median,1133.0,1618.6,97016,2148,109919128,72512
cracked_stone_bricks,64,13.0,finance_jun25,2969.0,tx_median,2956.0,22738.5,36079,574,106649524,189184
repeater,64,1200.0,lootseller,1641.0,tx_median,441.0,36.8,240365,13457,106000965,28224
ghast_tear,64,10000.0,lootseller,15600.0,tx_median,5600.0,56.0,18820,634,105392000,358400
beef,64,24.2,finance_jun25,1563.0,tx_median,1538.8,6358.7,68059,1174,104729189,98483
deepslate_lapis_ore,64,30.0,finance_jun25,6641.0,tx_median,6611.0,22036.7,15454,592,102166394,423104
skeleton_skull,64,202000.0,lootseller,216914.0,tx_median,14914.0,7.4,6719,1411,100207166,954496
golden_horse_armor,1,901.0,finance_jun25,97000.0,tx_median,96099.0,10665.8,1022,1022,98213178,96099
mossy_cobblestone,64,24.0,finance_jun25,781.0,tx_median,757.0,3154.2,129014,2071,97663598,48448
blue_glazed_terracotta,64,270.0,finance_jun25,4219.0,tx_median,3949.0,1462.6,24675,428,97441575,252736
ice,64,452.0,finance_jun25,781.0,tx_median,329.0,72.8,295168,4741,97110272,21056
cartography_table,64,42.0,finance_jun25,20000.0,tx_median,19958.0,47519.0,4830,1274,96397140,1277312
sweet_berries,64,23.9,finance_jun25,273.0,tx_median,249.1,1042.3,381030,6378,94914573,15942
verdant_froglight,64,101.0,finance_jun25,1563.0,tx_median,1462.0,1447.5,64505,1627,94306310,93568
copper_bulb,64,250.0,finance_jun25,1953.0,tx_median,1703.0,681.2,55262,2415,94111186,108992
note_block,64,453.0,finance_jun25,938.0,tx_median,485.0,107.1,193919,7826,94050715,31040
stripped_oak_wood,64,167.0,finance_jun25,8984.0,tx_median,8817.0,5279.6,10666,173,94042122,564288
salmon,64,2.0,finance_jun25,6641.0,tx_median,6639.0,331950.0,14056,323,93317784,424896
string,64,72.0,finance_jun25,625.0,tx_median,553.0,768.1,167401,3226,92572753,35392
blaze_powder,64,30.0,finance_jun25,859.0,tx_median,829.0,2763.3,111079,1883,92084491,53056
deepslate_gold_ore,64,300.0,finance_jun25,6250.0,tx_median,5950.0,1983.3,15442,868,91879900,380800
sticky_piston,64,786.0,lootseller,1211.0,tx_median,425.0,54.1,214402,11586,91120850,27200
cyan_shulker_box,1,314.0,finance_jun25,79000.0,tx_median,78686.0,25059.2,1148,1148,90331528,78686
minecart,1,460.0,finance_jun25,12000.0,tx_median,11540.0,2508.7,7727,7727,89169580,11540
moss_block,64,8.1,finance_jun25,188.0,tx_median,179.9,2221.0,494994,7930,89049421,11514
oak_wood,64,50.9,finance_jun25,3281.0,tx_median,3230.1,6346.0,27104,442,87548630,206726
blue_terracotta,64,60.0,finance_jun25,2344.0,tx_median,2284.0,3806.7,38240,611,87340160,146176
waxed_copper_block,64,505.01,finance_jun25,3398.0,tx_median,2893.0,572.9,29434,601,85152268,185151
pufferfish_bucket,1,3000.0,finance_jun25,100000.0,tx_median,97000.0,3233.3,868,868,84196000,97000
smooth_stone_slab,64,15.1,finance_jun25,391.0,tx_median,375.9,2489.4,222467,3557,83625345,24058
dark_oak_wood,64,25.0,finance_jun25,15625.0,tx_median,15600.0,62400.0,5317,89,82945200,998400
cherry_leaves,64,1.0,finance_jun25,469.0,tx_median,468.0,46800.0,177129,2858,82896372,29952
compass,64,700.0,finance_jun25,4688.0,tx_median,3988.0,569.7,20766,2260,82814808,255232
raiser_armor_trim_smithing_template,64,5000.0,finance_jun25,200000.0,tx_median,195000.0,3900.0,422,238,82290000,12480000
copper_ingot,64,63.0,finance_jun25,625.0,tx_median,562.0,892.1,144234,2552,81059508,35968
deepslate_coal_ore,64,1100.0,finance_jun25,30000.0,tx_median,28900.0,2627.3,2800,470,80920000,1849600
baked_potato,64,20.0,finance_jun25,1563.0,tx_median,1543.0,7715.0,51905,955,80089415,98752
wither_rose,64,1.0,finance_jun25,2891.0,tx_median,2890.0,289000.0,27363,967,79079070,184960
tide_armor_trim_smithing_template,64,12000.0,finance_jun25,90000.0,tx_median,78000.0,650.0,1011,518,78858000,4992000
pink_glazed_terracotta,64,50.0,finance_jun25,4297.0,tx_median,4247.0,8494.0,18408,306,78178776,271808
iron_horse_armor,1,300.0,finance_jun25,90000.0,tx_median,89700.0,29900.0,858,858,76962600,89700
packed_ice,64,296.0,finance_jun25,436.0,tx_median,140.0,47.3,548781,8782,76829340,8960
sentry_armor_trim_smithing_template,64,2500.0,finance_jun25,99000.0,tx_median,96500.0,3860.0,795,291,76717500,6176000
nether_quartz_ore,64,501.2,finance_jun25,5039.0,tx_median,4537.8,905.4,16678,463,75681428,290419
glowstone_dust,64,10.0,finance_jun25,781.0,tx_median,771.0,7710.0,95056,2295,73288176,49344
flint,64,5.1,finance_jun25,1563.0,tx_median,1557.9,30547.1,46833,1749,72961131,99706
stone_pickaxe,1,4.0,finance_jun25,10000.0,tx_median,9996.0,249900.0,7270,7270,72670920,9996
lime_concrete_powder,64,90.0,finance_jun25,1875.0,tx_median,1785.0,1983.3,40454,655,72210390,114240
raw_iron_block,64,1100.0,finance_jun25,8953.0,tx_median,7853.0,713.9,9111,336,71548683,502592
green_wool,64,501.1,finance_jun25,1563.0,tx_median,1061.9,211.9,67024,1118,71172786,67962
snout_armor_trim_smithing_template,64,3000.0,finance_jun25,119999.0,tx_median,116999.0,3900.0,606,412,70901394,7487936
gravel,64,10.0,finance_jun25,430.0,tx_median,420.0,4200.0,165594,2915,69549480,26880
crimson_hyphae,64,800.0,finance_jun25,4688.0,tx_median,3888.0,486.0,17585,284,68370480,248832
flowering_azalea_leaves,64,251.0,finance_jun25,1875.0,tx_median,1624.0,647.0,41910,1152,68061840,103936
wayfinder_armor_trim_smithing_template,64,5000.0,finance_jun25,199000.0,tx_median,194000.0,3880.0,349,228,67706000,12416000
porkchop,64,16.0,finance_jun25,1328.0,tx_median,1312.0,8200.0,50784,944,66628608,83968
magma_block,64,40.0,finance_jun25,391.0,tx_median,351.0,877.5,189409,3410,66482559,22464
chainmail_boots,1,25.0,finance_jun25,89000.0,tx_median,88975.0,355900.0,736,736,65485600,88975
wild_armor_trim_smithing_template,64,8500.0,finance_jun25,78125.0,tx_median,69625.0,819.1,901,610,62732125,4456000
comparator,64,2600.0,lootseller,3109.0,tx_median,509.0,19.6,122328,8689,62264952,32576
stone_sword,1,17.0,finance_jun25,19000.0,tx_median,18983.0,111664.7,3249,3249,61675767,18983
bamboo_block,64,133.0,lootseller,594.0,tx_median,461.0,346.6,133218,2235,61413498,29504
sculk_catalyst,64,100.0,finance_jun25,11000.0,tx_median,10900.0,10900.0,5632,393,61388800,697600
deepslate_redstone_ore,64,206.02,finance_jun25,2656.0,tx_median,2450.0,1189.2,24543,898,60129859,156799
purple_shulker_box,1,504.0,finance_jun25,90000.0,tx_median,89496.0,17757.1,665,665,59514840,89496
gold_nugget,64,33.0,finance_jun25,1133.0,tx_median,1100.0,3333.3,53189,1040,58507900,70400
stripped_dark_oak_wood,64,191.0,finance_jun25,14844.0,tx_median,14653.0,7671.7,3976,66,58260328,937792
sea_pickle,64,3.0,finance_jun25,156.0,tx_median,153.0,5100.0,369936,5945,56600208,9792
spruce_planks,64,32.0,finance_jun25,156.0,tx_median,124.0,387.5,453483,7303,56231892,7936
oak_trapdoor,64,4.0,finance_jun25,703.0,tx_median,699.0,17475.0,80148,3198,56023452,44736
wooden_sword,1,5.0,finance_jun25,50000.0,tx_median,49995.0,999900.0,1110,1110,55494450,49995
tadpole_bucket,1,3000.0,finance_jun25,115000.0,tx_median,112000.0,3733.3,495,495,55440000,112000
glow_ink_sac,64,404.1,finance_jun25,1328.0,tx_median,923.9,228.6,59963,4531,55399816,59130
gunpowder,64,47.0,finance_jun25,266.0,tx_median,219.0,466.0,252431,5054,55282389,14016
melon,64,27.5,finance_jun25,1563.0,tx_median,1535.5,5583.6,35758,628,54906409,98272
white_terracotta,64,28.0,finance_jun25,859.0,tx_median,831.0,2967.9,63018,1045,52367958,53184
detector_rail,64,300.0,finance_jun25,3125.0,tx_median,2825.0,941.7,18336,1065,51799200,180800
birch_log,64,160.0,finance_jun25,859.0,tx_median,699.0,436.9,73998,1399,51724602,44736
oak_planks,64,52.0,finance_jun25,305.0,tx_median,253.0,486.5,197728,3226,50025184,16192
cookie,64,10.0,finance_jun25,694.0,tx_median,684.0,6840.0,72952,1195,49899168,43776
stone_axe,1,5.0,finance_jun25,12000.0,tx_median,11995.0,239900.0,3948,3948,47356260,11995
raw_iron,64,121.0,finance_jun25,1250.0,tx_median,1129.0,933.1,41400,1526,46740600,72256
spruce_wood,64,150.0,finance_jun25,1563.0,tx_median,1413.0,942.0,32882,527,46462266,90432
wooden_shovel,1,11.0,finance_jun25,100000.0,tx_median,99989.0,908990.9,463,463,46294907,99989
slime_ball,64,40.0,finance_jun25,469.0,tx_median,429.0,1072.5,107749,1882,46224321,27456
blue_candle,64,210.0,finance_jun25,9375.0,tx_median,9165.0,4364.3,4932,121,45201780,586560
chiseled_stone_bricks,64,16.0,finance_jun25,766.0,tx_median,750.0,4687.5,60212,961,45159000,48000
cornflower,64,1.0,finance_jun25,4170.0,tx_median,4169.0,416900.0,9960,592,41523240,266816
light_blue_shulker_box,1,700.0,finance_jun25,50000.0,tx_median,49300.0,7042.9,824,824,40623200,49300
spyglass,1,46.0,finance_jun25,20000.0,tx_median,19954.0,43378.3,1964,1964,39189656,19954
oak_sign,16,12.0,finance_jun25,625.0,tx_median,613.0,5108.3,63466,7071,38904658,9808
melon_slice,64,10.0,finance_jun25,469.0,tx_median,459.0,4590.0,83226,1525,38200734,29376
chainmail_leggings,1,60.0,finance_jun25,50000.0,tx_median,49940.0,83233.3,740,740,36955600,49940
dark_oak_log,64,100.0,finance_jun25,312.0,tx_median,212.0,212.0,170443,2799,36133916,13568
heart_of_the_sea,64,20100.0,finance_jun25,48386.0,tx_median,28286.0,140.7,1239,454,35046354,1810304
dark_oak_sapling,64,111.0,finance_jun25,4688.0,tx_median,4577.0,4123.4,7648,256,35004896,292928
brown_terracotta,64,500.0,finance_jun25,1172.0,tx_median,672.0,134.4,50422,814,33883584,43008
pink_petals,64,6.0,lootseller,297.0,tx_median,291.0,4850.0,108244,1779,31499004,18624
chorus_fruit,64,20.0,finance_jun25,234.0,tx_median,214.0,1070.0,145890,2577,31220460,13696
candle,64,100.0,finance_jun25,1094.0,tx_median,994.0,994.0,29622,836,29444268,63616
acacia_boat,1,250.0,finance_jun25,100000.0,tx_median,99750.0,39900.0,292,292,29127000,99750
acacia_log,64,142.5,finance_jun25,998.0,tx_median,855.5,600.4,33522,609,28678071,54752
bamboo,64,14.0,lootseller,93.8,tx_median,79.8,569.6,350849,5824,27980208,5104
magenta_terracotta,64,3000.0,finance_jun25,4688.0,tx_median,1688.0,56.3,16573,263,27975224,108032
gold_ore,64,307.0,finance_jun25,7500.0,tx_median,7193.0,2343.0,3801,209,27340593,460352
coal_ore,64,105.0,finance_jun25,1484.0,tx_median,1379.0,1313.3,19131,656,26381649,88256
stonecutter,64,1.1,finance_jun25,2031.0,tx_median,2029.9,184536.4,12955,2217,26297354,129914
orange_shulker_box,1,2.0,finance_jun25,40000.0,tx_median,39998.0,1999900.0,625,625,24998750,39998
lime_shulker_box,1,1.0,finance_jun25,40000.0,tx_median,39999.0,3999900.0,610,610,24399390,39999
chainmail_helmet,1,27.0,finance_jun25,39000.0,tx_median,38973.0,144344.4,593,593,23110989,38973
jungle_log,64,66.0,finance_jun25,547.0,tx_median,481.0,728.8,47753,1115,22969193,30784
pink_tulip,64,46.2,finance_jun25,4617.0,tx_median,4570.8,9893.5,4809,178,21980977,292531
brown_bed,1,1.0,finance_jun25,111430.0,tx_median,111429.0,11142900.0,188,188,20948652,111429
honey_bottle,16,375.0,finance_jun25,10000.0,tx_median,9625.0,2566.7,2125,364,20453125,154000
glistering_melon_slice,64,150.0,finance_jun25,2083.0,tx_median,1933.0,1288.7,9897,282,19130901,123712
acacia_wood,64,50.0,finance_jun25,7656.0,tx_median,7606.0,15212.0,2420,44,18406520,486784
raw_copper,64,50.0,finance_jun25,259.0,tx_median,209.0,418.0,86657,1817,18111313,13376
nether_gold_ore,64,200.0,finance_jun25,3444.0,tx_median,3244.0,1622.0,5555,213,18020420,207616
chicken,64,18.0,finance_jun25,1563.0,tx_median,1545.0,8583.3,11641,385,17985345,98880
prismarine_crystals,64,75.0,finance_jun25,1563.0,tx_median,1488.0,1984.0,11085,277,16494480,95232
dried_kelp,64,50.0,finance_jun25,156.0,tx_median,106.0,212.0,154520,2506,16379120,6784
torchflower_seeds,64,1200.0,finance_jun25,2344.0,tx_median,1144.0,95.3,14145,358,16181880,73216
prismarine_shard,64,23.0,finance_jun25,1172.0,tx_median,1149.0,4995.7,13677,241,15714873,73536
beetroot,64,25.0,finance_jun25,1563.0,tx_median,1538.0,6152.0,9728,178,14961664,98432
brown_mushroom,64,10.0,finance_jun25,469.0,tx_median,459.0,4590.0,32223,1172,14790357,29376
echo_shard,64,2000.0,finance_jun25,4051.0,tx_median,2051.0,102.5,7175,351,14715925,131264
creaking_heart,64,1200.0,lootseller,4063.0,tx_median,2863.0,238.6,4927,246,14106001,183232
chainmail_chestplate,1,25.1,finance_jun25,20000.0,tx_median,19974.9,79581.3,638,638,12743986,19975
light_gray_terracotta,64,350.0,finance_jun25,781.0,tx_median,431.0,123.1,28925,505,12466675,27584
tall_dry_grass,64,28.0,lootseller,781.0,tx_median,753.0,2689.3,15809,403,11904177,48192
red_sand,64,253.01,finance_jun25,469.0,tx_median,216.0,85.4,54237,908,11714650,13823
phantom_membrane,64,3600.0,finance_jun25,6600.0,tx_median,3000.0,83.3,3847,511,11541000,192000
rabbit,64,110.0,finance_jun25,10000.0,tx_median,9890.0,8990.9,1140,151,11274600,632960
cocoa_beans,64,26.0,finance_jun25,391.0,tx_median,365.0,1403.8,28474,661,10393010,23360
mutton,64,180.0,finance_jun25,3000.0,tx_median,2820.0,1566.7,3206,215,9040920,180480
leaf_litter,64,20.0,lootseller,1563.0,tx_median,1543.0,7715.0,5206,97,8032858,98752
azure_bluet,64,1.0,finance_jun25,1133.0,tx_median,1132.0,113200.0,5219,230,5907908,72448
wooden_hoe,1,100.0,finance_jun25,25000.0,tx_median,24900.0,24900.0,219,219,5453100,24900
acacia_planks,64,45.0,finance_jun25,430.0,tx_median,385.0,855.6,13690,237,5270650,24640
allium,64,1.0,finance_jun25,1000.0,tx_median,999.0,99900.0,5157,184,5151843,63936
deepslate_copper_ore,64,32.0,finance_jun25,3759.0,tx_median,3727.0,11646.9,1227,57,4573029,238528
bush,64,51.0,lootseller,9375.0,tx_median,9324.0,18282.4,442,10,4121208,596736
acacia_button,64,1.0,finance_jun25,2000.0,tx_median,1999.0,199900.0,1595,133,3188405,127936
short_dry_grass,64,500.0,lootseller,1164.0,tx_median,664.0,132.8,2877,75,1910328,42496
rabbit_hide,64,13.1,finance_jun25,625.0,tx_median,611.9,4671.0,865,167,529294,39162
poisonous_potato,64,30.1,finance_jun25,156.0,tx_median,125.9,418.3,1137,185,143148,8058
deepslate_tiles,64,5.0,finance_jun25,781.2,stack_avg/last,776.2,15525.0,0,0,0,49680
quartz_block,64,1100.0,finance_jun25,4687.5,stack_avg/last,3587.5,326.1,0,0,0,229600
redstone_torch,64,203.0,finance_jun25,18000.0,stack_avg/last,17797.0,8767.0,0,0,0,1139008
wither_skeleton_skull,64,31000.0,lootseller,35921.9,stack_avg/last,4921.9,15.9,0,0,0,315000
rabbit_foot,64,12000.0,finance_jun25,11465.0,tx_median,-535.0,-4.5,2050,286,-1096750,-34240
terracotta,64,500.0,finance_jun25,469.0,tx_median,-31.0,-6.2,63301,1082,-1962331,-1984
turtle_egg,64,10000.0,finance_jun25,9375.0,tx_median,-625.0,-6.2,45457,3444,-28410625,-40000
target,64,5150.0,finance_jun25,4375.0,tx_median,-775.0,-15.0,56323,2558,-43650325,-49600
sniffer_egg,64,20000.0,finance_jun25,9450.0,tx_median,-10550.0,-52.8,8090,976,-85349500,-675200
shroomlight,64,2100.0,finance_jun25,1172.0,tx_median,-928.0,-44.2,93015,1958,-86317920,-59392
mace,1,7300000.0,lootseller,5500000.0,tx_median,-1800000.0,-24.7,11164,11164,-20095200000,-1800000
